id,title_zh,title_en,title_ja,is_cross_region,platforms,publishers,japan_release,north_america_release,europe_release,wiki_url,bilibili_video_title,bilibili_timestamp,bilibili_url
donkey-kong,大金刚,Donkey Kong,ドンキーコング,是,FC/FDS/NES,任天堂 / ボーステック,1983年7月15日,1986年6月1日,1986年10月15日,https://zh.wikipedia.org/wiki/%E5%A4%A7%E9%87%91%E5%88%9A_(%E6%B8%B8%E6%88%8F),【雷文】红白机游戏终极鉴赏01期-1983年 | 4K,03:08,https://www.bilibili.com/video/BV1BvAReEEig/?t=188
donkey-kong-jr,大金刚Jr.,Donkey Kong Jr.,ドンキーコングJR.,是,FC/FDS/NES,任天堂,1983年7月15日,1986年6月,1987年6月15日,https://zh.wikipedia.org/wiki/%E5%A4%A7%E9%87%91%E5%88%9AJr.,【雷文】红白机游戏终极鉴赏01期-1983年 | 4K,06:27,https://www.bilibili.com/video/BV1BvAReEEig/?t=387
popeye,大力水手,Popeye,ポパイ,是,FC/NES,任天堂,1983年7月15日,1986年6月,1986年9月1日,https://zh.wikipedia.org/wiki/%E5%A4%A7%E5%8A%9B%E6%B0%B4%E6%89%8B_(%E6%B8%B8%E6%88%8F),【雷文】红白机游戏终极鉴赏01期-1983年 | 4K,08:46,https://www.bilibili.com/video/BV1BvAReEEig/?t=526
gomoku-narabe-renju,五子连珠,Gomoku Narabe Renju,五目ならべ 連珠,否,FC,任天堂,1983年8月27日,,,https://zh.wikipedia.org/wiki/%E4%BA%94%E5%AD%90%E8%BF%9E%E7%8F%A0_(%E7%94%B5%E5%AD%90%E6%B8%B8%E6%88%8F),【雷文】红白机游戏终极鉴赏01期-1983年 | 4K,11:19,https://www.bilibili.com/video/BV1BvAReEEig/?t=679
mahjong,麻将,Mahjong,麻雀,否,FC/FDS,任天堂,1983年8月27日,,,https://zh.wikipedia.org/wiki/%E9%BA%BB%E5%B0%87_(1983%E5%B9%B4%E9%81%8A%E6%88%B2),【雷文】红白机游戏终极鉴赏01期-1983年 | 4K,12:46,https://www.bilibili.com/video/BV1BvAReEEig/?t=766
mario-bros,马力欧兄弟,Mario Bros.,マリオブラザーズ,是,FC/NES,任天堂,1983年9月9日,1986年6月,1986年9月1日,https://zh.wikipedia.org/wiki/%E9%A9%AC%E9%87%8C%E5%A5%A5%E5%85%84%E5%BC%9F,【雷文】红白机游戏终极鉴赏01期-1983年 | 4K,14:54,https://www.bilibili.com/video/BV1BvAReEEig/?t=894
popeye-no-eigo-asobi,大力水手学英语,Popeye no Eigo Asobi,ポパイの英語遊び,否,FC,任天堂,1983年11月22日,,,https://zh.wikipedia.org/wiki/%E5%A4%A7%E5%8A%9B%E6%B0%B4%E6%89%8B%E5%AD%A6%E8%8B%B1%E8%AF%AD,【雷文】红白机游戏终极鉴赏01期-1983年 | 4K,18:10,https://www.bilibili.com/video/BV1BvAReEEig/?t=1090
baseball,棒球,Baseball,ベースボール,是,FC/FDS/NES,任天堂,1983年12月7日,1985年10月18日,1986年9月1日,https://zh.wikipedia.org/wiki/%E6%A3%92%E7%90%83_(%E6%B8%B8%E6%88%8F),【雷文】红白机游戏终极鉴赏01期-1983年 | 4K,19:54,https://www.bilibili.com/video/BV1BvAReEEig/?t=1194
donkey-kong-jr-math,小金刚算数,Donkey Kong Jr. Math,ドンキーコングJR.の算数遊び,是,FC/NES,任天堂,1983年12月12日,1985年10月18日,1986年,https://zh.wikipedia.org/wiki/%E5%B0%8F%E9%87%91%E5%89%9B%E7%AE%97%E6%95%B8,【雷文】红白机游戏终极鉴赏01期-1983年 | 4K,22:08,https://www.bilibili.com/video/BV1BvAReEEig/?t=1328
tennis,网球,Tennis,テニス,是,FC/FDS/NES,任天堂,1984年1月14日,1985年10月18日,1986年9月1日,https://zh.wikipedia.org/wiki/%E7%BD%91%E7%90%83_(%E6%B8%B8%E6%88%8F),【雷文】红白机游戏终极鉴赏02期-1984年·上 | 4K,01:06,https://www.bilibili.com/video/BV1rz9AYHEaz/?t=66
pinball,弹珠台,Pinball,ピンボール,是,FC/FDS/NES,任天堂,1984年2月2日,1985年10月18日,1986年9月1日,https://zh.wikipedia.org/wiki/%E5%BC%B9%E7%8F%A0%E5%8F%B0_(%E7%94%B5%E5%AD%90%E6%B8%B8%E6%88%8F),【雷文】红白机游戏终极鉴赏02期-1984年·上 | 4K,03:00,https://www.bilibili.com/video/BV1rz9AYHEaz/?t=180
wild-gunman,荒野枪手,Wild Gunman,ワイルドガンマン,是,FC/NES,任天堂,1984年2月18日,1985年10月18日,1988年2月15日,https://zh.wikipedia.org/wiki/%E8%8D%92%E9%87%8E%E6%9E%AA%E6%89%8B,【雷文】红白机游戏终极鉴赏02期-1984年·上 | 4K,04:54,https://www.bilibili.com/video/BV1rz9AYHEaz/?t=294
duck-hunt,打鸭子,Duck Hunt,ダックハント,是,FC/NES,任天堂,1984年4月21日,1985年10月18日,1987年8月15日,https://zh.wikipedia.org/wiki/%E6%89%93%E9%B8%AD%E5%AD%90,【雷文】红白机游戏终极鉴赏02期-1984年·上 | 4K,06:30,https://www.bilibili.com/video/BV1rz9AYHEaz/?t=390
golf,高尔夫,Golf,ゴルフ,是,FC/FDS/NES,任天堂,1984年5月1日,1985年10月18日,1986年11月15日,https://zh.wikipedia.org/wiki/%E9%AB%98%E5%B0%94%E5%A4%AB_(%E6%B8%B8%E6%88%8F),【雷文】红白机游戏终极鉴赏02期-1984年·上 | 4K,08:16,https://www.bilibili.com/video/BV1rz9AYHEaz/?t=496
hogan-s-alley,警技射击,Hogan's Alley,ホーガンズアレイ,是,FC/NES,任天堂,1984年6月12日,1985年10月18日,1987年12月15日,https://zh.wikipedia.org/wiki/%E8%AD%A6%E6%8A%80%E5%B0%84%E5%87%BB,【雷文】红白机游戏终极鉴赏02期-1984年·上 | 4K,10:39,https://www.bilibili.com/video/BV1rz9AYHEaz/?t=639
basic-family,家用BASIC语言,Basic Family,ファミリーベーシック,否,FC,任天堂,1984年6月21日,,,,【雷文】红白机游戏终极鉴赏03期-1984年·下 | 4K,01:02,https://www.bilibili.com/video/BV1bC9iYZEqZ/?t=62
donkey-kong-3,大金刚3,Donkey Kong 3,ドンキーコング3,是,FC/NES,任天堂,1984年7月4日,1986年6月,1987年9月,https://zh.wikipedia.org/wiki/%E5%A4%A7%E9%87%91%E5%88%9A3,【雷文】红白机游戏终极鉴赏02期-1984年·上 | 4K,12:20,https://www.bilibili.com/video/BV1rz9AYHEaz/?t=740
nuts-milk,牛奶与花生/爱的小屋,Nuts & Milk,ナッツ&ミルク,否,FC,Hudson Soft,1984年7月28日,,,https://zh.wikipedia.org/wiki/%E7%89%9B%E5%A5%B6%E4%B8%8E%E8%8A%B1%E7%94%9F,【雷文】红白机游戏终极鉴赏02期-1984年·上 | 4K,13:56,https://www.bilibili.com/video/BV1rz9AYHEaz/?t=836
lode-runner,淘金者,Lode Runner,ロードランナー,是,FC/NES,Brøderbund / Hudson Soft,1984年7月31日,1987年9月,,https://zh.wikipedia.org/wiki/%E6%B7%98%E9%87%91%E8%80%85_(%E6%B8%B8%E6%88%8F),【雷文】红白机游戏终极鉴赏02期-1984年·上 | 4K,16:07,https://www.bilibili.com/video/BV1rz9AYHEaz/?t=967
galaxian,小蜜蜂,Galaxian,ギャラクシアン,否,FC/FDS,南梦宫,1984年9月7日,,,https://zh.wikipedia.org/wiki/%E5%B0%8F%E8%9C%9C%E8%9C%82_(%E6%B8%B8%E6%88%8F),【雷文】红白机游戏终极鉴赏02期-1984年·上 | 4K,18:22,https://www.bilibili.com/video/BV1rz9AYHEaz/?t=1102
devil-world,恶魔世界,Devil World,デビルワールド,是,FC/NES,任天堂,1984年10月5日,,1987年7月15日,https://zh.wikipedia.org/wiki/%E6%81%B6%E9%AD%94%E4%B8%96%E7%95%8C,【雷文】红白机游戏终极鉴赏03期-1984年·下 | 4K,02:20,https://www.bilibili.com/video/BV1bC9iYZEqZ/?t=140
4-nin-uchi-mahjong,四人麻将,4 Nin Uchi Mahjong,4人打ち麻雀,否,FC,任天堂,1984年11月2日,,,https://zh.wikipedia.org/wiki/%E5%9B%9B%E4%BA%BA%E9%BA%BB%E5%B0%86,【雷文】红白机游戏终极鉴赏03期-1984年·下 | 4K,09:05,https://www.bilibili.com/video/BV1bC9iYZEqZ/?t=545
f-1-race,F1赛车,F-1 Race,F1レース,否,FC,任天堂,1984年11月2日,,,https://zh.wikipedia.org/wiki/F1%E8%B5%9B%E8%BD%A6_(%E6%B8%B8%E6%88%8F),【雷文】红白机游戏终极鉴赏03期-1984年·下 | 4K,04:43,https://www.bilibili.com/video/BV1bC9iYZEqZ/?t=283
pac-man,吃豆人,Pac-Man,パックマン,是,FC/FDS/NES,南梦宫,1984年11月2日,1993年11月,,https://zh.wikipedia.org/wiki/%E5%90%83%E8%B1%86%E4%BA%BA,【雷文】红白机游戏终极鉴赏03期-1984年·下 | 4K,06:58,https://www.bilibili.com/video/BV1bC9iYZEqZ/?t=418
xevious,铁板阵,Xevious,ゼビウス,是,FC/FDS/NES,万代 / 南梦宫,1984年11月8日,1988年9月,1989年10月25日,https://zh.wikipedia.org/wiki/%E9%93%81%E6%9D%BF%E9%98%B5,【雷文】红白机游戏终极鉴赏03期-1984年·下 | 4K,10:14,https://www.bilibili.com/video/BV1bC9iYZEqZ/?t=614
mappy,猫捉老鼠,Mappy,マッピー,否,FC,南梦宫,1984年11月14日,,,https://zh.wikipedia.org/wiki/%E8%B2%93%E6%8D%89%E8%80%81%E9%BC%A0,【雷文】红白机游戏终极鉴赏03期-1984年·下 | 4K,12:46,https://www.bilibili.com/video/BV1bC9iYZEqZ/?t=766
urban-champion,街头小子,Urban Champion,アーバンチャンピオン,是,FC/NES,任天堂,1984年11月14日,1986年8月1日,,https://zh.wikipedia.org/wiki/%E8%A1%97%E5%A4%B4%E5%B0%8F%E5%AD%90,【雷文】红白机游戏终极鉴赏03期-1984年·下 | 4K,15:13,https://www.bilibili.com/video/BV1bC9iYZEqZ/?t=913
clu-clu-land,转转乐园,Clu Clu Land,クルクルランド,是,FC/NES,任天堂,1984年11月22日,1985年10月18日,1987年2月15日,https://zh.wikipedia.org/wiki/%E8%BD%89%E8%BD%89%E6%A8%82%E5%9C%92,【雷文】红白机游戏终极鉴赏03期-1984年·下 | 4K,17:05,https://www.bilibili.com/video/BV1bC9iYZEqZ/?t=1025
excitebike,越野机车,Excitebike,エキサイトバイク,是,FC/NES,任天堂,1984年11月30日,1985年10月18日,1986年9月1日,https://zh.wikipedia.org/wiki/%E8%B6%8A%E9%87%8E%E6%9C%BA%E8%BD%A6,【雷文】红白机游戏终极鉴赏03期-1984年·下 | 4K,19:16,https://www.bilibili.com/video/BV1bC9iYZEqZ/?t=1156
balloon-fight,气球大战,Balloon Fight,バルーンファイト,是,FC/NES,任天堂,1985年1月22日,1986年6月3日,1986年12月15日,https://zh.wikipedia.org/wiki/%E6%B0%94%E7%90%83%E5%A4%A7%E6%88%98,【雷文】红白机游戏终极鉴赏04期-1985年1-5月 | 4K,01:29,https://www.bilibili.com/video/BV1BBRNY9EpD/?t=89
ice-climber,敲冰块,Ice Climber,アイスクライマー,是,FC/FDS/NES,任天堂,1985年1月30日,1985年10月18日,1986年9月1日,https://zh.wikipedia.org/wiki/%E6%95%B2%E5%86%B0%E5%9D%97,【雷文】红白机游戏终极鉴赏04期-1985年1-5月 | 4K,03:42,https://www.bilibili.com/video/BV1BBRNY9EpD/?t=222
exerion,火凤凰/长生鸟,Exerion,エクセリオン,否,FC,Jaleco,1985年2月11日,,,https://zh.wikipedia.org/wiki/%E7%81%AB%E5%87%A4%E5%87%B0_(%E6%B8%B8%E6%88%8F),【雷文】红白机游戏终极鉴赏04期-1985年1-5月 | 4K,06:32,https://www.bilibili.com/video/BV1BBRNY9EpD/?t=392
galaga,大蜜蜂,Galaga,ギャラガ,是,FC/FDS/NES,万代 / 南梦宫,1985年2月15日,1988年9月,,https://zh.wikipedia.org/wiki/%E5%A4%A7%E8%9C%9C%E8%9C%82_(%E6%B8%B8%E6%88%8F),【雷文】红白机游戏终极鉴赏04期-1985年1-5月 | 4K,08:15,https://www.bilibili.com/video/BV1BBRNY9EpD/?t=495
family-basic-v3,家用BASIC语言V3,Family Basic V3,ファミリーベーシックV3,否,FC,任天堂,1985年2月21日,,,,【雷文】红白机游戏终极鉴赏04期-1985年1-5月 | 4K,09:57,https://www.bilibili.com/video/BV1BBRNY9EpD/?t=597
raid-on-bungeling-bay,救难直升机,Raid on Bungeling Bay,バンゲリングベイ,是,FC/NES,Brøderbund / Hudson Soft,1985年2月22日,1987年9月,,https://zh.wikipedia.org/wiki/%E6%95%91%E9%9A%BE%E7%9B%B4%E5%8D%87%E6%9C%BA,【雷文】红白机游戏终极鉴赏04期-1985年1-5月 | 4K,11:21,https://www.bilibili.com/video/BV1BBRNY9EpD/?t=681
formation-z,变形战机Z,Formation Z,フォーメーションZ,否,FC,Jaleco,1985年4月4日,,,https://zh.wikipedia.org/wiki/%E5%8F%98%E5%BD%A2%E6%88%98%E6%9C%BAZ,【雷文】红白机游戏终极鉴赏04期-1985年1-5月 | 4K,13:33,https://www.bilibili.com/video/BV1BBRNY9EpD/?t=813
soccer,足球,Soccer,サッカー,是,FC/FDS/NES,任天堂,1985年4月9日,1987年3月,1987年1月15日,https://zh.wikipedia.org/wiki/%E8%B6%B3%E7%90%83_(1985%E5%B9%B4%E6%B8%B8%E6%88%8F),【雷文】红白机游戏终极鉴赏04期-1985年1-5月 | 4K,15:32,https://www.bilibili.com/video/BV1BBRNY9EpD/?t=932
championship-lode-runner,冠军淘金者,Championship Lode Runner,チャンピオンシップロードランナー,否,FC,Hudson Soft,1985年4月17日,,,https://zh.wikipedia.org/wiki/%E5%86%A0%E5%86%9B%E6%B7%98%E9%87%91%E8%80%85,【雷文】红白机游戏终极鉴赏04期-1985年1-5月 | 4K,16:57,https://www.bilibili.com/video/BV1BBRNY9EpD/?t=1017
space-invaders,太空侵略者,Space Invaders,スペースインベーダー,否,FC,太东,1985年4月17日,,,https://zh.wikipedia.org/wiki/%E5%A4%AA%E7%A9%BA%E4%BE%B5%E7%95%A5%E8%80%85,【雷文】红白机游戏终极鉴赏04期-1985年1-5月 | 4K,18:25,https://www.bilibili.com/video/BV1BBRNY9EpD/?t=1105
antarctic-adventure,南极大冒险,Antarctic Adventure,けっきょく南極大冒険,否,FC,科乐美,1985年4月22日,,,https://zh.wikipedia.org/wiki/%E5%8D%97%E6%9E%81%E5%A4%A7%E5%86%92%E9%99%A9_(%E6%B8%B8%E6%88%8F),【雷文】红白机游戏终极鉴赏04期-1985年1-5月 | 4K,21:27,https://www.bilibili.com/video/BV1BBRNY9EpD/?t=1287
yie-ar-kung-fu,功夫,Yie Ar Kung Fu,イー・アル・カンフー,否,FC,科乐美,1985年4月22日,,,https://zh.wikipedia.org/wiki/%E5%8A%9F%E5%A4%AB_(%E9%81%8A%E6%88%B2),【雷文】红白机游戏终极鉴赏04期-1985年1-5月 | 4K,19:38,https://www.bilibili.com/video/BV1BBRNY9EpD/?t=1178
ninja-kun-majou-no-bouken,忍者君 魔城的冒险,Ninja Kun - Majou no Bouken,忍者くん 魔城の冒険,否,FC,Jaleco,1985年5月10日,,,https://zh.wikipedia.org/wiki/%E5%BF%8D%E8%80%85%E5%90%9B_%E9%AD%94%E5%9F%8E%E7%9A%84%E5%86%92%E9%9A%AA,【雷文】红白机游戏终极鉴赏04期-1985年1-5月 | 4K,23:02,https://www.bilibili.com/video/BV1BBRNY9EpD/?t=1382
chack-n-pop,跳跳虫,Chack 'n Pop,ちゃっくんぽっぷ,否,FC,太东,1985年5月24日,,,https://zh.wikipedia.org/wiki/%E8%B7%B3%E8%B7%B3%E8%99%AB,【雷文】红白机游戏终极鉴赏04期-1985年1-5月 | 4K,25:02,https://www.bilibili.com/video/BV1BBRNY9EpD/?t=1502
dig-dug,打空气,Dig Dug,ディグダグ,否,FC/FDS,南梦宫,1985年6月4日,,,https://zh.wikipedia.org/wiki/%E6%89%93%E7%A9%BA%E6%B0%A3,【雷文】红白机游戏终极鉴赏05期-1985年6-7月 | 4K,01:20,https://www.bilibili.com/video/BV1e5RnYxEaS/?t=80
flappy,推推乐,Flappy,フラッピー,否,FC,dB-Soft,1985年6月14日,,,https://zh.wikipedia.org/wiki/%E6%8E%A8%E6%8E%A8%E4%B9%90,【雷文】红白机游戏终极鉴赏05期-1985年6-7月 | 4K,03:15,https://www.bilibili.com/video/BV1e5RnYxEaS/?t=195
wrecking-crew,拆屋工,Wrecking Crew,レッキングクルー,是,FC/FDS/NES,任天堂,1985年6月18日,1985年10月18日,1987年10月15日,https://zh.wikipedia.org/wiki/%E6%8B%86%E5%B1%8B%E5%B7%A5,【雷文】红白机游戏终极鉴赏05期-1985年6-7月 | 4K,05:24,https://www.bilibili.com/video/BV1e5RnYxEaS/?t=324
kung-fu-master,成龙踢馆,Kung-Fu Master,スパルタンX,是,FC/NES,任天堂,1985年6月21日,1985年10月18日,1987年4月15日,https://zh.wikipedia.org/wiki/%E6%88%90%E9%BE%99%E8%B8%A2%E9%A6%86,【雷文】红白机游戏终极鉴赏05期-1985年6-7月 | 4K,07:31,https://www.bilibili.com/video/BV1e5RnYxEaS/?t=451
track-field,金牌奥运会,Track & Field,ハイパーオリンピック,是,FC/NES,科乐美,1985年6月21日,1987年4月,,https://zh.wikipedia.org/wiki/%E9%87%91%E7%89%8C%E5%A5%A5%E8%BF%90%E4%BC%9A,【雷文】红白机游戏终极鉴赏05期-1985年6-7月 | 4K,09:27,https://www.bilibili.com/video/BV1e5RnYxEaS/?t=567
star-force,星际力量,Star Force,スターフォース,是,FC/NES,特库摩 / Hudson Soft,1985年6月25日,1987年11月,1990年4月27日,https://zh.wikipedia.org/wiki/%E6%98%9F%E9%99%85%E5%8A%9B%E9%87%8F,【雷文】红白机游戏终极鉴赏05期-1985年6-7月 | 4K,10:55,https://www.bilibili.com/video/BV1e5RnYxEaS/?t=655
elevator-action,电梯大战,Elevator Action,エレベーターアクション,是,FC/NES,太东,1985年6月28日,1987年8月,,https://zh.wikipedia.org/wiki/%E7%94%B5%E6%A2%AF%E8%BF%B7%E5%AE%AB,【雷文】红白机游戏终极鉴赏05期-1985年6-7月 | 4K,12:29,https://www.bilibili.com/video/BV1e5RnYxEaS/?t=749
field-combat,杀戮战场,Field Combat,フィールドコンバット,否,FC,Jaleco,1985年7月9日,,,https://zh.wikipedia.org/wiki/%E6%9D%80%E6%88%AE%E6%88%98%E5%9C%BA_(%E6%B8%B8%E6%88%8F),【雷文】红白机游戏终极鉴赏05期-1985年6-7月 | 4K,14:08,https://www.bilibili.com/video/BV1e5RnYxEaS/?t=848
road-fighter,公路战士,Road Fighter,ロードファイター,是,FC/NES,Palcom / 科乐美,1985年7月11日,,1991年,https://zh.wikipedia.org/wiki/%E5%85%AC%E8%B7%AF%E6%88%B0%E5%A3%AB,【雷文】红白机游戏终极鉴赏05期-1985年6-7月 | 4K,16:15,https://www.bilibili.com/video/BV1e5RnYxEaS/?t=975
warpman,太空青蛙/弯曲超人,Warpman,ワープマン,否,FC,南梦宫,1985年7月12日,,,https://zh.wikipedia.org/wiki/%E5%A4%AA%E7%A9%BA%E9%9D%92%E8%9B%99,【雷文】红白机游戏终极鉴赏05期-1985年6-7月 | 4K,18:05,https://www.bilibili.com/video/BV1e5RnYxEaS/?t=1085
door-door,门门冒险,Door Door,ドアドア,否,FC,艾尼克斯,1985年7月18日,,,https://zh.wikipedia.org/wiki/%E9%97%A8%E9%97%A8%E5%86%92%E9%99%A9,【雷文】红白机游戏终极鉴赏05期-1985年6-7月 | 4K,20:00,https://www.bilibili.com/video/BV1e5RnYxEaS/?t=1200
zippy-race,疯狂赛车,Zippy Race,ジッピーレース,否,FC,Irem,1985年7月18日,,,https://zh.wikipedia.org/wiki/%E7%96%AF%E7%8B%82%E8%B5%9B%E8%BD%A6_(1983%E5%B9%B4%E6%B8%B8%E6%88%8F),【雷文】红白机游戏终极鉴赏05期-1985年6-7月 | 4K,22:01,https://www.bilibili.com/video/BV1e5RnYxEaS/?t=1321
super-arabian,超级阿拉伯大冒险/辛巴达,Super Arabian,スーパーアラビアン,否,FC,Sun电子,1985年7月25日,,,https://zh.wikipedia.org/wiki/%E8%B6%85%E7%BA%A7%E9%98%BF%E6%8B%89%E4%BC%AF%E5%A4%A7%E5%86%92%E9%99%A9,【雷文】红白机游戏终极鉴赏05期-1985年6-7月 | 4K,23:46,https://www.bilibili.com/video/BV1e5RnYxEaS/?t=1426
family-computer-robot-block-set,机器人组合套件,Family Computer Robot Block Set,ブロックセット,否,FC,任天堂,1985年7月26日,,,,【雷文】红白机游戏终极鉴赏05期-1985年6-7月 | 4K,25:11,https://www.bilibili.com/video/BV1e5RnYxEaS/?t=1511
front-line,前线,Front Line,フロントライン,否,FC,太东,1985年8月1日,,,https://zh.wikipedia.org/wiki/%E5%89%8D%E7%BA%BF%E4%BB%BB%E5%8A%A1_(1982%E5%B9%B4%E6%B8%B8%E6%88%8F),【雷文】红白机游戏终极鉴赏06期-1985年8-10月 | 4K,00:54,https://www.bilibili.com/video/BV1sfQUYEEYB/?t=54
tower-of-druaga,迷宫塔,Tower of Druaga,ドルアーガの塔,否,FC,南梦宫,1985年8月6日,,,https://zh.wikipedia.org/wiki/%E8%BF%B7%E5%AE%AE%E5%A1%94,【雷文】红白机游戏终极鉴赏06期-1985年8-10月 | 4K,02:53,https://www.bilibili.com/video/BV1sfQUYEEYB/?t=173
astro-robo-sasa,莎莎机器人,Astro Robo Sasa,アストロロボSASA,否,FC,ASCII,1985年8月9日,,,https://zh.wikipedia.org/wiki/%E8%8E%8E%E8%8E%8E_(%E6%B8%B8%E6%88%8F),【雷文】红白机游戏终极鉴赏06期-1985年8-10月 | 4K,05:45,https://www.bilibili.com/video/BV1sfQUYEEYB/?t=345
hon-shougi-naitou-9-dan-shougi-hiden,本将棋 内藤九段将棋秘传,Hon Shougi - Naitou 9 Dan Shougi Hiden,本将棋 内藤九段将棋秘伝,否,FC,Seta,1985年8月10日,,,https://zh.wikipedia.org/wiki/%E6%9C%AC%E5%B0%86%E6%A3%8B_%E5%86%85%E8%97%A4%E4%B9%9D%E6%AE%B5%E5%B0%86%E6%A3%8B%E7%A7%98%E4%BC%A0,【雷文】红白机游戏终极鉴赏06期-1985年8-10月 | 4K,08:22,https://www.bilibili.com/video/BV1sfQUYEEYB/?t=502
gyromite,机器人组件,Gyromite,ジャイロセット,是,FC/NES,任天堂,1985年8月13日,1985年10月18日,1986年9月1日,,【雷文】红白机游戏终极鉴赏06期-1985年8-10月 | 4K,09:38,https://www.bilibili.com/video/BV1sfQUYEEYB/?t=578
geimos,宇宙大射击,Geimos,ゲイモス,否,FC,ASCII,1985年8月28日,,,https://zh.wikipedia.org/wiki/%E5%AE%87%E5%AE%99%E5%A4%A7%E5%B0%84%E5%87%BB,【雷文】红白机游戏终极鉴赏06期-1985年8-10月 | 4K,11:15,https://www.bilibili.com/video/BV1sfQUYEEYB/?t=675
10-yard-fight,十码大战,10-Yard Fight,10ヤードファイト,是,FC/NES,任天堂 / Irem,1985年8月30日,1985年10月18日,1985年12月,https://zh.wikipedia.org/wiki/%E5%8D%81%E7%A0%81%E5%A4%A7%E6%88%98,【雷文】红白机游戏终极鉴赏06期-1985年8-10月 | 4K,13:06,https://www.bilibili.com/video/BV1sfQUYEEYB/?t=786
battle-city,坦克大战,Battle City,バトルシティー,否,FC,南梦宫,1985年9月9日,,,https://zh.wikipedia.org/wiki/%E5%9D%A6%E5%85%8B%E5%A4%A7%E6%88%98,【雷文】红白机游戏终极鉴赏06期-1985年8-10月 | 4K,14:37,https://www.bilibili.com/video/BV1sfQUYEEYB/?t=877
super-mario-bros,超级马力欧兄弟,Super Mario Bros.,スーパーマリオブラザーズ,是,FC/FDS/NES,任天堂,1985年9月13日,1985年10月18日,1987年5月15日,https://zh.wikipedia.org/wiki/%E8%B6%85%E7%BA%A7%E9%A9%AC%E9%87%8C%E5%A5%A5%E5%85%84%E5%BC%9F,【雷文】红白机游戏终极鉴赏06期-1985年8-10月 | 4K,16:43,https://www.bilibili.com/video/BV1sfQUYEEYB/?t=1003
pooyan,三只小猪/小猪大作战,Pooyan,プーヤン,否,FC,Hudson Soft,1985年9月20日,,,https://zh.wikipedia.org/wiki/%E4%B8%89%E5%8F%AA%E5%B0%8F%E7%8C%AA_(%E6%B8%B8%E6%88%8F),【雷文】红白机游戏终极鉴赏06期-1985年8-10月 | 4K,18:44,https://www.bilibili.com/video/BV1sfQUYEEYB/?t=1124
city-connection,碰碰车,City Connection,シティコネクション,是,FC/NES,Jaleco,1985年9月27日,1988年5月,,https://zh.wikipedia.org/wiki/%E7%A2%B0%E7%A2%B0%E8%BD%A6_(%E7%94%B5%E5%AD%90%E6%B8%B8%E6%88%8F),【雷文】红白机游戏终极鉴赏06期-1985年8-10月 | 4K,21:17,https://www.bilibili.com/video/BV1sfQUYEEYB/?t=1277
hyper-sports,超级运动会/金牌运动会,Hyper Sports,ハイパースポーツ,否,FC,科乐美,1985年9月27日,,,https://zh.wikipedia.org/wiki/%E8%B6%85%E7%BA%A7%E8%BF%90%E5%8A%A8%E4%BC%9A,【雷文】红白机游戏终极鉴赏06期-1985年8-10月 | 4K,23:18,https://www.bilibili.com/video/BV1sfQUYEEYB/?t=1398
route-16-turbo,公路追击16,Route-16 Turbo,ルート16ターボ,否,FC,Sun电子,1985年10月4日,,,https://zh.wikipedia.org/wiki/%E5%85%AC%E8%B7%AF%E8%BF%BD%E5%87%BB16,【雷文】红白机游戏终极鉴赏06期-1985年8-10月 | 4K,24:54,https://www.bilibili.com/video/BV1sfQUYEEYB/?t=1494
challenger,列车寻宝/挑战者,Challenger,チャレンジャー,否,FC,Hudson Soft,1985年10月15日,,,https://zh.wikipedia.org/wiki/%E5%88%97%E8%BD%A6%E5%AF%BB%E5%AE%9D,【雷文】红白机游戏终极鉴赏06期-1985年8-10月 | 4K,26:19,https://www.bilibili.com/video/BV1sfQUYEEYB/?t=1579
mach-rider,超音速机车赛,Mach Rider,マッハライダー,是,FC/NES,任天堂,1985年11月21日,1985年10月18日,1987年3月15日,https://zh.wikipedia.org/wiki/%E8%B6%85%E9%9F%B3%E9%80%9F%E6%9C%BA%E8%BD%A6%E8%B5%9B,【雷文】红白机游戏终极鉴赏07期-1985年11月 | 4K,08:52,https://www.bilibili.com/video/BV1riQRYtE2J/?t=532
stack-up,叠加方块,Stack-Up,,否,NES,任天堂,,1985年10月18日,1986年9月,,,,
kinniku-man-muscle-tag-match,筋肉人摔角大赛,Kinniku Man - Muscle Tag Match,キン肉マン マッスルタッグマッチ,否,FC,万代,1985年11月8日,,,https://zh.wikipedia.org/wiki/%E7%AD%8B%E8%82%89%E4%BA%BA%E6%91%94%E8%A7%92%E5%A4%A7%E8%B5%9B,,,
sky-destroyer,红巾特攻队,Sky Destroyer,スカイデストロイヤー,否,FC,太东,1985年11月14日,,,https://zh.wikipedia.org/wiki/%E7%BA%A2%E5%B7%BE%E7%89%B9%E6%94%BB%E9%98%9F_(%E6%B8%B8%E6%88%8F),【雷文】红白机游戏终极鉴赏07期-1985年11月 | 4K,03:48,https://www.bilibili.com/video/BV1riQRYtE2J/?t=228
ninja-jajamaru-kun,忍者茶茶丸,Ninja Jajamaru Kun,忍者じゃじゃ丸くん,否,FC,Jaleco,1985年11月15日,,,https://zh.wikipedia.org/wiki/%E5%BF%8D%E8%80%85%E8%8C%B6%E8%8C%B6%E4%B8%B8,【雷文】红白机游戏终极鉴赏07期-1985年11月 | 4K,06:45,https://www.bilibili.com/video/BV1riQRYtE2J/?t=405
onyanko-town,猫咪小镇,Onyanko Town,おにゃんこTOWN,否,FC,波丽佳音,1985年11月21日,,,https://zh.wikipedia.org/wiki/%E7%8C%AB%E5%92%AA%E5%B0%8F%E9%95%87,【雷文】红白机游戏终极鉴赏07期-1985年11月 | 4K,11:14,https://www.bilibili.com/video/BV1riQRYtE2J/?t=674
pac-land,吃豆人世界/小精灵世界,Pac-Land,パックランド,否,FC,南梦宫,1985年11月21日,,,https://zh.wikipedia.org/wiki/%E5%90%83%E8%B1%86%E4%BA%BA%E4%B8%96%E7%95%8C,,,
pachi-com,弹珠机/帕青哥,Pachi Com,パチコン,否,FC/FDS,东芝EMI,1985年11月21日,,,https://zh.wikipedia.org/wiki/%E5%BC%B9%E7%8F%A0%E6%9C%BA_(1985%E5%B9%B4%E6%B8%B8%E6%88%8F),【雷文】红白机游戏终极鉴赏07期-1985年11月 | 4K,15:16,https://www.bilibili.com/video/BV1riQRYtE2J/?t=916
burgertime,汉堡世界,BurgerTime,バーガータイム,是,FC/FDS/NES,Data East / 南梦宫 / データイースト,1985年11月27日,1987年5月,,https://zh.wikipedia.org/wiki/%E6%B1%89%E5%A0%A1%E4%B8%96%E7%95%8C,,,
ikki,农夫忍者/一揆/忍者大挑战,Ikki,いっき,否,FC,Sun电子,1985年11月28日,,,https://zh.wikipedia.org/wiki/%E5%86%9C%E5%A4%AB%E5%BF%8D%E8%80%85,【雷文】红白机游戏终极鉴赏07期-1985年11月 | 4K,18:28,https://www.bilibili.com/video/BV1riQRYtE2J/?t=1108
portopia-renzoku-satsujin-jiken,港口镇连续杀人事件,Portopia Renzoku Satsujin Jiken,ポートピア連続殺人事件,否,FC,艾尼克斯,1985年11月29日,,,https://zh.wikipedia.org/wiki/%E6%B8%AF%E5%8F%A3%E9%95%87%E8%BF%9E%E7%BB%AD%E6%9D%80%E4%BA%BA%E4%BA%8B%E4%BB%B6,【雷文】红白机游戏终极鉴赏07期-1985年11月 | 4K,20:45,https://www.bilibili.com/video/BV1riQRYtE2J/?t=1245
karateka,决战富士山/空手道,Karateka,カラテカ,否,FC,Soft Pro,1985年12月5日,,,https://zh.wikipedia.org/wiki/%E6%B1%BA%E6%88%B0%E5%AF%8C%E5%A3%AB%E5%B1%B1,,,
lunar-pool,月宫桌球,Lunar Pool,ルナーボール,是,FC/NES,FCI / 波丽佳音,1985年12月5日,1987年10月,,https://zh.wikipedia.org/wiki/%E6%9C%88%E5%AE%AB%E6%A1%8C%E7%90%83,【雷文】红白机游戏终极鉴赏07期-1985年11月 | 4K,25:01,https://www.bilibili.com/video/BV1riQRYtE2J/?t=1501
star-luster,星空战机,Star Luster,スターラスター,否,FC,南梦宫,1985年12月6日,,,https://zh.wikipedia.org/wiki/%E6%98%9F%E7%A9%BA%E6%88%98%E6%9C%BA,【雷文】红白机游戏终极鉴赏07期-1985年11月 | 4K,27:05,https://www.bilibili.com/video/BV1riQRYtE2J/?t=1625
volguard-ii,高机动战斗II,Volguard II,高機動戦闘メカ ヴォルガードII,否,FC,dB-Soft,1985年12月7日,,,https://zh.wikipedia.org/wiki/%E9%AB%98%E6%9C%BA%E5%8A%A8%E6%88%98%E6%96%97II,,,
super-dimension-fortress-macross,超时空要塞,Super Dimension Fortress Macross,超時空要塞マクロス,否,FC,万代,1985年12月10日,,,https://zh.wikipedia.org/wiki/%E8%B6%85%E6%97%B6%E7%A9%BA%E8%A6%81%E5%A1%9E_(%E6%B8%B8%E6%88%8F),【雷文】红白机游戏终极鉴赏08期-1985年12月 | 4K,05:56,https://www.bilibili.com/video/BV1pDXxYJEaf/?t=356
1942,1942,1942,1942,是,FC/NES,卡普空,1985年12月11日,1986年11月,,https://zh.wikipedia.org/wiki/1942_(%E6%B8%B8%E6%88%8F),【雷文】红白机游戏终极鉴赏08期-1985年12月 | 4K,07:42,https://www.bilibili.com/video/BV1pDXxYJEaf/?t=462
dough-boy,美国大兵,Dough Boy,ダウボーイ,否,FC,KEMCO,1985年12月11日,,,https://zh.wikipedia.org/wiki/%E7%BE%8E%E5%9B%BD%E5%A4%A7%E5%85%B5_(%E6%B8%B8%E6%88%8F),【雷文】红白机游戏终极鉴赏08期-1985年12月 | 4K,09:39,https://www.bilibili.com/video/BV1pDXxYJEaf/?t=579
bokosuka-wars,菩故须苛战争/王者之剑,Bokosuka Wars,ボコスカウォーズ,否,FC,ASCII,1985年12月14日,,,https://zh.wikipedia.org/wiki/%E8%8F%A9%E6%95%85%E9%A1%BB%E8%8B%9B%E6%88%98%E4%BA%89,【雷文】红白机游戏终极鉴赏08期-1985年12月 | 4K,11:45,https://www.bilibili.com/video/BV1pDXxYJEaf/?t=705
zunou-senkan-galg,头脑战舰,Zunou Senkan Galg,頭脳戦艦ガル,否,FC,dB-Soft,1985年12月14日,,,https://zh.wikipedia.org/wiki/%E5%A4%B4%E8%84%91%E6%88%98%E8%88%B0,【雷文】红白机游戏终极鉴赏08期-1985年12月 | 4K,14:36,https://www.bilibili.com/video/BV1pDXxYJEaf/?t=876
chubby-cherub,胖天使,Chubby Cherub,オバケのQ太郎 ワンワンパニック,是,FC/NES,万代,1985年12月16日,1986年10月,,https://zh.wikipedia.org/wiki/Q%E5%A4%AA%E9%83%8E_(%E6%B8%B8%E6%88%8F),,,
binary-land,企鹅先生,Binary Land,バイナリィランド,否,FC,Hudson Soft,1985年12月19日,,,https://zh.wikipedia.org/wiki/%E4%BC%81%E9%B9%85%E5%85%88%E7%94%9F,【雷文】红白机游戏终极鉴赏08期-1985年12月 | 4K,19:45,https://www.bilibili.com/video/BV1pDXxYJEaf/?t=1185
bomberman,炸弹人,Bomberman,ボンバーマン,是,FC/FDS/NES,Hudson Soft / ハドソン,1985年12月19日,1989年1月,,https://zh.wikipedia.org/wiki/%E7%82%B8%E5%BD%88%E4%BA%BA_(%E9%81%8A%E6%88%B2),【雷文】红白机游戏终极鉴赏08期-1985年12月 | 4K,23:53,https://www.bilibili.com/video/BV1pDXxYJEaf/?t=1433
thexder,变形战机/火鸟战机,Thexder,テグザー,否,FC,史克威尔,1985年12月19日,,,https://zh.wikipedia.org/wiki/%E5%8F%98%E5%BD%A2%E6%88%98%E6%9C%BA,,,
exed-exes,超浮游要塞,Exed Exes,エグゼドエグゼス,否,FC,德间书店,1985年12月21日,,,https://zh.wikipedia.org/wiki/%E8%B6%85%E6%B5%AE%E6%B8%B8%E8%A6%81%E5%A1%9E,【雷文】红白机游戏终极鉴赏08期-1985年12月 | 4K,26:10,https://www.bilibili.com/video/BV1pDXxYJEaf/?t=1570
lot-lot,豆豆迷宫,Lot Lot,ロットロット,否,FC,德间书店,1985年12月21日,,,https://zh.wikipedia.org/wiki/%E8%B1%86%E8%B1%86%E8%BF%B7%E5%AE%AB,【雷文】红白机游戏终极鉴赏08期-1985年12月 | 4K,28:01,https://www.bilibili.com/video/BV1pDXxYJEaf/?t=1681
penguin-kun-wars,投球大赛/企鹅大战,Penguin Kun Wars,ぺんぎんくんWARS,否,FC,ASCII,1985年12月25日,,,https://zh.wikipedia.org/wiki/%E6%8A%95%E7%90%83%E5%A4%A7%E8%B5%9B,【雷文】红白机游戏终极鉴赏08期-1985年12月 | 4K,29:45,https://www.bilibili.com/video/BV1pDXxYJEaf/?t=1785
twinbee,兵蜂,TwinBee,ツインビー,否,FC/FDS,科乐美,1986年1月4日,,,https://zh.wikipedia.org/wiki/%E5%85%B5%E8%9C%82,【雷文】红白机游戏终极鉴赏09期-1986年1-3月 | 4K,01:11,https://www.bilibili.com/video/BV11ooiYfEYr/?t=71
son-son,西游记,Son Son,ソンソン,否,FC,卡普空,1986年2月8日,,,https://zh.wikipedia.org/wiki/%E8%A5%BF%E6%B8%B8%E8%AE%B0_(%E6%B8%B8%E6%88%8F),,,
the-goonies,七宝奇谋,The Goonies,グーニーズ,否,FC/FDS,科乐美,1986年2月21日,,,https://zh.wikipedia.org/wiki/%E4%B8%83%E5%AE%9D%E5%A5%87%E8%B0%8B_(%E6%B8%B8%E6%88%8F),【雷文】红白机游戏终极鉴赏09期-1986年1-3月 | 4K,05:12,https://www.bilibili.com/video/BV11ooiYfEYr/?t=312
circus-charlie,马戏团,Circus Charlie,サーカスチャーリー,否,FC,Soft Pro,1986年3月4日,,,https://zh.wikipedia.org/wiki/%E9%A6%AC%E6%88%B2%E5%9C%98_(%E9%81%8A%E6%88%B2),【雷文】红白机游戏终极鉴赏09期-1986年1-3月 | 4K,10:52,https://www.bilibili.com/video/BV11ooiYfEYr/?t=652
ninja-hattori-kun-ninja-wa-shuugyou-de-gozaru-no-maki,忍者哈特利-忍者训练,Ninja Hattori Kun - Ninja wa Shuugyou de Gozaru no Maki,忍者ハットリくん 忍者は修行でござるの巻,否,FC,Hudson Soft,1986年3月5日,,,https://zh.wikipedia.org/wiki/%E5%BF%8D%E8%80%85%E6%9C%8D%E9%83%A8%E5%90%9B_(%E6%B8%B8%E6%88%8F),,,
gyrodine,战斗直升机,Gyrodine,ジャイロダイン,否,FC,太东,1986年3月13日,,,https://zh.wikipedia.org/wiki/%E6%88%98%E6%96%97%E7%9B%B4%E5%8D%87%E6%9C%BA,【雷文】红白机游戏终极鉴赏09期-1986年1-3月 | 4K,14:38,https://www.bilibili.com/video/BV11ooiYfEYr/?t=878
hydlide,梦幻仙境,Hydlide,ハイドライド・スペシャル,是,FC/NES,FCI / 东芝EMI,1986年3月18日,1989年6月,,https://zh.wikipedia.org/wiki/Hydlide,【雷文】红白机游戏终极鉴赏09期-1986年1-3月 | 4K,16:20,https://www.bilibili.com/video/BV11ooiYfEYr/?t=980
magmax,组合金刚,MagMax,マグマックス,是,FC/NES,FCI / 日本物产,1986年3月18日,1988年10月,,https://zh.wikipedia.org/wiki/%E7%B5%84%E5%90%88%E9%87%91%E5%89%9B,【雷文】红白机游戏终极鉴赏09期-1986年1-3月 | 4K,20:05,https://www.bilibili.com/video/BV11ooiYfEYr/?t=1205
baltron,巴特龙战机,Baltron,バルトロン,否,FC,东映动画,1986年3月19日,,,https://zh.wikipedia.org/wiki/%E5%B7%B4%E7%89%B9%E9%BE%99%E6%88%98%E6%9C%BA,【雷文】红白机游戏终极鉴赏09期-1986年1-3月 | 4K,18:37,https://www.bilibili.com/video/BV11ooiYfEYr/?t=1117
tag-team-wrestling,双人组职业摔角,Tag Team Wrestling,タッグチームプロレスリング,是,FC/NES,Data East / 南梦宫,1986年4月2日,1986年10月,,https://zh.wikipedia.org/wiki/%E7%BB%84%E5%90%88%E6%91%94%E8%B7%A4,【雷文】红白机游戏终极鉴赏09期-1986年1-3月 | 4K,21:42,https://www.bilibili.com/video/BV11ooiYfEYr/?t=1302
nazo-no-murasame-jou,谜之村雨城,Nazo no Murasame Jou,謎の村雨城,否,FDS,任天堂,1986年4月14日,,,https://zh.wikipedia.org/wiki/%E8%AC%8E%E4%B9%8B%E6%9D%91%E9%9B%A8%E5%9F%8E,【雷文】红白机游戏终极鉴赏10期-1986年4-5月 | 4K,01:12,https://www.bilibili.com/video/BV1kHZJYkE5C/?t=72
argus,百眼巨神,Argus,アーガス,否,FC,Jaleco,1986年4月17日,,,,【雷文】红白机游戏终极鉴赏10期-1986年4-5月 | 4K,03:45,https://www.bilibili.com/video/BV1kHZJYkE5C/?t=225
atlantis-no-nazo,亚特兰蒂斯之谜,Atlantis no Nazo,アトランチスの謎,否,FC,Sun电子,1986年4月17日,,,https://zh.wikipedia.org/wiki/%E4%BA%9A%E7%89%B9%E5%85%B0%E8%92%82%E6%96%AF%E4%B9%8B%E8%B0%9C,【雷文】红白机游戏终极鉴赏10期-1986年4-5月 | 4K,05:33,https://www.bilibili.com/video/BV1kHZJYkE5C/?t=333
ninja-kid,鬼太郎 妖怪大魔境,Ninja Kid,ゲゲゲの鬼太郎 妖怪大魔境,是,FC/NES,万代 / Jaleco,1986年4月17日,1986年10月29日,,https://zh.wikipedia.org/wiki/%E9%AC%BC%E5%A4%AA%E9%83%8E_%E5%A6%96%E6%80%AA%E5%A4%A7%E9%AD%94%E5%A2%83,【雷文】红白机游戏终极鉴赏10期-1986年4-5月 | 4K,08:01,https://www.bilibili.com/video/BV1kHZJYkE5C/?t=481
dig-dug-ii,打空气II,Dig Dug II,ディグダグII,是,FC/FDS/NES,万代 / 南梦宫,1986年4月18日,1989年12月,,https://zh.wikipedia.org/wiki/%E6%89%93%E7%A9%BA%E6%B0%94II,,,
the-legend-of-kage,影之传说,The Legend of Kage,影の伝説,是,FC/NES,太东,1986年4月18日,1987年8月,,https://zh.wikipedia.org/wiki/%E5%BD%B1%E4%B9%8B%E4%BC%A0%E8%AF%B4,【雷文】红白机游戏终极鉴赏10期-1986年4-5月 | 4K,12:32,https://www.bilibili.com/video/BV1kHZJYkE5C/?t=752
mighty-bomb-jack,炸弹人杰克,Mighty Bomb Jack,マイティボンジャック,是,FC/NES,特库摩,1986年4月24日,1987年7月,,https://zh.wikipedia.org/wiki/%E7%82%B8%E5%BC%B9%E4%BA%BA%E6%9D%B0%E5%85%8B,【雷文】红白机游戏终极鉴赏10期-1986年4-5月 | 4K,14:53,https://www.bilibili.com/video/BV1kHZJYkE5C/?t=893
gradius,宇宙巡航舰,Gradius,グラディウス,是,FC/NES,科乐美,1986年4月25日,1986年12月,1988年11月30日,https://zh.wikipedia.org/wiki/%E5%AE%87%E5%AE%99%E5%B7%A1%E8%88%AA%E8%89%A6_(%E9%81%8A%E6%88%B2),【雷文】红白机游戏终极鉴赏10期-1986年4-5月 | 4K,16:52,https://www.bilibili.com/video/BV1kHZJYkE5C/?t=1012
sansuu-1-nen-keisan-game,算术一年级,Sansuu 1 Nen - Keisan Game,けいさんゲーム さんすう1年,否,FC,东京书籍,1986年4月25日,,,,,,
sansuu-2-nen-keisan-game,算术二年级,Sansuu 2 Nen - Keisan Game,けいさんゲーム 算数2年,否,FC,东京书籍,1986年4月25日,,,,,,
sansuu-3-nen-keisan-game,算术三年级,Sansuu 3 Nen - Keisan Game,けいさんゲーム 算数3年,否,FC,东京书籍,1986年4月25日,,,,,,
spy-vs-spy,谍对谍,Spy vs. Spy,スパイvsスパイ,是,FC/NES,Seika / KEMCO,1986年4月26日,1988年10月,1990年7月27日,https://zh.wikipedia.org/wiki/%E8%B0%8D%E5%AF%B9%E8%B0%8D_(%E6%B8%B8%E6%88%8F),【雷文】红白机游戏终极鉴赏10期-1986年4-5月 | 4K,20:59,https://www.bilibili.com/video/BV1kHZJYkE5C/?t=1259
seicross,霹雳机车,Seicross,セクロス,是,FC/NES,FCI / 日本物产,1986年5月19日,1988年10月,,https://zh.wikipedia.org/wiki/%E9%9C%B9%E9%9B%B3%E6%9C%BA%E8%BD%A6,【雷文】红白机游戏终极鉴赏10期-1986年4-5月 | 4K,23:05,https://www.bilibili.com/video/BV1kHZJYkE5C/?t=1385
dragon-warrior,勇者斗恶龙,Dragon Warrior,ドラゴンクエスト,是,FC/NES,任天堂 / 艾尼克斯,1986年5月27日,1989年8月,,https://zh.wikipedia.org/wiki/%E5%8B%87%E8%80%85%E6%96%97%E6%81%B6%E9%BE%99_(%E6%B8%B8%E6%88%8F),【雷文】红白机游戏终极鉴赏10期-1986年4-5月 | 4K,24:29,https://www.bilibili.com/video/BV1kHZJYkE5C/?t=1469
b-wings,B计划,B - Wings,B-WING,否,FC,Data East,1986年6月3日,,,https://zh.wikipedia.org/wiki/B%E8%AE%A1%E5%88%92,【雷文】红白机游戏终极鉴赏11期-1986年6-7月 | 4K,00:57,https://www.bilibili.com/video/BV1eUZZYBE3b/?t=57
bird-week,鸟的故事,Bird Week,バード・ウィーク,否,FC,东芝EMI,1986年6月3日,,,https://zh.wikipedia.org/wiki/%E9%B8%9F%E7%9A%84%E6%95%85%E4%BA%8B,【雷文】红白机游戏终极鉴赏11期-1986年6-7月 | 4K,03:07,https://www.bilibili.com/video/BV1eUZZYBE3b/?t=187
gumshoe,秘密行动,Gumshoe,,否,NES,任天堂,,1986年6月6日,1988年6月15日,,【雷文】红白机游戏终极鉴赏12期-1986年8-9月 | 4K,04:05,https://www.bilibili.com/video/BV1JwdPYWEWH/?t=245
ghosts-n-goblins,魔界村,Ghosts'n Goblins,魔界村,是,FC/NES,Capcom / 卡普空,1986年6月13日,1986年11月,1989年3月23日,https://zh.wikipedia.org/wiki/%E9%AD%94%E7%95%8C%E6%9D%91,【雷文】红白机游戏终极鉴赏11期-1986年6-7月 | 4K,06:55,https://www.bilibili.com/video/BV1eUZZYBE3b/?t=415
star-soldier,星际战机,Star Soldier,スターソルジャー,是,FC/NES,Taxan / Hudson Soft,1986年6月13日,1989年1月,,https://zh.wikipedia.org/wiki/%E6%98%9F%E9%99%85%E6%88%98%E5%A3%AB,【雷文】红白机游戏终极鉴赏11期-1986年6-7月 | 4K,08:48,https://www.bilibili.com/video/BV1eUZZYBE3b/?t=528
kung-fu-heroes,超级中国人,Kung-Fu Heroes,スーパーチャイニーズ,是,FC/NES,Culture Brain / 南梦宫,1986年6月20日,1989年3月,,https://zh.wikipedia.org/wiki/%E8%B6%85%E7%BA%A7%E4%B8%AD%E5%9B%BD%E4%BA%BA,【雷文】红白机游戏终极鉴赏11期-1986年6-7月 | 4K,11:06,https://www.bilibili.com/video/BV1eUZZYBE3b/?t=666
choplifter,救援直升机,Choplifter,チョップリフター,否,FC,Jaleco,1986年6月26日,,,https://zh.wikipedia.org/wiki/%E6%95%91%E6%8F%B4%E7%9B%B4%E5%8D%87%E6%9C%BA,【雷文】红白机游戏终极鉴赏11期-1986年6-7月 | 4K,13:22,https://www.bilibili.com/video/BV1eUZZYBE3b/?t=802
sqoon,潜水艇大作战,Sqoon,スクーン,是,FC/NES,Irem,1986年6月26日,1987年9月,,https://zh.wikipedia.org/wiki/%E6%BD%9C%E6%B0%B4%E8%89%87%E5%A4%A7%E4%BD%9C%E6%88%98,【雷文】红白机游戏终极鉴赏11期-1986年6-7月 | 4K,15:08,https://www.bilibili.com/video/BV1eUZZYBE3b/?t=908
kanshakudama-nage-kantarou-no-toukaidou-gojuusan-tsugi,东海道五十三次,Kanshakudama Nage Kantarou no Toukaidou Gojuusan Tsugi,東海道五十三次,否,FC,Sun电子,1986年7月3日,,,https://zh.wikipedia.org/wiki/%E4%B8%9C%E6%B5%B7%E9%81%93%E4%BA%94%E5%8D%81%E4%B8%89%E6%AC%A1_(%E6%B8%B8%E6%88%8F),【雷文】红白机游戏终极鉴赏11期-1986年6-7月 | 4K,16:54,https://www.bilibili.com/video/BV1eUZZYBE3b/?t=1014
babel-no-tou,巴比伦塔,Babel no Tou,バベルの塔,否,FC,南梦宫,1986年7月18日,,,https://zh.wikipedia.org/wiki/%E5%B7%B4%E6%AF%94%E4%BC%A6%E5%A1%94_(%E6%B8%B8%E6%88%8F),【雷文】红白机游戏终极鉴赏11期-1986年6-7月 | 4K,19:26,https://www.bilibili.com/video/BV1eUZZYBE3b/?t=1166
volleyball,排球,Volleyball,バレーボール,是,FDS/NES,任天堂,1986年7月21日,1987年3月,1987年11月15日,https://zh.wikipedia.org/wiki/%E6%8E%92%E7%90%83_(%E7%94%B5%E5%AD%90%E6%B8%B8%E6%88%8F),【雷文】红白机游戏终极鉴赏11期-1986年6-7月 | 4K,21:48,https://www.bilibili.com/video/BV1eUZZYBE3b/?t=1308
ganbare-goemon-karakuri-douchuu,大盗五佑卫门,Ganbare Goemon! - Karakuri Douchuu,がんばれゴエモン!からくり道中,否,FC,科乐美,1986年7月30日,,,https://zh.wikipedia.org/wiki/%E5%A4%A7%E7%9B%97%E4%BA%94%E4%BD%91%E5%8D%AB%E9%97%A8,,,
namida-no-soukoban-special,仓库番,Namida no Soukoban Special,涙の倉庫番スペシャル,否,FDS,アスキー,1986年7月30日,,,,,,
solomon-s-key,所罗门之匙,Solomon's Key,ソロモンの鍵,是,FC/FDS/NES,特库摩,1986年7月30日,1987年7月,1990年3月30日,https://zh.wikipedia.org/wiki/%E6%89%80%E7%BD%97%E9%97%A8%E4%B9%8B%E5%8C%99_(%E6%B8%B8%E6%88%8F),【雷文】红白机游戏终极鉴赏11期-1986年6-7月 | 4K,27:09,https://www.bilibili.com/video/BV1eUZZYBE3b/?t=1629
valkyrie-no-bouken-toki-no-kagi-densetsu,女武士大冒险 时之钥传说,Valkyrie no Bouken - Toki no Kagi Densetsu,ワルキューレの冒険 時の鍵伝説,否,FC,南梦宫,1986年8月1日,,,https://zh.wikipedia.org/wiki/%E5%A5%B3%E6%AD%A6%E5%A3%AB%E5%A4%A7%E5%86%92%E9%99%A9_%E6%97%B6%E4%B9%8B%E9%92%A5%E4%BC%A0%E8%AF%B4,【雷文】红白机游戏终极鉴赏12期-1986年8-9月 | 4K,01:25,https://www.bilibili.com/video/BV1JwdPYWEWH/?t=85
metroid,银河战士,Metroid,メトロイド,是,FDS/NES,任天堂,1986年8月6日,1987年8月,1988年1月15日,https://zh.wikipedia.org/wiki/%E9%93%B6%E6%B2%B3%E6%88%98%E5%A3%AB_(%E6%B8%B8%E6%88%8F),【雷文】红白机游戏终极鉴赏12期-1986年8-9月 | 4K,05:56,https://www.bilibili.com/video/BV1JwdPYWEWH/?t=356
musashi-no-ken-tadaima-shugyou-chuu,六三四之剑,Musashi no Ken - Tadaima Shugyou Chuu,六三四の剣 ただいま修行中,否,FC,太东,1986年8月8日,,,https://zh.wikipedia.org/wiki/%E5%85%AD%E4%B8%89%E5%9B%9B%E4%B9%8B%E5%89%91_(%E7%BA%A2%E7%99%BD%E6%9C%BA),【雷文】红白机游戏终极鉴赏12期-1986年8-9月 | 4K,09:22,https://www.bilibili.com/video/BV1JwdPYWEWH/?t=562
hokuto-no-ken,北斗神拳,Hokuto no Ken,北斗の拳,否,FC,东映动画,1986年8月10日,,,https://zh.wikipedia.org/wiki/%E5%8C%97%E6%96%97%E7%A5%9E%E6%8B%B3_(%E6%B8%B8%E6%88%8F),,,
jajamaru-no-dai-bouken,茶茶丸大冒险,Jajamaru no Dai Bouken,じゃじゃ丸の大冒険,否,FC,Jaleco,1986年8月22日,,,https://zh.wikipedia.org/wiki/%E8%8C%B6%E8%8C%B6%E4%B8%B8%E5%A4%A7%E5%86%92%E9%99%A9,【雷文】红白机游戏终极鉴赏12期-1986年8-9月 | 4K,13:26,https://www.bilibili.com/video/BV1JwdPYWEWH/?t=806
sky-kid,天堂鸟,Sky Kid,スカイキッド,是,FC/NES,Sun电子 / 南梦宫,1986年8月22日,1987年9月,,https://zh.wikipedia.org/wiki/%E5%A4%A9%E5%A0%82%E9%B8%9F_(%E6%B8%B8%E6%88%8F),【雷文】红白机游戏终极鉴赏12期-1986年8-9月 | 4K,15:30,https://www.bilibili.com/video/BV1JwdPYWEWH/?t=930
i-am-a-teacher-super-mario-no-sweater,我是老师系列：玛丽编织,I am a Teacher - Super Mario no Sweater,アイアムアティーチャー スーパーマリオのセーター,否,FDS,ロイヤル工业,1986年8月27日,,,,【雷文】红白机游戏终极鉴赏12期-1986年8-9月 | 4K,17:11,https://www.bilibili.com/video/BV1JwdPYWEWH/?t=1031
mobile-suit-z-gundam-hot-scramble,机动战士Z 高达：HOT SCRAMBLE,Mobile Suit Z Gundam - Hot Scramble,機動戦士Ζガンダム・ホットスクランブル,否,FC,万代,1986年8月28日,,,https://zh.wikipedia.org/wiki/%E6%9C%BA%E5%8A%A8%E6%88%98%E5%A3%ABZ_GUNDAM%EF%BC%9AHOT_SCRAMBLE,【雷文】红白机游戏终极鉴赏12期-1986年8-9月 | 4K,18:46,https://www.bilibili.com/video/BV1JwdPYWEWH/?t=1126
alpha-mission,阿尔法任务 - 装甲争夺战,Alpha Mission,ASO,是,FC/NES,SNK,1986年9月3日,1987年10月,,https://zh.wikipedia.org/wiki/ASO%E6%88%98%E6%9C%BA,【雷文】红白机游戏终极鉴赏12期-1986年8-9月 | 4K,21:10,https://www.bilibili.com/video/BV1JwdPYWEWH/?t=1270
super-pitfall,超级陷阱,Super Pitfall,スーパーピットフォール,是,FC/NES,动视 / 波丽佳音,1986年9月5日,1987年11月,,https://zh.wikipedia.org/wiki/%E8%B6%85%E7%BA%A7%E9%99%B7%E9%98%B1,【雷文】红白机游戏终极鉴赏12期-1986年8-9月 | 4K,23:16,https://www.bilibili.com/video/BV1JwdPYWEWH/?t=1396
banana,香蕉,Banana,バナナ,否,FC,Victor音乐产业,1986年9月8日,,,https://zh.wikipedia.org/wiki/%E9%A6%99%E8%95%89_(1986%E5%B9%B4%E6%B8%B8%E6%88%8F),【雷文】红白机游戏终极鉴赏12期-1986年8-9月 | 4K,24:55,https://www.bilibili.com/video/BV1JwdPYWEWH/?t=1495
adventure-island,高桥名人之冒险岛,Adventure Island,高橋名人の冒険島,是,FC/NES,Hudson Soft,1986年9月12日,1988年9月,1992年,https://zh.wikipedia.org/wiki/%E9%AB%98%E6%A9%8B%E5%90%8D%E4%BA%BA%E4%B9%8B%E5%86%92%E9%9A%AA%E5%B3%B6,,,
king-s-knight,国王骑士,King's Knight,キングスナイト,是,FC/NES,史克威尔,1986年9月18日,1989年9月,,https://zh.wikipedia.org/wiki/%E5%9B%BD%E7%8E%8B%E9%AA%91%E5%A3%AB,【雷文】红白机游戏终极鉴赏12期-1986年8-9月 | 4K,28:45,https://www.bilibili.com/video/BV1JwdPYWEWH/?t=1725
koneko-monogatari-the-adventures-of-chatran,猫咪物语,Koneko Monogatari - The Adventures of Chatran,子猫物語,否,FDS,波丽佳音,1986年9月19日,,,,,,
super-xevious-gump-no-nazo,超级铁板阵 加索布之谜,Super Xevious - Gump no Nazo,スーパーゼビウス ガンプの謎,否,FC,南梦宫,1986年9月19日,,,https://zh.wikipedia.org/wiki/%E8%B6%85%E7%BA%A7%E9%93%81%E6%9D%BF%E9%98%B5_%E5%8A%A0%E7%B4%A2%E5%B8%83%E4%B9%8B%E8%B0%9C,【雷文】红白机游戏终极鉴赏13期-1986年9-10月 | 4K,03:14,https://www.bilibili.com/video/BV1ULdaYEEb3/?t=194
ghostbusters,魔鬼克星,Ghostbusters,ゴーストバスターズ,是,FC/NES,动视 / 德间书店,1986年9月22日,1988年10月,,https://zh.wikipedia.org/wiki/%E9%AD%94%E9%AC%BC%E5%85%8B%E6%98%9F_(%E6%B8%B8%E6%88%8F),【雷文】红白机游戏终极鉴赏67期-1990年4月上篇 | 4K,07:04,https://www.bilibili.com/video/BV1Qnr2BSENN/?t=424
space-hunter,太空猎人,Space Hunter,スペースハンター,否,FC,KEMCO,1986年9月25日,,,https://zh.wikipedia.org/wiki/%E5%A4%AA%E7%A9%BA%E7%8C%8E%E4%BA%BA,【雷文】红白机游戏终极鉴赏13期-1986年9-10月 | 4K,07:05,https://www.bilibili.com/video/BV1ULdaYEEb3/?t=425
i-am-a-teacher-teami-no-kiso,我是老师系列：基础编织,I am a Teacher - Teami no Kiso,アイアムアティーチャー 手あみのきそ,否,FDS,ロイヤル工业,1986年9月26日,,,,【雷文】红白机游戏终极鉴赏13期-1986年9-10月 | 4K,12:01,https://www.bilibili.com/video/BV1ULdaYEEb3/?t=721
commando,战场之狼,Commando,戦場の狼,是,FC/NES,卡普空,1986年9月27日,1986年11月,,https://zh.wikipedia.org/wiki/%E6%88%98%E5%9C%BA%E4%B9%8B%E7%8B%BC,【雷文】红白机游戏终极鉴赏13期-1986年9-10月 | 4K,13:08,https://www.bilibili.com/video/BV1ULdaYEEb3/?t=788
terra-cresta,神鹰一号,Terra Cresta,テラクレスタ,是,FC/NES,Vic Tokai / 日本物产,1986年9月27日,1990年3月,,https://zh.wikipedia.org/wiki/%E7%A5%9E%E9%B9%B0%E4%B8%80%E5%8F%B7,【雷文】红白机游戏终极鉴赏13期-1986年9-10月 | 4K,15:06,https://www.bilibili.com/video/BV1ULdaYEEb3/?t=906
m-u-s-c-l-e,,M.U.S.C.L.E.,,否,NES,万代,,1986年10月,,,,,
bump-n-jump,金龟跳车,Bump 'n' Jump,バギー・ポッパー,是,FC/NES,Vic Tokai / Data East,1986年10月8日,1988年12月,,https://zh.wikipedia.org/wiki/%E9%87%91%E9%BE%9C%E8%B7%B3%E8%BB%8A,【雷文】红白机游戏终极鉴赏13期-1986年9-10月 | 4K,17:33,https://www.bilibili.com/video/BV1ULdaYEEb3/?t=1053
puroresu-famicom-wrestling-association,美式摔跤,Puroresu - Famicom Wrestling Association,プロレス,否,FDS,任天堂,1986年10月21日,,,,【雷文】红白机游戏终极鉴赏13期-1986年9-10月 | 4K,20:51,https://www.bilibili.com/video/BV1ULdaYEEb3/?t=1251
urusei-yatsura-lum-no-wedding-bell,福星小子,Urusei Yatsura - Lum no Wedding Bell,うる星やつら ラムのウェディングベル,否,FC,Jaleco,1986年10月23日,,,https://zh.wikipedia.org/wiki/%E6%A1%83%E5%AD%90120%25,【雷文】红白机游戏终极鉴赏13期-1986年9-10月 | 4K,23:06,https://www.bilibili.com/video/BV1ULdaYEEb3/?t=1386
sansuu-4-nen-keisan-game,算术四年级,Sansuu 4 Nen - Keisan Game,けいさんゲーム 算数4年,否,FC,东京书籍,1986年10月30日,,,,,,
sansuu-5-6-nen-keisan-game,算术五六年级,Sansuu 5 & 6 Nen - Keisan Game,けいさんゲーム 算数5・6年,否,FC,东京书籍,1986年10月30日,,,,,,
mississippi-satsujin-jiken,密西西比杀人事件,Mississippi Satsujin Jiken,ミシシッピー殺人事件,否,FC,Jaleco,1986年10月31日,,,https://zh.wikipedia.org/wiki/%E5%AF%86%E8%A5%BF%E8%A5%BF%E6%AF%94%E6%9D%80%E4%BA%BA%E4%BA%8B%E4%BB%B6,【雷文】红白机游戏终极鉴赏13期-1986年9-10月 | 4K,26:39,https://www.bilibili.com/video/BV1ULdaYEEb3/?t=1599
karate-champ,空手道,Karate Champ,カラテチャンプ,是,FDS/NES,Data East / DECO,1988年7月22日,1986年11月,,,【雷文】红白机游戏终极鉴赏07期-1985年11月 | 4K,22:52,https://www.bilibili.com/video/BV1riQRYtE2J/?t=1372
ginga-denshou-galaxy-odyssey,银河传承,Ginga Denshou - Galaxy Odyssey,銀河伝承,否,FDS,イマジニア,1986年11月6日,,,,【雷文】红白机游戏终极鉴赏14期-1986年11月 | 4K,01:27,https://www.bilibili.com/video/BV1ti5izvErs/?t=87
super-star-force,超级星际力量 时空历的秘密,Super Star Force,スーパースターフォース 時空暦の秘密,否,FC,特库摩,1986年11月11日,,,https://zh.wikipedia.org/wiki/%E8%B6%85%E7%BA%A7%E6%98%9F%E9%99%85%E5%8A%9B%E9%87%8F_%E6%97%B6%E7%A9%BA%E5%8E%86%E7%9A%84%E7%A7%98%E5%AF%86,【雷文】红白机游戏终极鉴赏14期-1986年11月 | 4K,04:43,https://www.bilibili.com/video/BV1ti5izvErs/?t=283
family-trainer-no-1-athletic-world,跳跳板系列01：运动世界,Family Trainer No.1 - Athletic World,ファミリートレーナー アスレチックワールド,否,FC,万代,1986年11月12日,,,,,,
meikyuu-kumikyoku,迷宫组曲 米龙的大冒险,Meikyuu Kumikyoku,迷宮組曲,否,FC,Hudson Soft,1986年11月13日,,,https://zh.wikipedia.org/wiki/%E8%BF%B7%E5%AE%AB%E7%BB%84%E6%9B%B2_%E7%B1%B3%E9%BE%99%E7%9A%84%E5%A4%A7%E5%86%92%E9%99%A9,,,
othello,奥赛罗棋,Othello,オセロ,是,FC/FDS/NES,Acclaim Entertainment / 河田,1986年11月13日,1988年12月,,https://zh.wikipedia.org/wiki/%E9%BB%91%E7%99%BD%E6%A3%8B_(1986%E5%B9%B4%E9%81%8A%E6%88%B2),【雷文】红白机游戏终极鉴赏13期-1986年9-10月 | 4K,19:14,https://www.bilibili.com/video/BV1ULdaYEEb3/?t=1154
dead-zone,死亡之城,Dead Zone,デッドゾーン,否,FDS,Sun电子,1986年11月20日,,,,,,
aigiina-no-yogen-from-the-legend-of-balubalouk,古代预言/艾吉娜的寓言,Aigiina no Yogen - From The Legend of Balubalouk,アイギーナの予言,否,FC,VIC东海,1986年11月21日,,,https://zh.wikipedia.org/wiki/%E5%8F%A4%E4%BB%A3%E9%A2%84%E8%A8%80,,,
ganso-saiyuuki-super-monkey-dai-bouken,元祖西游记 超级猴子大冒险,Ganso Saiyuuki - Super Monkey Dai Bouken,元祖西遊記スーパーモンキー大冒険,否,FC,VAP,1986年11月21日,,,https://zh.wikipedia.org/wiki/%E5%85%83%E7%A5%96%E8%A5%BF%E6%B8%B8%E8%AE%B0_%E8%B6%85%E7%BA%A7%E7%8C%B4%E5%AD%90%E5%A4%A7%E5%86%92%E9%99%A9,【雷文】红白机游戏终极鉴赏14期-1986年11月 | 4K,22:09,https://www.bilibili.com/video/BV1ti5izvErs/?t=1329
nagagutsu-wo-haita-neko-sekai-isshuu-80-nichi-dai-bouken,长靴猫环游世界80天,Nagagutsu wo Haita Neko - Sekai Isshuu 80 Nichi Dai Bouken,長靴をはいた猫 世界一周80日大冒険,否,FC,东映动画,1986年11月21日,,,https://zh.wikipedia.org/wiki/%E9%95%BF%E9%9D%B4%E7%8C%AB%E7%8E%AF%E6%B8%B8%E4%B8%96%E7%95%8C80%E5%A4%A9,【雷文】红白机游戏终极鉴赏14期-1986年11月 | 4K,24:50,https://www.bilibili.com/video/BV1ti5izvErs/?t=1490
ikari-warriors,怒,Ikari Warriors,怒,是,FC/NES,SNK / K. Amusement Leasing,1986年11月26日,1987年5月,1989年8月10日,https://zh.wikipedia.org/wiki/%E6%80%92_(%E6%B8%B8%E6%88%8F),【雷文】红白机游戏终极鉴赏14期-1986年11月 | 4K,27:08,https://www.bilibili.com/video/BV1ti5izvErs/?t=1628
mappy-land,猫捉老鼠2,Mappy-Land,マッピーランド,是,FC/NES,Taxan / 南梦宫,1986年11月26日,1989年4月,,https://zh.wikipedia.org/wiki/%E7%8C%AB%E6%8D%89%E8%80%81%E9%BC%A02,【雷文】红白机游戏终极鉴赏14期-1986年11月 | 4K,29:25,https://www.bilibili.com/video/BV1ti5izvErs/?t=1765
dragon-power,七龙珠 神龙之谜,Dragon Power,ドラゴンボール 神龍の謎,是,FC/NES,万代,1986年11月27日,1988年3月,,https://zh.wikipedia.org/wiki/%E4%B8%83%E9%BE%99%E7%8F%A0_%E7%A5%9E%E9%BE%99%E4%B9%8B%E8%B0%9C,【雷文】红白机游戏终极鉴赏14期-1986年11月 | 4K,32:08,https://www.bilibili.com/video/BV1ti5izvErs/?t=1928
kineko-kinetic-connection-the-monitor-puzzle,解密方块,Kineko - Kinetic Connection - The Monitor Puzzle,きね子,否,FDS,アイレム,1986年11月28日,,,,,,
zanac,银河号,Zanac,ザナック,是,FDS/NES,FCI / 波丽佳音,1986年11月28日,1987年10月,,,【雷文】红白机游戏终极鉴赏15期-1986年12月·上篇 | 4K,02:31,https://www.bilibili.com/video/BV1cmLMz7E96/?t=151
daiva-imperial-of-nirsartia,超人迪瓦,Daiva - Imperial of Nirsartia,ディーヴァ ナーサティアの玉座,否,FC,东芝EMI,1986年12月5日,,,https://zh.wikipedia.org/wiki/%E8%B6%85%E4%BA%BA%E8%BF%AA%E7%93%A6,【雷文】红白机游戏终极鉴赏15期-1986年12月·上篇 | 4K,10:14,https://www.bilibili.com/video/BV1cmLMz7E96/?t=614
tiger-heli,虎式直升机,Tiger Heli,タイガーヘリ,是,FC/NES,Acclaim Entertainment / 波丽佳音,1986年12月5日,1987年9月,1990年1月17日,https://zh.wikipedia.org/wiki/%E8%99%8E%E5%BC%8F%E7%9B%B4%E5%8D%87%E6%9C%BA_(%E6%B8%B8%E6%88%8F),【雷文】红白机游戏终极鉴赏15期-1986年12月·上篇 | 4K,12:51,https://www.bilibili.com/video/BV1cmLMz7E96/?t=771
transformers-convoy-no-nazo,变形金刚,Transformers - Convoy no Nazo,トランスフォーマー コンボイの謎,否,FC,特佳丽,1986年12月5日,,,https://zh.wikipedia.org/wiki/%E8%AE%8A%E5%BD%A2%E9%87%91%E5%89%9B_(%E9%81%8A%E6%88%B2),【雷文】红白机游戏终极鉴赏15期-1986年12月·上篇 | 4K,14:37,https://www.bilibili.com/video/BV1cmLMz7E96/?t=877
spelunker,地底探险,Spelunker,ホッターマンの地底探検,是,FC/NES,Brøderbund / ユース,1986年12月6日,1987年9月,,https://zh.wikipedia.org/wiki/%E5%9C%B0%E5%BA%95%E6%8E%A2%E9%99%A9,【雷文】红白机游戏终极鉴赏08期-1985年12月 | 4K,00:58,https://www.bilibili.com/video/BV1pDXxYJEaf/?t=58
gall-force-eternal-story,银河女战士/女孩战争,Gall Force - Eternal Story,ガルフォース,否,FDS,HAL研究所,1986年12月10日,,,,【雷文】红白机游戏终极鉴赏14期-1986年11月 | 4K,12:45,https://www.bilibili.com/video/BV1ti5izvErs/?t=765
r-b-i-baseball,RBI棒球,R.B.I. Baseball,プロ野球ファミリースタジアム,是,FC/NES,南梦宫,1986年12月10日,1988年,,https://zh.wikipedia.org/wiki/%E8%81%8C%E4%B8%9A%E6%A3%92%E7%90%83_%E5%AE%B6%E5%BA%AD%E7%AB%9E%E6%8A%80%E5%9C%BA,【雷文】红白机游戏终极鉴赏15期-1986年12月·上篇 | 4K,18:36,https://www.bilibili.com/video/BV1cmLMz7E96/?t=1116
takeshi-no-chousenjou,北野武的挑战状,Takeshi no Chousenjou,たけしの挑戦状,否,FC,太东,1986年12月10日,,,https://zh.wikipedia.org/wiki/%E5%8C%97%E9%87%8E%E6%AD%A6%E7%9A%84%E6%8C%91%E6%88%98%E7%8A%B6,【雷文】红白机游戏终极鉴赏15期-1986年12月·上篇 | 4K,21:14,https://www.bilibili.com/video/BV1cmLMz7E96/?t=1274
sherlock-holmes-hakushaku-reijou-yuukai-jiken,福尔摩斯 伯爵令媛诱拐事件,Sherlock Holmes - Hakushaku Reijou Yuukai Jiken,シャーロック・ホームズ 伯爵令嬢誘拐事件,否,FC,トーワチキ,1986年12月11日,,,https://zh.wikipedia.org/wiki/%E7%A6%8F%E5%B0%94%E6%91%A9%E6%96%AF_%E4%BC%AF%E7%88%B5%E4%BB%A4%E5%AA%9B%E8%AF%B1%E6%8B%90%E4%BA%8B%E4%BB%B6,【雷文】红白机游戏终极鉴赏15期-1986年12月·上篇 | 4K,24:21,https://www.bilibili.com/video/BV1cmLMz7E96/?t=1461
adian-no-tsue-chinou-game-series,智能游戏系列：亚迪安之杖,Adian no Tsue (Chinou Game Series),アディアンの杖,否,FDS,Sun电子,1986年12月12日,,,,【雷文】红白机游戏终极鉴赏16期-1986年12月·中篇 | 4K,01:09,https://www.bilibili.com/video/BV1D8L9zxEWL/?t=69
doraemon,哆啦A梦,Doraemon,ドラえもん,否,FC,Hudson Soft,1986年12月12日,,,https://zh.wikipedia.org/wiki/%E5%93%86%E5%95%A6A%E6%A2%A6_(1986%E5%B9%B4%E6%B8%B8%E6%88%8F),【雷文】红白机游戏终极鉴赏15期-1986年12月·上篇 | 4K,26:42,https://www.bilibili.com/video/BV1cmLMz7E96/?t=1602
nazo-no-kabe-block-kuzushi,谜之壁,Nazo no Kabe - Block Kuzushi,謎の壁 ブロックくずし,否,FDS,科乐美,1986年12月13日,,,,【雷文】红白机游戏终极鉴赏16期-1986年12月·中篇 | 4K,03:08,https://www.bilibili.com/video/BV1D8L9zxEWL/?t=188
breeder,殖民入侵,Breeder,ブリーダー,否,FDS,ソフトプロ,1986年12月15日,,,,【雷文】红白机游戏终极鉴赏16期-1986年12月·中篇 | 4K,05:09,https://www.bilibili.com/video/BV1D8L9zxEWL/?t=309
deadly-towers,魔钟,Deadly Towers,魔鐘,是,FC/NES,Brøderbund / Irem,1986年12月15日,1987年9月,,https://zh.wikipedia.org/wiki/%E9%AD%94%E9%92%9F,【雷文】红白机游戏终极鉴赏16期-1986年12月·中篇 | 4K,09:41,https://www.bilibili.com/video/BV1D8L9zxEWL/?t=581
suishou-no-dragon,水晶龙,Suishou no Dragon,水晶の龍,否,FDS,DOG,1986年12月15日,,,,【雷文】红白机游戏终极鉴赏16期-1986年12月·中篇 | 4K,07:12,https://www.bilibili.com/video/BV1D8L9zxEWL/?t=432
metro-cross,追赶跑跳蹦,Metro-Cross,メトロクロス,否,FC,南梦宫,1986年12月16日,,,https://zh.wikipedia.org/wiki/%E8%BF%BD%E8%B5%B6%E8%B7%91%E8%B7%B3%E8%B9%A6,【雷文】红白机游戏终极鉴赏16期-1986年12月·中篇 | 4K,12:28,https://www.bilibili.com/video/BV1D8L9zxEWL/?t=748
king-kong-2-ikari-no-megaton-punch,金刚2 愤怒的百万吨拳头,King Kong 2 - Ikari no Megaton Punch,キングコング2 怒りのメガトンパンチ,否,FC,科乐美,1986年12月18日,,,https://zh.wikipedia.org/wiki/%E9%87%91%E5%88%9A2_%E6%84%A4%E6%80%92%E7%9A%84%E7%99%BE%E4%B8%87%E5%90%A8%E6%8B%B3%E5%A4%B4,,,
the-wing-of-madoola,玛多拉之翼,The Wing of Madoola,マドゥーラの翼,否,FC,Sun电子,1986年12月18日,,,https://zh.wikipedia.org/wiki/%E7%8E%9B%E5%A4%9A%E6%8B%89%E4%B9%8B%E7%BF%BC,【雷文】红白机游戏终极鉴赏16期-1986年12月·中篇 | 4K,17:17,https://www.bilibili.com/video/BV1D8L9zxEWL/?t=1037
deep-dungeon-madou-senki,深入地下城：魔洞战记,Deep Dungeon - Madou Senki,ディープダンジョン 魔洞戦記,否,FDS,ハミングバードソフト,1986年12月19日,,,,【雷文】红白机游戏终极鉴赏16期-1986年12月·中篇 | 4K,20:36,https://www.bilibili.com/video/BV1D8L9zxEWL/?t=1236
kid-icarus,光神话 帕尔提娜之镜,Kid Icarus,光神話 パルテナの鏡,是,FDS/NES,任天堂,1986年12月19日,1987年7月,1988年2月15日,https://zh.wikipedia.org/wiki/%E5%85%89%E7%A5%9E%E8%AF%9D_%E5%B8%95%E5%B0%94%E6%8F%90%E5%A8%9C%E4%B9%8B%E9%95%9C,,,
knight-lore-majou-no-ookami-otoko,魔城之狼男,Knight Lore - Majou no Ookami Otoko,ナイト・ロアー,否,FDS,ジャレコ,1986年12月19日,,,,【雷文】红白机游戏终极鉴赏16期-1986年12月·中篇 | 4K,25:45,https://www.bilibili.com/video/BV1D8L9zxEWL/?t=1545
kieta-princess,公主消失记,Kieta Princess,消えたプリンセス,否,FDS,イマジニア,1986年12月20日,,,,【雷文】红白机游戏终极鉴赏17期-1986年12月·下篇 | 4K,03:10,https://www.bilibili.com/video/BV1z9GyzMEHZ/?t=190
layla,女超人蕾拉,Layla,レイラ,否,FC,dB-Soft,1986年12月20日,,,https://zh.wikipedia.org/wiki/%E5%A5%B3%E8%B6%85%E4%BA%BA%E8%95%BE%E6%8B%89,【雷文】红白机游戏终极鉴赏16期-1986年12月·中篇 | 4K,27:38,https://www.bilibili.com/video/BV1D8L9zxEWL/?t=1658
family-trainer-no-2-running-stadium,跳跳板系列02：田径竞技场,Family Trainer No. 2 - Running Stadium,ファミリートレーナー ランニングスタジアム,否,FC,万代,1986年12月23日,,,,【雷文】红白机游戏终极鉴赏17期-1986年12月·下篇 | 4K,06:02,https://www.bilibili.com/video/BV1z9GyzMEHZ/?t=362
star-voyager,宇宙创世纪,Star Voyager,コスモジェネシス,是,FC/NES,Acclaim Entertainment / ASCII,1986年12月23日,1987年9月,,https://zh.wikipedia.org/wiki/%E5%AE%87%E5%AE%99%E5%88%9B%E4%B8%96%E7%BA%AA,【雷文】红白机游戏终极鉴赏17期-1986年12月·下篇 | 4K,07:45,https://www.bilibili.com/video/BV1z9GyzMEHZ/?t=465
seikima-2-akuma-no-gyakushuu,圣饥魔II 恶魔的逆袭,Seikima 2 - Akuma no Gyakushuu,聖飢魔II 悪魔の逆襲,否,FC,CBS・ソニー,1986年12月24日,,,https://zh.wikipedia.org/wiki/%E5%9C%A3%E9%A5%A5%E9%AD%94II_%E6%81%B6%E9%AD%94%E7%9A%84%E9%80%86%E8%A2%AD,【雷文】红白机游戏终极鉴赏17期-1986年12月·下篇 | 4K,12:21,https://www.bilibili.com/video/BV1z9GyzMEHZ/?t=741
trojan,斗者挽歌,Trojan,闘いの挽歌,是,FC/NES,卡普空,1986年12月24日,1987年2月,1989年3月23日,https://zh.wikipedia.org/wiki/%E9%AC%A5%E8%80%85%E7%9A%84%E8%BC%93%E6%AD%8C,【雷文】红白机游戏终极鉴赏17期-1986年12月·下篇 | 4K,09:53,https://www.bilibili.com/video/BV1z9GyzMEHZ/?t=593
electrician,纽约大地震,Electrician,エレクトリシャン,否,FDS,KEMCO,1986年12月25日,,,,【雷文】红白机游戏终极鉴赏17期-1986年12月·下篇 | 4K,17:27,https://www.bilibili.com/video/BV1z9GyzMEHZ/?t=1047
professional-mahjong-gokuu,职业麻将：悟空,Professional Mahjong Gokuu,プロフェッショナル麻雀悟空,否,FDS,アスキー,1986年12月25日,,,,【雷文】红白机游戏终极鉴赏17期-1986年12月·下篇 | 4K,15:12,https://www.bilibili.com/video/BV1z9GyzMEHZ/?t=912
arkanoid,快打砖块,Arkanoid,アルカノイド,是,FC/NES,太东,1986年12月26日,1987年8月,,https://zh.wikipedia.org/wiki/%E5%BF%AB%E6%89%93%E7%A3%9A%E5%A1%8A,,,
crazy-climber,疯狂攀登者,Crazy Climber,クレイジー・クライマー,否,FC,日本物产,1986年12月26日,,,https://zh.wikipedia.org/wiki/%E7%96%AF%E7%8B%82%E6%94%80%E7%99%BB%E8%80%85,【雷文】红白机游戏终极鉴赏17期-1986年12月·下篇 | 4K,22:22,https://www.bilibili.com/video/BV1z9GyzMEHZ/?t=1342
toki-no-tabibito,时空旅人,Toki no Tabibito,時空の旅人,否,FC,KEMCO,1986年12月26日,,,https://zh.wikipedia.org/wiki/%E6%97%B6%E7%A9%BA%E6%97%85%E4%BA%BA_(%E6%B8%B8%E6%88%8F),【雷文】红白机游戏终极鉴赏17期-1986年12月·下篇 | 4K,25:13,https://www.bilibili.com/video/BV1z9GyzMEHZ/?t=1513
gauntlet,铁手套,Gauntlet,,否,NES,Tengen,,1987年1月,,,,,
hi-no-tori-houou-hen-gaou-no-bouken,火之鸟 凤凰篇 我王的冒险,Hi no Tori - Houou Hen : Gaou no Bouken,火の鳥 鳳凰編 我王の冒険,否,FC,科乐美,1987年1月4日,,,https://zh.wikipedia.org/wiki/%E7%81%AB%E4%B9%8B%E9%B3%A5_%E9%B3%B3%E5%87%B0%E7%AF%87_%E6%88%91%E7%8E%8B%E7%9A%84%E5%86%92%E9%9A%AA,【雷文】红白机游戏终极鉴赏18期-1987年1-2月篇 | 4K,01:15,https://www.bilibili.com/video/BV1hGVkzHEkB/?t=75
dragon-buster,屠龙战记,Dragon Buster,ドラゴンバスター,否,FC,南梦宫,1987年1月7日,,,https://zh.wikipedia.org/wiki/%E5%B1%A0%E9%BE%99%E6%88%98%E8%AE%B0,【雷文】红白机游戏终极鉴赏18期-1987年1-2月篇 | 4K,04:15,https://www.bilibili.com/video/BV1hGVkzHEkB/?t=255
labyrinth,魔王迷宫,Labyrinth,ラビリンス 魔王の迷宮,否,FC,德间书店,1987年1月7日,,,https://zh.wikipedia.org/wiki/%E9%AD%94%E7%8E%8B%E8%BF%B7%E5%AE%AB_(1987%E5%B9%B4%E6%B8%B8%E6%88%8F),【雷文】红白机游戏终极鉴赏18期-1987年1-2月篇 | 4K,07:18,https://www.bilibili.com/video/BV1hGVkzHEkB/?t=438
the-legend-of-zelda-2-link-no-bouken,林克的冒险,The Legend of Zelda 2 - Link no Bouken,リンクの冒険,否,FDS,任天堂,1987年1月14日,,,https://zh.wikipedia.org/wiki/%E6%9E%97%E5%85%8B%E7%9A%84%E5%86%92%E9%9A%AA,【雷文】红白机游戏终极鉴赏18期-1987年1-2月篇 | 4K,09:44,https://www.bilibili.com/video/BV1hGVkzHEkB/?t=584
dragon-quest-2,勇者斗恶龙II 恶灵的众神,Dragon Quest 2,ドラゴンクエストII 悪霊の神々,否,FC,艾尼克斯,1987年1月26日,,,https://zh.wikipedia.org/wiki/%E5%8B%87%E8%80%85%E6%96%97%E6%81%B6%E9%BE%99II_%E6%81%B6%E7%81%B5%E7%9A%84%E4%BC%97%E7%A5%9E,,,
ultraman-kaijuu-teikoku-no-gyakushuu,怪兽超人：怪兽帝国的反击,Ultraman - Kaijuu Teikoku no Gyakushuu,ウルトラマン 怪獣帝国の逆襲,否,FDS,万代,1987年1月29日,,,,,,
nazo-no-magazine-disk-nazoraa-land-soukan-gou,猜谜杂志创刊号,Nazo no Magazine Disk - Nazoraa Land Soukan Gou,ナゾラーランド 創刊号,否,FDS,Sun电子,1987年2月6日,,,,【雷文】红白机游戏终极鉴赏18期-1987年1-2月篇 | 4K,22:47,https://www.bilibili.com/video/BV1hGVkzHEkB/?t=1367
the-black-bass,黑巴斯,The Black Bass,ザ・ブラックバス,是,FC/NES,Hot B / HOT-B,1987年2月6日,1989年9月,,https://zh.wikipedia.org/wiki/%E9%BB%91%E5%B7%B4%E6%96%AF,【雷文】红白机游戏终极鉴赏18期-1987年1-2月篇 | 4K,24:57,https://www.bilibili.com/video/BV1hGVkzHEkB/?t=1497
adventures-of-dino-riki,新人类,Adventures of Dino Riki,新人類,是,FC/NES,Hudson Soft / リコーエレメックス,1987年2月10日,1989年9月,,https://zh.wikipedia.org/wiki/%E6%96%B0%E4%BA%BA%E7%B1%BB_(%E6%B8%B8%E6%88%8F),【雷文】红白机游戏终极鉴赏18期-1987年1-2月篇 | 4K,26:50,https://www.bilibili.com/video/BV1hGVkzHEkB/?t=1610
flying-dragon-the-secret-scroll,飞龙之拳 奥义之书,Flying Dragon: The Secret Scroll,飛龍の拳 奥義の書,是,FC/NES,Culture Brain,1987年2月14日,1989年8月,,https://zh.wikipedia.org/wiki/%E9%A3%9E%E9%BE%99%E4%B9%8B%E6%8B%B3_%E5%A5%A5%E4%B9%89%E4%B9%8B%E4%B9%A6,【雷文】红白机游戏终极鉴赏18期-1987年1-2月篇 | 4K,29:06,https://www.bilibili.com/video/BV1hGVkzHEkB/?t=1746
esper-dream,小超人,Esper Dream,エスパードリーム,否,FDS,科乐美,1987年2月20日,,,,,,
golf-japan-course,高尔夫日本公开赛,Golf - Japan Course,ゴルフJAPANコース,否,FDS,任天堂,1987年2月20日,,,,【雷文】红白机游戏终极鉴赏18期-1987年1-2月篇 | 4K,35:00,https://www.bilibili.com/video/BV1hGVkzHEkB/?t=2100
family-trainer-no-3-aerobics-studio,跳跳板系列03：韵律体操中心,Family Trainer No.3 - Aerobics Studio,ファミリートレーナー エアロビスタジオ,否,FC,万代,1987年2月26日,,,,【雷文】红白机游戏终极鉴赏18期-1987年1-2月篇 | 4K,36:58,https://www.bilibili.com/video/BV1hGVkzHEkB/?t=2218
pocket-zaurus-juu-ouken-no-nazo,十王剑之谜,Pocket Zaurus - Juu Ouken no Nazo,ポケットザウルス 十王剣の謎,否,FC,万代,1987年2月27日,,,https://zh.wikipedia.org/wiki/%E5%8D%81%E7%8E%8B%E5%89%91%E4%B9%8B%E8%B0%9C,【雷文】红白机游戏终极鉴赏18期-1987年1-2月篇 | 4K,38:32,https://www.bilibili.com/video/BV1hGVkzHEkB/?t=2312
pro-wrestling,美国职业摔角,Pro Wrestling,,否,NES,任天堂,,1987年3月,1987年9月15日,,,,
marchen-veil,威尔童话,Marchen Veil,メルヘンヴェール,否,FDS,Sun电子,1987年3月3日,,,,【雷文】红白机游戏终极鉴赏19期-1987年3月篇 | 4K,01:05,https://www.bilibili.com/video/BV1yuVozSECE/?t=65
ikinari-musician,热门音乐,Ikinari Musician,いきなりミュージシャン,否,FC,东京书籍,1987年3月5日,,,,【雷文】红白机游戏终极鉴赏19期-1987年3月篇 | 4K,04:59,https://www.bilibili.com/video/BV1yuVozSECE/?t=299
super-lode-runner,超级挖金,Super Lode Runner,スーパーロードランナー,否,FDS,アイレム,1987年3月5日,,,,,,
law-of-the-west,西部法律,Law of the West,ロウ・オブ・ザ・ウエスト,否,FC,波丽佳音,1987年3月6日,,,https://zh.wikipedia.org/wiki/%E8%A5%BF%E9%83%A8%E6%B3%95%E5%BE%8B,【雷文】红白机游戏终极鉴赏19期-1987年3月篇 | 4K,06:42,https://www.bilibili.com/video/BV1yuVozSECE/?t=402
mickey-mousecapade,米老鼠 不可思议之国的大冒险,Mickey Mousecapade,ミッキーマウス 不思議の国の大冒険,是,FC/NES,卡普空 / Hudson Soft,1987年3月6日,1988年10月,,https://zh.wikipedia.org/wiki/%E7%B1%B3%E8%80%81%E9%BC%A0_%E4%B8%8D%E5%8F%AF%E6%80%9D%E8%AE%AE%E4%B9%8B%E5%9B%BD%E7%9A%84%E5%A4%A7%E5%86%92%E9%99%A9,【雷文】红白机游戏终极鉴赏19期-1987年3月篇 | 4K,08:42,https://www.bilibili.com/video/BV1yuVozSECE/?t=522
tobidase-daisakusen,立体大作战,Tobidase Daisakusen,とびだせ大作戦,否,FDS,DOG,1987年3月12日,,,,【雷文】红白机游戏终极鉴赏19期-1987年3月篇 | 4K,11:01,https://www.bilibili.com/video/BV1yuVozSECE/?t=661
city-adventure-touch-mystery-of-triangle,邻家女孩,City Adventure Touch - Mystery of Triangle,CITY ADVENTURE タッチ MYSTERY OF TRIANGLE,否,FC,东宝,1987年3月14日,,,,,,
hana-no-star-kaidou,明星街道/明星之路,Hana no Star Kaidou,花のスター街道,否,FC,Victor音乐产业,1987年3月17日,,,,【雷文】红白机游戏终极鉴赏19期-1987年3月篇 | 4K,15:31,https://www.bilibili.com/video/BV1yuVozSECE/?t=931
the-goonies-2-fratelli-saigo-no-chousen,七宝奇谋2 弗雷泰利最后的挑战,The Goonies 2 - Fratelli Saigo no Chousen,グーニーズ2 フラッテリー最後の挑戦,否,FC,科乐美,1987年3月18日,,,https://zh.wikipedia.org/wiki/%E4%B8%83%E5%AE%9D%E5%A5%87%E8%B0%8B2_%E5%BC%97%E9%9B%B7%E6%B3%B0%E5%88%A9%E6%9C%80%E5%90%8E%E7%9A%84%E6%8C%91%E6%88%98,【雷文】红白机游戏终极鉴赏19期-1987年3月篇 | 4K,18:02,https://www.bilibili.com/video/BV1yuVozSECE/?t=1082
lost-word-of-jenny,珍妮,Lost Word of Jenny,ロストワード・オブ・ジェニー 失われたメッセージ,否,FC,特佳丽,1987年3月25日,,,,【雷文】红白机游戏终极鉴赏19期-1987年3月篇 | 4K,20:47,https://www.bilibili.com/video/BV1yuVozSECE/?t=1247
chitei-tairiku-orudoora,智能游戏系列3：地底大陆,Chitei tairiku orudoora,地底大陸オルドーラ,否,FDS,Sun电子,1987年3月27日,,,,【雷文】红白机游戏终极鉴赏19期-1987年3月篇 | 4K,29:28,https://www.bilibili.com/video/BV1yuVozSECE/?t=1768
nangoku-shirei-spy-vs-spy,谍对谍：南国指令,Nangoku Shirei!! - Spy Vs Spy,南国指令!!スパイvsスパイ,否,FC,KEMCO,1987年3月27日,,,,【雷文】红白机游戏终极鉴赏19期-1987年3月篇 | 4K,23:14,https://www.bilibili.com/video/BV1yuVozSECE/?t=1394
otocky,作曲家,Otocky,オトッキー,否,FDS,アスキー,1987年3月27日,,,,【雷文】红白机游戏终极鉴赏19期-1987年3月篇 | 4K,24:52,https://www.bilibili.com/video/BV1yuVozSECE/?t=1492
super-boy-allen,智能游戏系列2：超级男孩亚伦,Super Boy Allen,スーパーボーイアラン,否,FDS,Sun电子,1987年3月27日,,,,【雷文】红白机游戏终极鉴赏19期-1987年3月篇 | 4K,27:25,https://www.bilibili.com/video/BV1yuVozSECE/?t=1645
winter-games,冬季奥运会,Winter Games,ウィンターゲームズ,是,FDS/NES,Acclaim Entertainment / 波丽佳音,1987年3月27日,1987年9月,,,【雷文】红白机游戏终极鉴赏19期-1987年3月篇 | 4K,31:12,https://www.bilibili.com/video/BV1yuVozSECE/?t=1872
dirty-pair-project-eden,打击魔鬼,Dirty Pair - Project Eden,ダーティペア,否,FDS,万代,1987年3月28日,,,,,,
rush-n-attack,绿色兵团,Rush'n Attack,グリーンベレー,是,FDS/NES,科乐美,1987年4月10日,1987年4月,1988年,https://zh.wikipedia.org/wiki/%E7%B6%A0%E8%89%B2%E5%85%B5%E5%9C%98,【雷文】红白机游戏终极鉴赏20期-1987年4月篇 | 4K,09:15,https://www.bilibili.com/video/BV12hE1zeEca/?t=555
sanma-no-mei-tantei,名侦探秋刀鱼,Sanma no Mei Tantei,さんまの名探偵,否,FC,南梦宫,1987年4月2日,,,,【雷文】红白机游戏终极鉴赏20期-1987年4月篇 | 4K,01:31,https://www.bilibili.com/video/BV12hE1zeEca/?t=91
apple-town-story-little-computer-people,苹果镇物语,Apple Town Story - Little Computer People,アップルタウン物語,否,FDS,スクウェア,1987年4月3日,,,,【雷文】红白机游戏终极鉴赏20期-1987年4月篇 | 4K,04:17,https://www.bilibili.com/video/BV12hE1zeEca/?t=257
cocona-world,可可娜世界,Cocona World,ココナワールド,否,FDS,ソフエル,1987年4月10日,,,,【雷文】红白机游戏终极鉴赏20期-1987年4月篇 | 4K,11:28,https://www.bilibili.com/video/BV12hE1zeEca/?t=688
relics-ankoku-yousai,暗黑要塞,Relics - Ankoku Yousai,レリクス 暗黒要塞,否,FDS,ボーステック,1987年4月10日,,,,【雷文】红白机游戏终极鉴赏20期-1987年4月篇 | 4K,06:26,https://www.bilibili.com/video/BV12hE1zeEca/?t=386
higemaru-makaijima-nanatsu-no-shima-dai-bouken,魔界岛：七个岛大冒险,Higemaru Makaijima - Nanatsu no Shima Dai Bouken,魔界島 七つの島大冒険,否,FC,卡普空,1987年4月14日,,,,,,
morita-kazuo-no-shougi,森田将棋,Morita Kazuo no Shougi,森田将棋,否,FC,Seta,1987年4月14日,,,,【雷文】红白机游戏终极鉴赏20期-1987年4月篇 | 4K,18:51,https://www.bilibili.com/video/BV12hE1zeEca/?t=1131
fist-of-the-north-star,北斗神拳2 世纪末救世主传说,Fist of the North Star,北斗の拳2 世紀末救世主伝説,是,FC/NES,Taxan / 东映动画,1987年4月17日,1989年4月,,https://zh.wikipedia.org/wiki/%E5%8C%97%E6%96%97%E7%A5%9E%E6%8B%B32_%E4%B8%96%E7%BA%AA%E6%9C%AB%E6%95%91%E4%B8%96%E4%B8%BB%E4%BC%A0%E8%AF%B4,【雷文】红白机游戏终极鉴赏20期-1987年4月篇 | 4K,20:18,https://www.bilibili.com/video/BV12hE1zeEca/?t=1218
fuuun-shourinken,风云少林寺,Fuuun Shourinken,風雲少林拳,否,FDS,ジャレコ,1987年4月17日,,,,,,
renegade,热血硬派,Renegade,熱血硬派くにおくん,是,FC/NES,太东 / Technōs Japan,1987年4月17日,1988年1月,,https://zh.wikipedia.org/wiki/%E7%83%AD%E8%A1%80%E7%A1%AC%E6%B4%BE,【雷文】红白机游戏终极鉴赏20期-1987年4月篇 | 4K,22:50,https://www.bilibili.com/video/BV12hE1zeEca/?t=1370
rygar,未来战士,Rygar,アルゴスの戦士 はちゃめちゃ大進撃,是,FC/NES,特库摩,1987年4月17日,1987年7月,1990年3月30日,,【雷文】红白机游戏终极鉴赏20期-1987年4月篇 | 4K,25:18,https://www.bilibili.com/video/BV12hE1zeEca/?t=1518
family-jockey,家庭竞马,Family Jockey,ファミリージョッキー,否,FC,南梦宫,1987年4月24日,,,,【雷文】红白机游戏终极鉴赏20期-1987年4月篇 | 4K,36:00,https://www.bilibili.com/video/BV12hE1zeEca/?t=2160
ai-senshi-nicol,爱战士,Ai Senshi Nicol,愛戦士ニコル,否,FDS,科乐美,1987年4月27日,,,,【雷文】红白机游戏终极鉴赏20期-1987年4月篇 | 4K,31:02,https://www.bilibili.com/video/BV12hE1zeEca/?t=1862
tantei-jinguuji-saburou-shinjuku-chuuou-kouen-satsujin-jik,侦探神宫寺三郎系列：新宿中央公园杀人事件,Tantei Jinguuji Saburou - Shinjuku Chuuou Kouen Satsujin Jik,探偵 神宮寺三郎 新宿中央公園殺人事件,否,FDS,データイースト,1987年4月27日,,,,【雷文】红白机游戏终极鉴赏20期-1987年4月篇 | 4K,33:40,https://www.bilibili.com/video/BV12hE1zeEca/?t=2020
castlevania,恶魔城,Castlevania,悪魔城ドラキュラ,是,FC/FDS/NES,科乐美,1993年2月5日,1987年5月,1988年12月19日,https://zh.wikipedia.org/wiki/%E6%83%A1%E9%AD%94%E5%9F%8E_(%E9%81%8A%E6%88%B2),【雷文】红白机游戏终极鉴赏13期-1986年9-10月 | 4K,09:38,https://www.bilibili.com/video/BV1ULdaYEEb3/?t=578
kineko-kinetic-connection-the-monitor-puzzle-vol-ii,解密方块2,Kineko - Kinetic Connection - The Monitor Puzzle Vol. II,きね子II,否,FDS,アイレム,1987年5月1日,,,,,,
kinnikuman-kinnikusei-oui-soudatsusen,金肉人：金肉星王位争夺战,Kinnikuman - Kinnikusei Oui Soudatsusen,キン肉マン キン肉星王位争奪戦,否,FDS,万代,1987年5月1日,,,,,,
hao-kun-no-fushigina-tabi,不可思议之旅,Hao Kun no Fushigina Tabi,ハオ君の不思議な旅,否,FDS,キャリーラボ,1987年5月11日,,,,【雷文】红白机游戏终极鉴赏21期-1987年5月篇 | 4K,01:15,https://www.bilibili.com/video/BV1pDE9zXEDD/?t=75
seiken-saikokaribaa-majuu-no-mori-densetsu,圣剑除魔：魔兽森林传说,Seiken Saikokaribaa - Majuu no Mori Densetsu,聖剣サイコカリバー,否,FDS,イマジニア,1987年5月19日,,,,【雷文】红白机游戏终极鉴赏21期-1987年5月篇 | 4K,07:16,https://www.bilibili.com/video/BV1pDE9zXEDD/?t=436
youkai-club,妖怪俱乐部,Youkai Club,妖怪倶楽部,否,FC,Jaleco,1987年5月19日,,,,【雷文】红白机游戏终极鉴赏21期-1987年5月篇 | 4K,10:04,https://www.bilibili.com/video/BV1pDE9zXEDD/?t=604
dynamite-bowl,保龄球,Dynamite Bowl,ダイナマイトボウル,否,FC,东芝EMI,1987年5月24日,,,,【雷文】红白机游戏终极鉴赏21期-1987年5月篇 | 4K,12:24,https://www.bilibili.com/video/BV1pDE9zXEDD/?t=744
pro-golfer-saru-kage-no-tournament,高尔夫 猿：影的淘汰赛,Pro Golfer Saru - Kage no Tournament,プロゴルファー猿,否,FDS,万代,1987年5月25日,,,,【雷文】红白机游戏终极鉴赏21期-1987年5月篇 | 4K,13:48,https://www.bilibili.com/video/BV1pDE9zXEDD/?t=828
family-trainer-no-4-jogging-race,跳跳板系列04 慢跑锦标赛,Family Trainer No.4 - Jogging Race,ファミリートレーナー ジョギングレース,否,FC,万代,1987年5月28日,,,,【雷文】红白机游戏终极鉴赏21期-1987年5月篇 | 4K,18:58,https://www.bilibili.com/video/BV1pDE9zXEDD/?t=1138
meikyuu-jiin-dababa,迷宫寺院,Meikyuu Jiin - Dababa,迷宮寺院ダババ,否,FDS,科乐美,1987年5月29日,,,,【雷文】红白机游戏终极鉴赏21期-1987年5月篇 | 4K,20:58,https://www.bilibili.com/video/BV1pDE9zXEDD/?t=1258
deep-dungeon-2-yuushi-no-monshou,深入地下城2：勇士的纹章,Deep Dungeon 2 - Yuushi no Monshou,ディープダンジョン2 勇士の紋章,否,FDS,ハミングバードソフト,1987年5月30日,,,,【雷文】红白机游戏终极鉴赏21期-1987年5月篇 | 4K,25:31,https://www.bilibili.com/video/BV1pDE9zXEDD/?t=1531
smash-ping-pong,桌球,Smash Ping-Pong,スマッシュピンポン,否,FDS,任天堂,1987年5月30日,,,,,,
side-pocket,花式撞球,Side Pocket,サイドポケット,是,FC/NES,Data East / 南梦宫,1987年10月30日,1987年6月,1992年5月27日,,【雷文】红白机游戏终极鉴赏28期-1987年10月下篇 | 4K,13:43,https://www.bilibili.com/video/BV1RkNCz3ELS/?t=823
reflect-world,反射世界,Reflect World,リフレクトワールド,否,FDS,イーストキューブ,1987年6月2日,,,,【雷文】红白机游戏终极鉴赏22期-1987年6月篇 | 4K,01:18,https://www.bilibili.com/video/BV1HhjbzkEE6/?t=78
athena,雅典娜,Athena,アテナ,是,FC/NES,SNK,1987年6月5日,1987年8月,,,【雷文】红白机游戏终极鉴赏22期-1987年6月篇 | 4K,03:45,https://www.bilibili.com/video/BV1HhjbzkEE6/?t=225
takahashi-meijin-no-bugutte-honey,高桥名人冒险岛外传,Takahashi Meijin no Bugutte Honey,高橋名人のBUGってハニー,否,FC,Hudson Soft,1987年6月5日,,,,【雷文】红白机游戏终极鉴赏22期-1987年6月篇 | 4K,06:08,https://www.bilibili.com/video/BV1HhjbzkEE6/?t=368
herakles-no-eikou-toujin-makyou-den,海格力斯的荣光 斗人魔境传,Herakles no Eikou - Toujin Makyou Den,闘人魔境伝 ヘラクレスの栄光,否,FC,Data East,1987年6月12日,,,https://zh.wikipedia.org/wiki/%E6%B5%B7%E6%A0%BC%E5%8A%9B%E6%96%AF%E7%9A%84%E8%8D%A3%E5%85%89_%E6%96%97%E4%BA%BA%E9%AD%94%E5%A2%83%E4%BC%A0,【雷文】红白机游戏终极鉴赏22期-1987年6月篇 | 4K,08:59,https://www.bilibili.com/video/BV1HhjbzkEE6/?t=539
nazo-no-magazine-disk-nazoraa-land-dai-2-gou,猜谜杂志 第2号,Nazo no Magazine Disk - Nazoraa Land Dai 2 Gou,ナゾラーランド第2号,否,FDS,Sun电子,1987年6月12日,,,,【雷文】红白机游戏终极鉴赏22期-1987年6月篇 | 4K,12:06,https://www.bilibili.com/video/BV1HhjbzkEE6/?t=726
golf-u-s-course,高尔夫美国公开赛,Golf - U.S. Course,ゴルフUSコース,否,FDS,任天堂,1987年6月14日,,,,【雷文】红白机游戏终极鉴赏22期-1987年6月篇 | 4K,13:53,https://www.bilibili.com/video/BV1HhjbzkEE6/?t=833
dr-chaos-jigoku-no-tobira,混沌先生：地狱之门,Dr. Chaos - Jigoku no Tobira,ドクターカオス,否,FDS,波丽佳音,1987年6月19日,,,,【雷文】红白机游戏终极鉴赏22期-1987年6月篇 | 4K,15:43,https://www.bilibili.com/video/BV1HhjbzkEE6/?t=943
michael-english-dai-bouken,小猫英语大冒险,Michael English Dai Bouken,マイケルEnglish大冒険,否,FDS,スコーピオンソフト,1987年6月19日,,,,【雷文】红白机游戏终极鉴赏22期-1987年6月篇 | 4K,18:07,https://www.bilibili.com/video/BV1HhjbzkEE6/?t=1087
ring-king,家庭拳击,Ring King,ファミリーボクシング,是,FC/NES,Data East / 南梦宫,1987年6月19日,1987年9月,,,【雷文】红白机游戏终极鉴赏22期-1987年6月篇 | 4K,19:45,https://www.bilibili.com/video/BV1HhjbzkEE6/?t=1185
woody-poko,木偶奇遇记,Woody Poko,うっでいぽこ,否,FC,dB-Soft,1987年6月20日,,,,【雷文】红白机游戏终极鉴赏22期-1987年6月篇 | 4K,22:19,https://www.bilibili.com/video/BV1HhjbzkEE6/?t=1339
bases-loaded,满垒王,Bases Loaded,燃えろ!!プロ野球,是,FC/NES,Jaleco,1987年6月26日,1988年7月,,,,,
exciting-billiard,科乐美台球,Exciting Billiard,エキサイティングビリヤード,否,FDS,科乐美,1987年6月26日,,,,,,
okhotsk-ni-kiyu-hokkaidou-rensa-satsujin,北海道连续杀人事件,Okhotsk ni Kiyu - Hokkaidou Rensa Satsujin,北海道連鎖殺人 オホーツクに消ゆ,否,FC,ASCII,1987年6月27日,,,,【雷文】红白机游戏终极鉴赏22期-1987年6月篇 | 4K,29:48,https://www.bilibili.com/video/BV1HhjbzkEE6/?t=1788
tokoro-san-no-mamoru-mo-semeru-mo,百战大出击,Tokoro San no Mamoru mo Semeru mo,所さんのまもるもせめるも,否,FC,Epic-Sony,1987年6月27日,,,,【雷文】红白机游戏终极鉴赏22期-1987年6月篇 | 4K,32:30,https://www.bilibili.com/video/BV1HhjbzkEE6/?t=1950
mirai-shinwa-jarvas,未来神话,Mirai Shinwa Jarvas,未来神話ジャーヴァス,否,FC,太东,1987年6月30日,,,,【雷文】红白机游戏终极鉴赏22期-1987年6月篇 | 4K,34:16,https://www.bilibili.com/video/BV1HhjbzkEE6/?t=2056
athletic-world,任天堂跳跳板 - 运动世界,Athletic World,,否,NES,北美：万代欧洲：任天堂,,1987年7月,1988年6月15日,,,,
section-z,绝对合体,Section Z,アバドックス,是,FC/FDS/NES,卡普空 / Natsume,1989年12月15日,1987年7月,1989年9月27日,,【雷文】红白机游戏终极鉴赏21期-1987年5月篇 | 4K,15:58,https://www.bilibili.com/video/BV1pDE9zXEDD/?t=958
jikai-shounen-met-mag,磁界少年,Jikai Shounen Met Mag,磁界少年メット・マグ,否,FDS,シンキングラビット,1987年7月3日,,,,【雷文】红白机游戏终极鉴赏23期-1987年7月篇 | 4K,01:02,https://www.bilibili.com/video/BV1Jo7VzYEge/?t=62
zombie-hunter,僵尸猎人,Zombie Hunter,ゾンビハンター,否,FC,ハイスコアメディアワーク,1987年7月3日,,,,【雷文】红白机游戏终极鉴赏23期-1987年7月篇 | 4K,03:18,https://www.bilibili.com/video/BV1Jo7VzYEge/?t=198
getsufuu-maden,月风魔传,Getsufuu Maden,月風魔伝,否,FC,科乐美,1987年7月7日,,,https://zh.wikipedia.org/wiki/%E6%9C%88%E9%A2%A8%E9%AD%94%E5%82%B3,【雷文】红白机游戏终极鉴赏23期-1987年7月篇 | 4K,06:32,https://www.bilibili.com/video/BV1Jo7VzYEge/?t=392
booby-kids,时空小子,Booby Kids,ブービーキッズ,否,FC,日本物产,1987年7月10日,,,,【雷文】红白机游戏终极鉴赏23期-1987年7月篇 | 4K,10:05,https://www.bilibili.com/video/BV1Jo7VzYEge/?t=605
yume-koujou-doki-doki-panic,梦工厂悸动恐慌,Yume Koujou Doki Doki Panic,夢工場ドキドキパニック,否,FDS,富士电视台,1987年7月10日,,,https://zh.wikipedia.org/wiki/%E5%A4%A2%E5%B7%A5%E5%BB%A0%E6%82%B8%E5%8B%95%E6%81%90%E6%85%8C,【雷文】红白机游戏终极鉴赏23期-1987年7月篇 | 4K,11:49,https://www.bilibili.com/video/BV1Jo7VzYEge/?t=709
starship-hector,古文明之战,Starship Hector,ヘクター'87,是,FC/NES,Hudson Soft,1987年7月16日,1990年6月,,,【雷文】红白机游戏终极鉴赏23期-1987年7月篇 | 4K,14:51,https://www.bilibili.com/video/BV1Jo7VzYEge/?t=891
legacy-of-the-wizard,屠龙剑IV 屠龙家族,Legacy of the Wizard,ドラゴンスレイヤーIV ドラスレファミリー,是,FC/NES,Brøderbund / 南梦宫,1987年7月17日,1989年4月,,https://zh.wikipedia.org/wiki/%E5%B1%A0%E9%BE%99%E5%89%91IV_%E5%B1%A0%E9%BE%99%E5%AE%B6%E6%97%8F,【雷文】红白机游戏终极鉴赏23期-1987年7月篇 | 4K,17:00,https://www.bilibili.com/video/BV1Jo7VzYEge/?t=1020
jongbou,雀棒,Jongbou,ジャンボウ,否,FC,K. Amusement Leasing,1987年7月18日,,,,【雷文】红白机游戏终极鉴赏23期-1987年7月篇 | 4K,19:49,https://www.bilibili.com/video/BV1Jo7VzYEge/?t=1189
fantasy-zone,幻想空间,Fantasy Zone,ファンタジーゾーン,否,FC,Sun电子,1987年7月20日,,,,,,
batsu-terii,魔境铁人,Batsu & Terii,バツ&テリー 魔境の鉄人レース,否,FC,ユース,1987年7月22日,,,,【雷文】红白机游戏终极鉴赏23期-1987年7月篇 | 4K,23:50,https://www.bilibili.com/video/BV1Jo7VzYEge/?t=1430
cleopatra-no-mahou,埃及艳后的魔宝,Cleopatra no Mahou,クレオパトラの魔宝,否,FDS,スクウェア,1987年7月24日,,,,【雷文】红白机游戏终极鉴赏23期-1987年7月篇 | 4K,25:50,https://www.bilibili.com/video/BV1Jo7VzYEge/?t=1550
exciting-basketball,科乐美篮球,Exciting Basketball,エキサイティングバスケット,否,FDS,科乐美,1987年7月24日,,,,,,
titanic-mystery-ao-no-senritsu,铁达尼沉没记：苍的战栗,Titanic Mystery - Ao no Senritsu,タイタニックミステリー,否,FDS,学研,1987年7月24日,,,,,,
chester-field-ankoku-shin-heno-chousen,暗黑神的挑战,Chester Field - Ankoku Shin heno Chousen,チェスター・フィールド,否,FC,VIC东海,1987年7月30日,,,,【雷文】红白机游戏终极鉴赏23期-1987年7月篇 | 4K,33:35,https://www.bilibili.com/video/BV1Jo7VzYEge/?t=2015
karaoke-studio,卡啦OK,Karaoke Studio,カラオケスタジオ,否,FC,万代,1987年7月30日,,,,,,
family-trainer-no-5-meiro-dai-sakusen,跳跳板系列05：迷路大挑战,Family Trainer No.5 - Meiro Dai Sakusen,ファミリートレーナー 迷路大作戦,否,FC,万代,1987年7月31日,,,,,,
monty-no-doki-doki-dai-dassou,大逃亡,Monty no Doki Doki Dai Dassou,モンティのドキドキ大脱走,否,FDS,ジャレコ,1987年7月31日,,,,【雷文】红白机游戏终极鉴赏24期-1987年8月上篇 | 4K,02:04,https://www.bilibili.com/video/BV1wB7Dz3ESf/?t=124
slalom,障碍滑雪赛,Slalom,,否,NES,任天堂,,1987年8月,1987年10月15日,,【雷文】红白机游戏终极鉴赏24期-1987年8月上篇 | 4K,06:30,https://www.bilibili.com/video/BV1wB7Dz3ESf/?t=390
mahjong-kazoku,麻将家族,Mahjong Kazoku,麻雀家族,否,FDS,アイレム,1987年8月4日,,,,【雷文】红白机游戏终极鉴赏24期-1987年8月上篇 | 4K,08:11,https://www.bilibili.com/video/BV1wB7Dz3ESf/?t=491
miracle-ropit-s-adventure-in-2100,2100大冒险,Miracle Ropit's Adventure in 2100,ミラクルロピット 2100年の大冒険,否,FC,キングレコード,1987年8月7日,,,,【雷文】红白机游戏终极鉴赏24期-1987年8月上篇 | 4K,09:44,https://www.bilibili.com/video/BV1wB7Dz3ESf/?t=584
rad-racer,公路之星,Rad Racer,ハイウェイスター,是,FC/NES,任天堂 / 史克威尔,1987年8月7日,1987年10月1日,1988年1月15日,,,,
robowarrior,机器人战士之王,Robowarrior,ボンバーキング,是,FC/NES,Jaleco / Hudson Soft,1987年8月7日,1988年12月,1989年9月27日,,【雷文】红白机游戏终极鉴赏24期-1987年8月上篇 | 4K,14:59,https://www.bilibili.com/video/BV1wB7Dz3ESf/?t=899
erunaaku-no-zaihou,艾鲁那财宝,Erunaaku no Zaihou,エルナークの財宝,否,FC,トーワチキ,1987年8月10日,,,,,,
saint-seiya-ougon-densetsu,圣斗士星矢：黄金传说,Saint Seiya - Ougon Densetsu,聖闘士星矢 黄金伝説,否,FC,万代,1987年8月10日,,,,【雷文】红白机游戏终极鉴赏24期-1987年8月上篇 | 4K,21:27,https://www.bilibili.com/video/BV1wB7Dz3ESf/?t=1287
arumana-no-kiseki,奇迹之石,Arumana no Kiseki,アルマナの奇跡,否,FDS,科乐美,1987年8月11日,,,,【雷文】红白机游戏终极鉴赏25期-1987年8月下篇 | 4K,00:28,https://www.bilibili.com/video/BV1WYTTzbEgP/?t=28
family-mahjong,家庭麻将,Family Mahjong,ファミリーマージャン,否,FC,南梦宫,1987年8月11日,,,,【雷文】红白机游戏终极鉴赏24期-1987年8月上篇 | 4K,25:02,https://www.bilibili.com/video/BV1wB7Dz3ESf/?t=1502
igo-kyuu-roban-taikyoku,九路围棋,Igo - Kyuu Roban Taikyoku,囲碁九路盤対局,否,FC/FDS,BPS,1987年8月11日,,,,【雷文】红白机游戏终极鉴赏20期-1987年4月篇 | 4K,14:32,https://www.bilibili.com/video/BV12hE1zeEca/?t=872
majou-densetsu-2-daimashikyou-galious,魔城传说2：大魔司教嘉里乌斯,Majou Densetsu 2 - Daimashikyou Galious,魔城伝説II 大魔司教ガリウス,否,FC,科乐美,1987年8月11日,,,,【雷文】红白机游戏终极鉴赏24期-1987年8月上篇 | 4K,26:38,https://www.bilibili.com/video/BV1wB7Dz3ESf/?t=1598
mito-koumon,水户黄门,Mito Koumon,天下のご意見番 水戸黄門,否,FC,Sun电子,1987年8月11日,,,,【雷文】红白机游戏终极鉴赏24期-1987年8月上篇 | 4K,30:10,https://www.bilibili.com/video/BV1wB7Dz3ESf/?t=1810
air-fortress,空中要塞,Air Fortress,エアー・フォートレス,是,FC/NES,HAL America Inc / HAL研究所,1987年8月17日,1989年9月,,https://zh.wikipedia.org/wiki/%E7%A9%BA%E4%B8%AD%E8%A6%81%E5%A1%9E,【雷文】红白机游戏终极鉴赏25期-1987年8月下篇 | 4K,02:43,https://www.bilibili.com/video/BV1WYTTzbEgP/?t=163
valis-the-fantastic-soldier,梦幻战士,Valis - The Fantastic Soldier,夢幻戦士ヴァリス,否,FC,德间书店,1987年8月21日,,,https://zh.wikipedia.org/wiki/%E5%A4%A2%E5%B9%BB%E6%88%B0%E5%A3%AB,【雷文】红白机游戏终极鉴赏25期-1987年8月下篇 | 4K,04:46,https://www.bilibili.com/video/BV1WYTTzbEgP/?t=286
the-legend-of-zelda,塞尔达传说,The Legend of Zelda,ゼルダの伝説1,是,FC/FDS/NES,任天堂,1994年2月19日,1987年8月22日,1987年11月15日,https://zh.wikipedia.org/wiki/%E5%A1%9E%E5%B0%94%E8%BE%BE%E4%BC%A0%E8%AF%B4_(%E6%B8%B8%E6%88%8F),【雷文】红白机游戏终极鉴赏09期-1986年1-3月 | 4K,08:03,https://www.bilibili.com/video/BV11ooiYfEYr/?t=483
supet-lode-runner-2,超级挖金2,Supet Lode Runner 2,スーパーロードランナーII,否,FDS,アイレム,1987年8月25日,,,,,,
castlevania-ii-simon-s-quest,恶魔城II 诅咒的封印,Castlevania II: Simon's Quest,ドラキュラII 呪いの封印,是,FDS/NES,科乐美,1987年8月28日,1988年12月,1990年4月27日,https://zh.wikipedia.org/wiki/%E6%81%B6%E9%AD%94%E5%9F%8EII_%E8%AF%85%E5%92%92%E7%9A%84%E5%B0%81%E5%8D%B0,【雷文】红白机游戏终极鉴赏25期-1987年8月下篇 | 4K,09:33,https://www.bilibili.com/video/BV1WYTTzbEgP/?t=573
foton-the-ultimate-game-on-planet-earth,光战士,Foton - The Ultimate Game on Planet Earth,光の戦士フォトン,否,FC,特佳丽,1987年8月28日,,,,【雷文】红白机游戏终极鉴赏25期-1987年8月下篇 | 4K,17:29,https://www.bilibili.com/video/BV1WYTTzbEgP/?t=1049
kiki-kaikai-dotou-hen,奇奇怪界：怒涛编,Kiki Kaikai - Dotou Hen,奇々怪界 怒涛編,否,FDS,タイトー,1987年8月28日,,,,【雷文】红白机游戏终极鉴赏25期-1987年8月下篇 | 4K,12:29,https://www.bilibili.com/video/BV1WYTTzbEgP/?t=749
transformer-the-head-masters,变形金刚2,Transformer - The Head Masters,トランスフォーマー ザ・ヘッドマスターズ,否,FDS,タカラ,1987年8月28日,,,,【雷文】红白机游戏终极鉴赏25期-1987年8月下篇 | 4K,14:50,https://www.bilibili.com/video/BV1WYTTzbEgP/?t=890
family-trainer-no-6-manhattan-police,跳跳板系列06：曼哈顿警察,Family Trainer No.6 - Manhattan Police,ファミリートレーナー マンハッタンポリス,否,FC,万代,1987年8月31日,,,,【雷文】红白机游戏终极鉴赏25期-1987年8月下篇 | 4K,19:53,https://www.bilibili.com/video/BV1WYTTzbEgP/?t=1193
3-d-worldrunner,3D世界赛跑者,3-D WorldRunner,,否,NES,Acclaim Entertainment,,1987年9月,,,,,
double-dribble,运球高手,Double Dribble,,否,NES,科乐美,,1987年9月,1988年,,,,
spy-hunter,间谍猎人,Spy Hunter,,否,NES,Sun电子,,1987年9月,,,【雷文】红白机游戏终极鉴赏25期-1987年8月下篇 | 4K,21:52,https://www.bilibili.com/video/BV1WYTTzbEgP/?t=1312
stadium-events,竞技运动场,Stadium Events,,否,NES,万代,,1987年9月,1990年2月23日,,,,
stinger,兵蜂 2 - 解救肉桂博士,Stinger,,否,NES,科乐美,,1987年9月,,,,,
arabian-dream-sherazaado,阿拉伯之梦,Arabian Dream Sherazaado,アラビアンドリーム シェラザード,否,FC,Culture Brain,1987年9月3日,,,https://zh.wikipedia.org/wiki/%E9%98%BF%E6%8B%89%E4%BC%AF%E4%B9%8B%E6%A2%A6,【雷文】红白机游戏终极鉴赏26期-1987年9月篇 | 4K,00:35,https://www.bilibili.com/video/BV1VKMnzEEBs/?t=35
famicom-mukashi-banashi-shin-onigashima-zenhan,任天堂名作童话：新鬼岛（前编）,Famicom Mukashi Banashi - Shin Onigashima - Zenhan,ふぁみこんむかし話 新・鬼ヶ島 前編,否,FDS,任天堂,1987年9月4日,,,,,,
zoids-chuuou-tairiku-no-tatakai,洛依德：中央大陆之战,Zoids - Chuuou Tairiku no Tatakai,ゾイド 中央大陸の戦い,否,FC,东芝EMI,1987年9月5日,,,,【雷文】红白机游戏终极鉴赏26期-1987年9月篇 | 4K,06:13,https://www.bilibili.com/video/BV1VKMnzEEBs/?t=373
digital-devil-story-megami-tensei,数字恶魔物语 女神转生,Digital Devil Story - Megami Tensei,デジタル・デビル物語 女神転生,否,FC,南梦宫,1987年9月11日,,,https://zh.wikipedia.org/wiki/%E6%95%B0%E5%AD%97%E6%81%B6%E9%AD%94%E7%89%A9%E8%AF%AD_%E5%A5%B3%E7%A5%9E%E8%BD%AC%E7%94%9F,【雷文】红白机游戏终极鉴赏26期-1987年9月篇 | 4K,09:01,https://www.bilibili.com/video/BV1VKMnzEEBs/?t=541
swat-special-weapons-tactics,特种部队,SWAT - Special Weapons & Tactics,SWAT,否,FC,东映动画,1987年9月11日,,,,【雷文】红白机游戏终极鉴赏26期-1987年9月篇 | 4K,12:20,https://www.bilibili.com/video/BV1VKMnzEEBs/?t=740
spelunker-2-yuusha-heno-chousen,地下冒险2：勇者的挑战,Spelunker 2 - Yuusha heno Chousen,スペランカーII 勇者への挑戦,否,FC,Irem,1987年9月18日,,,,【雷文】红白机游戏终极鉴赏26期-1987年9月篇 | 4K,14:26,https://www.bilibili.com/video/BV1VKMnzEEBs/?t=866
tsuppari-oozumou,大相扑,Tsuppari Oozumou,つっぱり大相撲,否,FC,特库摩,1987年9月18日,,,,【雷文】红白机游戏终极鉴赏26期-1987年9月篇 | 4K,17:02,https://www.bilibili.com/video/BV1VKMnzEEBs/?t=1022
bio-senshi-dan-increaser-tono-tatakai,生化战士DAN,Bio Senshi Dan - Increaser tono Tatakai,バイオ戦士DAN インクリーザーとの闘い,否,FC,Jaleco,1987年9月22日,,,,【雷文】红白机游戏终极鉴赏26期-1987年9月篇 | 4K,19:05,https://www.bilibili.com/video/BV1VKMnzEEBs/?t=1145
defender-ii,毁灭入侵者 2,Defender II,スター・ゲイト,是,FC/NES,HAL America Inc / HAL研究所,1987年9月24日,1988年7月,,,【雷文】红白机游戏终极鉴赏26期-1987年9月篇 | 4K,22:35,https://www.bilibili.com/video/BV1VKMnzEEBs/?t=1355
ide-yousuke-meijin-no-jissen-mahjong,井出洋介名人的实战麻将,Ide Yousuke Meijin no Jissen Mahjong,井出洋介名人の実戦麻雀,否,FC,卡普空,1987年9月24日,,,,【雷文】红白机游戏终极鉴赏26期-1987年9月篇 | 4K,24:36,https://www.bilibili.com/video/BV1VKMnzEEBs/?t=1476
kyonshiizu-2,僵尸小子2,Kyonshiizu 2,キョンシーズ2,否,FC,太东,1987年9月25日,,,,【雷文】红白机游戏终极鉴赏26期-1987年9月篇 | 4K,26:06,https://www.bilibili.com/video/BV1VKMnzEEBs/?t=1566
life-force,沙罗曼蛇,Life Force,サラマンダ,是,FC/NES,科乐美,1987年9月25日,1988年8月,1988年,https://zh.wikipedia.org/wiki/%E6%B2%99%E7%BD%97%E6%9B%BC%E8%9B%87,【雷文】红白机游戏终极鉴赏26期-1987年9月篇 | 4K,29:01,https://www.bilibili.com/video/BV1VKMnzEEBs/?t=1741
famicom-mukashi-banashi-shin-onigashima-kouhan,任天堂名作童话：新鬼岛（后编）,Famicom Mukashi Banashi - Shin Onigashima - Kouhan,ふぁみこんむかし話 新・鬼ヶ島 後編,否,FDS,任天堂,1987年9月30日,,,,,,
mike-tyson-s-punch-out,迈克·泰森的拳无虚发,Mike Tyson's Punch-Out!!,マイクタイソン・パンチアウト!!,是,FC/NES,任天堂,1987年11月21日,1987年10月,1987年12月15日,https://zh.wikipedia.org/wiki/%E6%8B%B3%E6%97%A0%E8%99%9A%E5%8F%91_(1987%E5%B9%B4%E6%B8%B8%E6%88%8F),,,
millipede,杀虫大战,Millipede,ミリピード 巨大昆虫の逆襲,是,FC/NES,HAL America Inc / HAL研究所,1987年10月1日,1988年10月,,,【雷文】红白机游戏终极鉴赏27期-1987年10月上篇 | 4K,00:51,https://www.bilibili.com/video/BV1eoNbzvEa6/?t=51
kalin-no-tsurugi,加林剑,Kalin no Tsurugi,カリーンの剣,否,FDS,クリスタルソフト,1987年10月2日,,,,【雷文】红白机游戏终极鉴赏27期-1987年10月上篇 | 4K,07:02,https://www.bilibili.com/video/BV1eoNbzvEa6/?t=422
kid-niki-radical-ninja,快杰洋枪丸,Kid Niki: Radical Ninja,快傑ヤンチャ丸,是,FC/NES,Data East / Irem,1987年10月2日,1987年11月,,,【雷文】红白机游戏终极鉴赏27期-1987年10月上篇 | 4K,05:03,https://www.bilibili.com/video/BV1eoNbzvEa6/?t=303
pulsar-no-hikari-space-wars-simulation,派恒星之光,Pulsar no Hikari - Space Wars Simulation,パルサーの光,否,FDS,ソフトプロ,1987年10月2日,,,,【雷文】红白机游戏终极鉴赏27期-1987年10月上篇 | 4K,09:54,https://www.bilibili.com/video/BV1eoNbzvEa6/?t=594
topple-zip,飞天大战,Topple Zip,トップルジップ,否,FDS,ボーステック,1987年10月9日,,,,【雷文】红白机游戏终极鉴赏27期-1987年10月上篇 | 4K,13:02,https://www.bilibili.com/video/BV1eoNbzvEa6/?t=782
ultima-iii-exodus,创世纪III：出埃及记,Ultima III: Exodus,ウルティマ3 エクソダス,是,FC/NES,FCI / 波丽佳音,1987年10月9日,1989年2月,,https://zh.wikipedia.org/wiki/%E5%88%9B%E4%B8%96%E7%BA%AAIII%EF%BC%9A%E5%87%BA%E5%9F%83%E5%8F%8A%E8%AE%B0,【雷文】红白机游戏终极鉴赏27期-1987年10月上篇 | 4K,15:25,https://www.bilibili.com/video/BV1eoNbzvEa6/?t=925
esper-bouken-tai,超能力冒险队：魔王的城寨,Esper Bouken Tai,エスパ冒険隊,否,FC,Jaleco,1987年10月13日,,,,【雷文】红白机游戏终极鉴赏27期-1987年10月上篇 | 4K,18:40,https://www.bilibili.com/video/BV1eoNbzvEa6/?t=1120
haja-no-fuuin,霸邪封印,Haja no Fuuin,覇邪の封印,否,FC,ASCII,1987年10月13日,,,,,,
indora-no-hikari,因陀罗之光,Indora no Hikari,インドラの光,否,FC,KEMCO,1987年10月20日,,,,,,
falsion,太空立体战,Falsion,ファルシオン,否,FDS,科乐美,1987年10月21日,,,,【雷文】红白机游戏终极鉴赏27期-1987年10月上篇 | 4K,23:38,https://www.bilibili.com/video/BV1eoNbzvEa6/?t=1418
minelvaton-saga,王子复国记,Minelvaton Saga,ミネルバトンサーガ ラゴンの復活,否,FC,太东,1987年10月23日,,,,【雷文】红白机游戏终极鉴赏27期-1987年10月上篇 | 4K,31:39,https://www.bilibili.com/video/BV1eoNbzvEa6/?t=1899
youkai-yashiki,妖怪鬼屋,Youkai Yashiki,妖怪屋敷,否,FDS,アイレム,1987年10月23日,,,,【雷文】红白机游戏终极鉴赏27期-1987年10月上篇 | 4K,25:38,https://www.bilibili.com/video/BV1eoNbzvEa6/?t=1538
momotarou-densetsu,桃太郎传说,Momotarou Densetsu,桃太郎伝説,否,FC,Hudson Soft,1987年10月26日,,,,,,
hoshi-wo-miru-hito,观星人,Hoshi wo Miru Hito,星をみるひと,否,FC,HOT-B,1987年10月27日,,,,【雷文】红白机游戏终极鉴赏28期-1987年10月下篇 | 4K,03:46,https://www.bilibili.com/video/BV1RkNCz3ELS/?t=226
karaoke-studio-senyou-cassette-set-top-hits-20-vol-1,卡啦OK专用带1,"Karaoke Studio Senyou Cassette Set - Top Hits 20, Vol. 1",カラオケスタジオ 専用カセットVol.1,否,FC,万代,1987年10月28日,,,,【雷文】红白机游戏终极鉴赏28期-1987年10月下篇 | 4K,07:21,https://www.bilibili.com/video/BV1RkNCz3ELS/?t=441
bubble-bobble,泡泡龙,Bubble Bobble,バブルボブル,是,FDS/NES,北美：太东欧洲：太东澳洲：美泰 / タイトー,1987年10月30日,1988年11月,1990年10月26日,https://zh.wikipedia.org/wiki/%E6%B3%A1%E6%B3%A1%E9%BE%99_(1986%E5%B9%B4%E6%B8%B8%E6%88%8F),【雷文】红白机游戏终极鉴赏28期-1987年10月下篇 | 4K,16:31,https://www.bilibili.com/video/BV1RkNCz3ELS/?t=991
famicom-grand-prix-f1-race,任天堂F1锦标赛,Famicom Grand Prix - F1 Race,ファミコングランプリ F1レース,否,FDS,任天堂,1987年10月30日,,,,,,
family-composer,家庭作曲家,Family Composer,ファミリーコンポーザー,否,FDS,东京书籍,1987年10月30日,,,,【雷文】红白机游戏终极鉴赏28期-1987年10月下篇 | 4K,21:20,https://www.bilibili.com/video/BV1RkNCz3ELS/?t=1280
joust,鸵鸟骑士,Joust,ジャウスト,是,FC/NES,HAL America Inc / HAL研究所,1987年10月30日,1988年10月,,https://zh.wikipedia.org/wiki/%E9%B4%95%E9%B3%A5%E9%A8%8E%E5%A3%AB,【雷文】红白机游戏终极鉴赏28期-1987年10月下篇 | 4K,08:29,https://www.bilibili.com/video/BV1RkNCz3ELS/?t=509
romancia,罗曼西亚,Romancia,ロマンシア,否,FC,东京书籍,1987年10月30日,,,https://zh.wikipedia.org/wiki/%E7%BD%97%E6%9B%BC%E8%A5%BF%E4%BA%9A,【雷文】红白机游戏终极鉴赏28期-1987年10月下篇 | 4K,10:39,https://www.bilibili.com/video/BV1RkNCz3ELS/?t=639
breakthru,越野战车,BreakThru,,否,NES,Data East,,1987年11月,,,,,
gotcha-the-sport,射击运动,Gotcha! The Sport!,,否,NES,LJN,,1987年11月,,,,,
jaws,大白鲨,Jaws,,否,NES,LJN,,1987年11月,,,【雷文】红白机游戏终极鉴赏28期-1987年10月下篇 | 4K,27:01,https://www.bilibili.com/video/BV1RkNCz3ELS/?t=1621
the-goonies-ii,七宝奇谋2 弗雷泰利最后的挑战,The Goonies II,,否,NES,科乐美,,1987年11月,1988年12月19日,https://zh.wikipedia.org/wiki/%E4%B8%83%E5%AE%9D%E5%A5%87%E8%B0%8B2_%E5%BC%97%E9%9B%B7%E6%B3%B0%E5%88%A9%E6%9C%80%E5%90%8E%E7%9A%84%E6%8C%91%E6%88%98,,,
the-karate-kid,,The Karate Kid,,否,NES,LJN,,1987年11月,,,,,
top-gun,捍卫战士,Top Gun,トップガン,是,FC/NES,科乐美,1987年12月11日,1987年11月,1988年11月30日,,【雷文】红白机游戏终极鉴赏29期-1987年11月篇 | 4K,00:46,https://www.bilibili.com/video/BV1VYKozUEDU/?t=46
lupin-sansei-pandora-no-isan,鲁邦三世：潘多拉的遗产,Lupin Sansei - Pandora no Isan,ルパン三世 パンドラの遺産,否,FC,南梦宫,1987年11月6日,,,,【雷文】红白机游戏终极鉴赏29期-1987年11月篇 | 4K,03:26,https://www.bilibili.com/video/BV1VYKozUEDU/?t=206
uchuusen-cosmo-carrier,宇宙船,Uchuusen - Cosmo Carrier,宇宙船コスモキャリア,否,FC,Jaleco,1987年11月6日,,,,【雷文】红白机游戏终极鉴赏29期-1987年11月篇 | 4K,06:11,https://www.bilibili.com/video/BV1VYKozUEDU/?t=371
artelius,亚尔迪里欧斯,Artelius,アルテリオス,否,FC,日本物产,1987年11月13日,,,,【雷文】红白机游戏终极鉴赏29期-1987年11月篇 | 4K,09:30,https://www.bilibili.com/video/BV1VYKozUEDU/?t=570
tanigawa-kouji-no-shougi-shinan-2,将棋指南2：成为名人的道路,Tanigawa Kouji no Shougi Shinan 2,谷川浩司の将棋指南2,否,FDS,波丽佳音,1987年11月13日,,,,,,
faxanadu,沙那多,Faxanadu,ファザナドゥ,是,FC/NES,任天堂 / Hudson Soft,1987年11月16日,1989年8月,1990年12月28日,,【雷文】红白机游戏终极鉴赏29期-1987年11月篇 | 4K,12:59,https://www.bilibili.com/video/BV1VYKozUEDU/?t=779
kick-challenger-air-foot-yasai-no-kuni-no-ashi-senshi,番茄勇士,Kick Challenger - Air Foot (Yasai no Kuni no Ashi Senshi),エアフット,否,FDS,バップ,1987年11月20日,,,,【雷文】红白机游戏终极鉴赏29期-1987年11月篇 | 4K,15:55,https://www.bilibili.com/video/BV1VYKozUEDU/?t=955
family-trainer-no-7-dai-undoukai,跳跳板系列07：大运动会,Family Trainer No.7 - Dai Undoukai,ファミトレ大運動会,否,FC,万代,1987年11月27日,,,,【雷文】红白机游戏终极鉴赏29期-1987年11月篇 | 4K,23:58,https://www.bilibili.com/video/BV1VYKozUEDU/?t=1438
jikuu-yuuden-debias,时空勇传,Jikuu Yuuden - Debias,時空勇伝デビアス,否,FC,南梦宫,1987年11月27日,,,,【雷文】红白机游戏终极鉴赏29期-1987年11月篇 | 4K,21:21,https://www.bilibili.com/video/BV1VYKozUEDU/?t=1281
mega-man,洛克人,Mega Man,ロックマン,是,FC/NES,卡普空,1987年12月17日,1987年12月,1989年12月13日,https://zh.wikipedia.org/wiki/%E6%B4%9B%E5%85%8B%E4%BA%BA_(1987%E5%B9%B4%E6%B8%B8%E6%88%8F),【雷文】红白机游戏终极鉴赏30期-1987年12月上篇 | 4K,34:13,https://www.bilibili.com/video/BV1VigSzME8z/?t=2053
nakayama-miho-no-tokimeki-high-school,中山美穗的心跳高校,Nakayama Miho no Tokimeki High School,中山美穂のトキメキハイスクール,否,FDS,任天堂,1987年12月1日,,,https://zh.wikipedia.org/wiki/%E4%B8%AD%E5%B1%B1%E7%BE%8E%E7%A9%97%E7%9A%84%E5%BF%83%E8%B7%B3%E9%AB%98%E6%A0%A1,,,
wizards-warriors,巫术,Wizards & Warriors,伝説の騎士エルロンド,是,FC/NES,Acclaim Entertainment / Jaleco,1988年7月15日,1987年12月,1990年1月17日,,【雷文】红白机游戏终极鉴赏31期-1987年12月下篇 | 4K,24:00,https://www.bilibili.com/video/BV1BN3ezTEfs/?t=1440
doremikko,科乐美作曲家,Doremikko,ドレミッコ,否,FDS,科乐美,1987年12月4日,,,,,,
dragon-scroll-yomigaerishi-maryuu,神龙卷轴：复活的魔龙,Dragon Scroll - Yomigaerishi Maryuu,ドラゴンスクロール 甦りし魔竜,否,FC,科乐美,1987年12月4日,,,,【雷文】红白机游戏终极鉴赏30期-1987年12月上篇 | 4K,00:45,https://www.bilibili.com/video/BV1VigSzME8z/?t=45
outlanders,霹雳娇娃,Outlanders,アウトランダーズ,否,FC,Victor音乐产业,1987年12月4日,,,,【雷文】红白机游戏终极鉴赏30期-1987年12月上篇 | 4K,03:17,https://www.bilibili.com/video/BV1VigSzME8z/?t=197
rambo,蓝波,Rambo,ランボー,是,FC/NES,Acclaim Entertainment / Pack-In-Video,1987年12月4日,1988年5月,,,,,
santa-claus-no-takarabako,圣诞百宝箱,Santa Claus no Takarabako,サンタクロースの宝箱,否,FDS,データイースト,1987年12月4日,,,,【雷文】红白机游戏终极鉴赏29期-1987年11月篇 | 4K,32:06,https://www.bilibili.com/video/BV1VYKozUEDU/?t=1926
shanghai,上海,Shanghai,上海,否,FC,Sun电子,1987年12月4日,,,https://zh.wikipedia.org/wiki/%E4%B8%8A%E6%B5%B7_(%E6%B8%B8%E6%88%8F),【雷文】红白机游戏终极鉴赏30期-1987年12月上篇 | 4K,08:14,https://www.bilibili.com/video/BV1VigSzME8z/?t=494
star-wars-namco,星球大战（Namco版）,Star Wars (Namco),スター・ウォーズ,否,FC,南梦宫,1987年12月4日,,,,,,
jj-tobidase-daisakusen-part-2,3D大作战,JJ - Tobidase Daisakusen Part 2,とびだせ大作戦,否,FC,史克威尔,1987年12月7日,,,,,,
exciting-baseball,科乐美棒球,Exciting Baseball,エキサイティングベースボール,否,FDS,科乐美,1987年12月8日,,,,,,
golf-club-birdy-rush,高球锦标赛,Golf Club - Birdy Rush,ゴルフ倶楽部 バーディーラッシュ,否,FC,Data East,1987年12月9日,,,,,,
family-tennis,家庭网球,Family Tennis,ファミリーテニス,否,FC,南梦宫,1987年12月11日,,,,【雷文】红白机游戏终极鉴赏30期-1987年12月上篇 | 4K,19:33,https://www.bilibili.com/video/BV1VigSzME8z/?t=1173
yamamura-misa-suspense-kyouto-ryuu-no-tera-satsujin,山村美纱悬疑系列：京都龙之寺杀人事件,Yamamura Misa Suspense - Kyouto Ryuu no Tera Satsujin,山村美紗サスペンス 京都龍の寺殺人事件,否,FC,太东,1987年12月11日,,,,【雷文】红白机游戏终极鉴赏30期-1987年12月上篇 | 4K,21:50,https://www.bilibili.com/video/BV1VigSzME8z/?t=1310
game-tengoku,极乐游戏/游戏天国,Game Tengoku,極楽遊戯,否,FDS,ソフエル,1987年12月12日,,,,【雷文】红白机游戏终极鉴赏30期-1987年12月上篇 | 4K,27:17,https://www.bilibili.com/video/BV1VigSzME8z/?t=1637
tetsudou-ou-famicom-boardgame,铁道王,Tetsudou Ou - Famicom Boardgame,鉄道王,否,FC,dB-Soft,1987年12月12日,,,,【雷文】红白机游戏终极鉴赏30期-1987年12月上篇 | 4K,24:21,https://www.bilibili.com/video/BV1VigSzME8z/?t=1461
ginga-no-sannin,银河三人行,Ginga no Sannin,銀河の三人（ファミコン版）,否,FC,任天堂,1987年12月15日,,,,【雷文】红白机游戏终极鉴赏30期-1987年12月上篇 | 4K,29:22,https://www.bilibili.com/video/BV1VigSzME8z/?t=1762
magnum-kiki-ippatsu-empire-city-1931,危机一发/拯救人质,Magnum Kiki Ippatsu - Empire City - 1931,マグナム危機一髪 エンパイアシティ1931,否,FC,东芝EMI,1987年12月15日,,,,【雷文】红白机游戏终极鉴赏31期-1987年12月下篇 | 4K,27:13,https://www.bilibili.com/video/BV1BN3ezTEfs/?t=1633
exciting-boxing,科乐美拳击,Exciting Boxing,エキサイティングボクシング,否,FC,科乐美,1987年12月16日,,,,,,
final-fantasy,最终幻想,Final Fantasy,ファイナルファンタジー,是,FC/NES,任天堂 / 史克威尔,1987年12月18日,1990年5月,,https://zh.wikipedia.org/wiki/%E6%9C%80%E7%BB%88%E5%B9%BB%E6%83%B3_(%E6%B8%B8%E6%88%8F),【雷文】红白机游戏终极鉴赏31期-1987年12月下篇 | 4K,00:48,https://www.bilibili.com/video/BV1BN3ezTEfs/?t=48
ice-hockey,冰球,Ice Hockey,スティックハンター,是,FC/FDS/NES,任天堂 / K. Amusement Leasing,1987年12月18日,1988年3月,1988年4月15日,,【雷文】红白机游戏终极鉴赏31期-1987年12月下篇 | 4K,09:12,https://www.bilibili.com/video/BV1BN3ezTEfs/?t=552
karnov,卡诺夫,Karnov,カルノフ,是,FC/NES,Data East / 南梦宫,1987年12月18日,1988年1月,,,【雷文】红白机游戏终极鉴赏31期-1987年12月下篇 | 4K,04:54,https://www.bilibili.com/video/BV1BN3ezTEfs/?t=294
mezase-pachi-pro-pachio-kun,帕青哥君,Mezase Pachi Pro - Pachio Kun,目指せパチプロ パチ夫くん,否,FC,Coconuts Japan,1987年12月18日,,,,,,
nazo-no-magazine-disk-nazoraa-land-zoukan-gou-quiz-ou-wo,猜谜杂志特别版,Nazo no Magazine Disk - Nazoraa Land Zoukan Gou - Quiz Ou wo,ナゾラーランドスペシャル!!「クイズ王を探せ」,否,FDS,Sun电子,1987年12月18日,,,,【雷文】红白机游戏终极鉴赏31期-1987年12月下篇 | 4K,12:48,https://www.bilibili.com/video/BV1BN3ezTEfs/?t=768
taito-grand-prix-eikou-heno-license,光荣大赛车,Taito Grand Prix - Eikou heno License,タイトーグランプリ,否,FC,太东,1987年12月18日,,,,【雷文】红白机游戏终极鉴赏31期-1987年12月下篇 | 4K,10:38,https://www.bilibili.com/video/BV1BN3ezTEfs/?t=638
ultraman-2-shutsugeki-katoku-tai,怪兽超人2：出击科特队,Ultraman 2 - Shutsugeki Katoku Tai,ウルトラマン2 出撃科特隊,否,FDS,万代,1987年12月18日,,,,【雷文】红白机游戏终极鉴赏31期-1987年12月下篇 | 4K,13:49,https://www.bilibili.com/video/BV1BN3ezTEfs/?t=829
gegege-no-kitarou-2-youkai-gundan-no-chousen,鬼太郎2：怪兽军团的挑战,Gegege no Kitarou 2 - Youkai Gundan no Chousen,ゲゲゲの鬼太郎2 妖怪軍団の挑戦,否,FC,万代,1987年12月22日,,,,【雷文】红白机游戏终极鉴赏31期-1987年12月下篇 | 4K,16:21,https://www.bilibili.com/video/BV1BN3ezTEfs/?t=981
metal-gear,合金装备,Metal Gear,メタルギア,是,FC/NES,Ultra Games / 科乐美,1987年12月22日,1988年6月,1988年,https://zh.wikipedia.org/wiki/%E5%90%88%E9%87%91%E8%A3%85%E5%A4%87_(1987%E5%B9%B4%E6%B8%B8%E6%88%8F),【雷文】红白机游戏终极鉴赏31期-1987年12月下篇 | 4K,19:16,https://www.bilibili.com/video/BV1BN3ezTEfs/?t=1156
pro-yakyuu-family-stadium-87,明星棒球87年度版,Pro Yakyuu - Family Stadium '87,プロ野球ファミリースタジアム'87,否,FC,南梦宫,1987年12月22日,,,,,,
superman,超人,Superman,スーパーマン,是,FC/NES,Seika / KEMCO,1987年12月22日,1988年12月,,,【雷文】红白机游戏终极鉴赏31期-1987年12月下篇 | 4K,31:09,https://www.bilibili.com/video/BV1BN3ezTEfs/?t=1869
wizardry-proving-grounds-of-the-mad-overlord,巫术：疯狂领主的试验场,Wizardry: Proving Grounds of the Mad Overlord,ウィザードリィ,是,FC/NES,ASCII,1987年12月22日,1990年7月,,https://zh.wikipedia.org/wiki/%E5%B7%AB%E6%9C%AF%EF%BC%9A%E7%96%AF%E7%8B%82%E9%A2%86%E4%B8%BB%E7%9A%84%E8%AF%95%E9%AA%8C%E5%9C%BA,,,
attack-animal-gakuen,动物学园,Attack Animal Gakuen,アタックアニマル学園,否,FC,波丽佳音,1987年12月26日,,,,【雷文】红白机游戏终极鉴赏31期-1987年12月下篇 | 4K,28:58,https://www.bilibili.com/video/BV1BN3ezTEfs/?t=1738
family-trainer-no-8-totsugeki-fuuun-takeshi-jou,跳跳板系列08：突击！风云武城,Family Trainer No.8 - Totsugeki Fuuun Takeshi Jou,ファミリートレーナー 突撃!風雲たけし城,否,FC,万代,1987年12月28日,,,,【雷文】红白机游戏终极鉴赏31期-1987年12月下篇 | 4K,33:15,https://www.bilibili.com/video/BV1BN3ezTEfs/?t=1995
airwolf,飞狼,Airwolf,エアー・ウルフ,是,FC/NES,Acclaim Entertainment / 九娯贸易,1988年12月24日,1989年6月,1988年,,【雷文】红白机游戏终极鉴赏38期-1988年7月篇 | 4K,34:01,https://www.bilibili.com/video/BV1hMb5zLEsa/?t=2041
family-circuit,南梦宫赛车,Family Circuit,ファミリーサーキット,否,FC,南梦宫,1988年1月6日,,,,,,
satsui-no-kaisou-power-soft-satsujin-jiken,杀意的阶层,Satsui no Kaisou - Power Soft Satsujin Jiken,殺意の階層 ソフトハウス連続殺人事件,否,FC,HAL研究所,1988年1月7日,,,,【雷文】红白机游戏终极鉴赏32期-1988年1-2月篇 | 4K,03:52,https://www.bilibili.com/video/BV18fuMz7EBM/?t=232
wai-wai-world,科乐美世界,Wai Wai World,コナミワイワイワールド,否,FC,科乐美,1988年1月14日,,,https://zh.wikipedia.org/wiki/%E7%A7%91%E6%A8%82%E7%BE%8E%E4%B8%96%E7%95%8C,【雷文】红白机游戏终极鉴赏32期-1988年1-2月篇 | 4K,06:51,https://www.bilibili.com/video/BV18fuMz7EBM/?t=411
sd-gundam-world-gachapon-senshi-scramble-wars-sgw,SD钢弹世界：扭蛋战士混乱大战,SD Gundam World - Gachapon Senshi - Scramble Wars (SGW),SDガンダムワールド ガチャポン戦士 スクランブルウォーズ,否,FDS,万代,1988年1月20日,,,,【雷文】红白机游戏终极鉴赏29期-1987年11月篇 | 4K,18:11,https://www.bilibili.com/video/BV1VYKozUEDU/?t=1091
sukeban-deka-3,刑事三姐妹,Sukeban Deka 3,スケバン刑事III,否,FC,东映动画,1988年1月22日,,,,【雷文】红白机游戏终极鉴赏32期-1988年1-2月篇 | 4K,12:39,https://www.bilibili.com/video/BV18fuMz7EBM/?t=759
lipple-island,梦幻岛物语,Lipple Island,リップルアイランド,否,FC,Sun电子,1988年1月23日,,,,【雷文】红白机游戏终极鉴赏32期-1988年1-2月篇 | 4K,15:11,https://www.bilibili.com/video/BV18fuMz7EBM/?t=911
gun-smoke,荒野大镖客,Gun.Smoke,ガンスモーク,是,FDS/NES,卡普空,1988年1月27日,1988年2月,1988年12月23日,,【雷文】红白机游戏终极鉴赏32期-1988年1-2月篇 | 4K,17:35,https://www.bilibili.com/video/BV18fuMz7EBM/?t=1055
donald-land,麦当劳大进击,Donald Land,ドナルドランド,否,FC,Data East,1988年1月29日,,,,【雷文】红白机游戏终极鉴赏32期-1988年1-2月篇 | 4K,20:17,https://www.bilibili.com/video/BV18fuMz7EBM/?t=1217
contra,魂斗罗,Contra,魂斗羅,是,FC/NES,科乐美,1988年2月9日,1988年2月,1990年12月28日,https://zh.wikipedia.org/wiki/%E9%AD%82%E6%96%97%E7%BD%97,【雷文】红白机游戏终极鉴赏33期-1988年2-3月篇 | 4K,04:36,https://www.bilibili.com/video/BV11Autz4Es3/?t=276
fire-bam,巴姆救亲记,Fire Bam,ファイヤーバム,否,FDS,HAL研究所,1988年2月1日,,,,【雷文】红白机游戏终极鉴赏32期-1988年1-2月篇 | 4K,22:30,https://www.bilibili.com/video/BV18fuMz7EBM/?t=1350
jumbo-ozaki-no-hole-in-one-professional,尾琦高尔夫,Jumbo Ozaki no Hole in One Professional,ジャンボ尾崎のホールインワンプロフェッショナル,否,FC,HAL研究所,1988年2月1日,,,,【雷文】红白机游戏终极鉴赏32期-1988年1-2月篇 | 4K,25:29,https://www.bilibili.com/video/BV18fuMz7EBM/?t=1529
paris-dakar-rally-special,巴黎达喀尔拉力赛,Paris-Dakar Rally Special,パリ・ダカール・ラリー・スペシャル,否,FC,CBS・ソニー,1988年2月1日,,,,【雷文】红白机游戏终极鉴赏32期-1988年1-2月篇 | 4K,35:00,https://www.bilibili.com/video/BV18fuMz7EBM/?t=2100
r-c-pro-am,R.C. Pro-Am,R.C. Pro-Am,,否,NES,任天堂,,1988年2月,1988年4月15日,https://zh.wikipedia.org/wiki/R.C._Pro-Am,,,
town-country-surf-designs-wood-water-rage,乡镇滑板 - 木头与水愤怒,Town & Country Surf Designs: Wood & Water Rage,,否,NES,LJN,,1988年2月,,,,,
kamen-rider-kurabu,假面俱乐部,Kamen Rider Kurabu,仮面ライダー倶楽部 激突ショッカーランド,否,FC,万代,1988年2月3日,,,,【雷文】红白机游戏终极鉴赏32期-1988年1-2月篇 | 4K,32:06,https://www.bilibili.com/video/BV18fuMz7EBM/?t=1926
guardic-gaiden,嘉蒂外传,Guardic Gaiden,ガーディック外伝,否,FC,Irem,1988年2月5日,,,,【雷文】红白机游戏终极鉴赏33期-1988年2-3月篇 | 4K,01:01,https://www.bilibili.com/video/BV11Autz4Es3/?t=61
dragon-warrior-iii,勇者斗恶龙III 接着迈向传说,Dragon Warrior III,ドラゴンクエストIII そして伝説へ…,是,FC/NES,艾尼克斯,1988年2月10日,1992年3月,,https://zh.wikipedia.org/wiki/%E5%8B%87%E8%80%85%E9%AC%A5%E6%83%A1%E9%BE%8DIII_%E6%8E%A5%E8%91%97%E9%82%81%E5%90%91%E5%82%B3%E8%AA%AA,,,
exciting-soccer,科乐美足球,Exciting Soccer,エキサイティングサッカー コナミカップ,否,FDS,科乐美,1988年2月16日,,,,,,
karaoke-studio-senyou-cassette-set-top-hits-20-vol-2,卡啦OK专用带2,"Karaoke Studio Senyou Cassette Set - Top Hits 20, Vol. 2",カラオケスタジオ 専用カセットVol.2,否,FC,万代,1988年2月18日,,,,【雷文】红白机游戏终极鉴赏33期-1988年2-3月篇 | 4K,13:15,https://www.bilibili.com/video/BV11Autz4Es3/?t=795
matsumoto-tooru-no-kabushiki-hisshou-gaku,松本亨股票必胜学,Matsumoto Tooru no Kabushiki Hisshou Gaku,松本亨の株式必勝学,否,FC,Imagineer,1988年2月18日,,,,【雷文】红白机游戏终极鉴赏33期-1988年2-3月篇 | 4K,14:11,https://www.bilibili.com/video/BV11Autz4Es3/?t=851
replicart,蛇行龙,Replicart,レプリカート,否,FDS,タイトー,1988年2月26日,,,,,,
tantei-jinguuji-saburou-yokohamakou-renzoku-satsujin-jiken,神宫寺三郎侦探-横滨港连续杀人事件,Tantei Jinguuji Saburou - Yokohamakou Renzoku Satsujin Jiken,探偵 神宮寺三郎 横浜港連続殺人事件,否,FC,Data East,1988年2月26日,,,,【雷文】红白机游戏终极鉴赏33期-1988年2-3月篇 | 4K,17:12,https://www.bilibili.com/video/BV11Autz4Es3/?t=1032
tetsuwan-atom,原子小金刚,Tetsuwan Atom,鉄腕アトム,否,FC,科乐美,1988年2月26日,,,,,,
druid-kyoufu-no-tobira,战斗诗人,Druid - Kyoufu no Tobira,ドルイド,否,FDS,ジャレコ,1988年3月3日,,,,,,
19-neunzehn,19模拟战,19 Neunzehn,19 （ヌイーゼン）,否,FDS,ソフトプロ,1988年3月4日,,,,,,
ballblazer,滚球大战,Ballblazer,ルーカスフィルム ボールブレイザー,否,FC,波丽佳音,1988年3月4日,,,https://zh.wikipedia.org/wiki/%E6%BB%9A%E7%90%83%E5%A4%A7%E6%88%98,【雷文】红白机游戏终极鉴赏33期-1988年2-3月篇 | 4K,29:00,https://www.bilibili.com/video/BV11Autz4Es3/?t=1740
arkanoid-ii-revenge-of-doh,快打砖块II：DOH的复仇,Arkanoid II - Revenge of Doh,アルカノイドII リベンジオブドゥ,否,FC,太东,1988年3月8日,,,https://zh.wikipedia.org/wiki/%E5%BF%AB%E6%89%93%E7%A3%9A%E5%A1%8AII%EF%BC%9ADOH%E7%9A%84%E5%BE%A9%E4%BB%87,,,
predator,终极战士,Predator,シュワルツェネッガー プレデター,否,FC,Pack-In-Video,1988年3月10日,,,,【雷文】红白机游戏终极鉴赏33期-1988年2-3月篇 | 4K,33:31,https://www.bilibili.com/video/BV11Autz4Es3/?t=2011
nazo-no-magazine-disk-nazoraa-land-zoukan-gou-quiz-ou-wo-1,猜谜杂志 第3号,Nazo no Magazine Disk - Nazoraa Land Zoukan Gou - Quiz Ou wo,ナゾラーランド第3号,否,FDS,Sun电子,1988年3月11日,,,,【雷文】红白机游戏终极鉴赏34期-1988年3月篇 | 4K,00:50,https://www.bilibili.com/video/BV1B4gBzyEFC/?t=50
tsuri-kichi-sanpei-blue-marlin-hen,天才小钓手,Tsuri Kichi Sanpei - Blue Marlin Hen,釣りキチ三平 ブルーマーリン編,否,FC,Victor音乐产业,1988年3月17日,,,,【雷文】红白机游戏终极鉴赏34期-1988年3月篇 | 4K,03:01,https://www.bilibili.com/video/BV1B4gBzyEFC/?t=181
napoleon-senki,拿破仑战记,Napoleon Senki,ナポレオン戦記,否,FC,Irem,1988年3月18日,,,https://zh.wikipedia.org/wiki/%E6%8B%BF%E7%A0%B4%E4%BB%91%E6%88%98%E8%AE%B0,【雷文】红白机游戏终极鉴赏34期-1988年3月篇 | 4K,04:53,https://www.bilibili.com/video/BV1B4gBzyEFC/?t=293
nobunaga-s-ambition,信长之野望·全国版,Nobunaga's Ambition,信長の野望・全国版,是,FC/NES,光荣,1988年3月18日,1989年6月,,https://zh.wikipedia.org/wiki/%E4%BF%A1%E9%95%BF%E4%B9%8B%E9%87%8E%E6%9C%9B%C2%B7%E5%85%A8%E5%9B%BD%E7%89%88,【雷文】红白机游戏终极鉴赏34期-1988年3月篇 | 4K,07:54,https://www.bilibili.com/video/BV1B4gBzyEFC/?t=474
tanigawa-kouji-no-shougi-shinan-ii-meijin-heno-michi,将棋指南2：称为名人的道路,Tanigawa Kouji no Shougi Shinan II (Meijin heno Michi),谷川浩司の将棋指南II <名人への道>,否,FC,波丽佳音,1988年3月18日,,,,,,
lee-trevino-s-fighting-golf,战斗高尔夫,Lee Trevino's Fighting Golf,ファイティングゴルフ,是,FC/NES,SNK,1988年3月24日,1988年9月,1990年5月18日,,【雷文】红白机游戏终极鉴赏34期-1988年3月篇 | 4K,11:05,https://www.bilibili.com/video/BV1B4gBzyEFC/?t=665
omoikkiri-tanteidan-haado-gumi-matenrou-no-chousenjou,侦探团霸恶怒组：魔天郎的挑战书,Omoikkiri Tanteidan Haado Gumi - Matenrou no Chousenjou,おもいっきり探偵団 覇悪怒組 魔天郎の挑戦状,否,FDS,万代,1988年3月25日,,,,【雷文】红白机游戏终极鉴赏34期-1988年3月篇 | 4K,13:04,https://www.bilibili.com/video/BV1B4gBzyEFC/?t=784
wardner-no-mori,瓦德那森林,Wardner no Mori,ワードナの森,否,FDS,タイトー,1988年3月25日,,,,【雷文】红白机游戏终极鉴赏34期-1988年3月篇 | 4K,15:32,https://www.bilibili.com/video/BV1B4gBzyEFC/?t=932
golgo-13-dai-1-shou-kamigami-no-tasogare,狙击13：第一章-诸神的黄昏,Golgo 13 - Dai 1 Shou - Kamigami no Tasogare,ゴルゴ13 第一章神々の黄昏,否,FC,VIC东海,1988年3月26日,,,,【雷文】红白机游戏终极鉴赏34期-1988年3月篇 | 4K,17:59,https://www.bilibili.com/video/BV1B4gBzyEFC/?t=1079
olympus-no-tatakai,爱的传说：奥林帕斯的传说,Olympus no Tatakai,オリュンポスの戦い 愛の伝説,否,FC,Imagineer,1988年3月28日,,,,【雷文】红白机游戏终极鉴赏34期-1988年3月篇 | 4K,20:55,https://www.bilibili.com/video/BV1B4gBzyEFC/?t=1255
takeda-shingen,武田信玄,Takeda Shingen,武田信玄,否,FC,HOT-B,1988年3月28日,,,,【雷文】红白机游戏终极鉴赏34期-1988年3月篇 | 4K,23:52,https://www.bilibili.com/video/BV1B4gBzyEFC/?t=1432
demon-sword,不动明王传,Demon Sword,不動明王伝,是,FC/NES,太东,1988年3月29日,1990年1月,,https://zh.wikipedia.org/wiki/%E4%B8%8D%E5%8A%A8%E6%98%8E%E7%8E%8B%E4%BC%A0,【雷文】红白机游戏终极鉴赏34期-1988年3月篇 | 4K,26:21,https://www.bilibili.com/video/BV1B4gBzyEFC/?t=1581
fleet-commander,海战指挥官,Fleet Commander,フリートコマンダー,否,FC,ASCII,1988年3月29日,,,,【雷文】红白机游戏终极鉴赏34期-1988年3月篇 | 4K,30:27,https://www.bilibili.com/video/BV1B4gBzyEFC/?t=1827
be-bop-highschool-koukousei-gokuraku-densetsu,高校生极乐传说,Be-Bop-Highschool - Koukousei Gokuraku Densetsu,ビー・バップ・ハイスクール 高校生極楽伝説,否,FC,Data East,1988年3月30日,,,,【雷文】红白机游戏终极鉴赏34期-1988年3月篇 | 4K,33:03,https://www.bilibili.com/video/BV1B4gBzyEFC/?t=1983
aspic-majaou-no-noroi,魔蛇王之咒,Aspic - Majaou no Noroi,アスピック,否,FDS,ボーステック,1988年3月31日,,,,,,
freedom-force,自由武装,Freedom Force,,否,NES,Sun电子,,1988年4月,,,,,
ikari-warriors-ii-victory-road,怒 2,Ikari Warriors II: Victory Road,,否,NES,SNK,,1988年4月,,,,,
major-league-baseball,美国职业棒球联盟,Major League Baseball,,否,NES,LJN,,1988年4月,,,【雷文】红白机游戏终极鉴赏35期-1988年4月篇 | 4K,03:06,https://www.bilibili.com/video/BV12G88zDEWu/?t=186
dokuganryuu-masamune,独眼龙政宗,Dokuganryuu Masamune,独眼竜政宗,否,FC,南梦宫,1988年4月5日,,,,【雷文】红白机游戏终极鉴赏35期-1988年4月篇 | 4K,05:25,https://www.bilibili.com/video/BV12G88zDEWu/?t=325
double-dragon,双截龙,Double Dragon,ダブルドラゴン,是,FC/NES,Tradewest / Technōs Japan,1988年4月8日,1988年6月,1994年11月24日,https://zh.wikipedia.org/wiki/%E5%8F%8C%E6%88%AA%E9%BE%99_(%E6%B8%B8%E6%88%8F),【雷文】红白机游戏终极鉴赏35期-1988年4月篇 | 4K,08:25,https://www.bilibili.com/video/BV12G88zDEWu/?t=505
dr-jekyll-and-mr-hyde,化身博士,Dr. Jekyll and Mr. Hyde,ジーキル博士の彷魔が刻,是,FC/NES,万代 / 东宝,1988年4月8日,1989年4月,,https://zh.wikipedia.org/wiki/%E5%8C%96%E8%BA%AB%E5%8D%9A%E5%A3%AB_(%E6%B8%B8%E6%88%8F),【雷文】红白机游戏终极鉴赏35期-1988年4月篇 | 4K,11:07,https://www.bilibili.com/video/BV12G88zDEWu/?t=667
famicom-grand-prix-ii-3d-hot-rally,任天堂方程序赛车2：3D拉力赛,Famicom Grand Prix II - 3D Hot Rally,ファミコングランプリII 3Dホットラリー,否,FDS,任天堂,1988年4月14日,,,,,,
kamen-rider-black-taiketsu-shadow-moon,假面黑骑士：对决影月,Kamen Rider Black - Taiketsu Shadow Moon,仮面ライダーBLACK,否,FDS,万代,1988年4月15日,,,,【雷文】红白机游戏终极鉴赏35期-1988年4月篇 | 4K,17:37,https://www.bilibili.com/video/BV12G88zDEWu/?t=1057
racket-attack,燃烧职业网球,Racket Attack,燃えろ!!プロテニス,是,FC/NES,Jaleco,1988年4月15日,1988年10月,1994年3月24日,,【雷文】红白机游戏终极鉴赏35期-1988年4月篇 | 4K,20:17,https://www.bilibili.com/video/BV12G88zDEWu/?t=1217
ikari-2-dogosoken,怒2：怒号层圈,Ikari 2 - Dogosoken,怒II DOGOSOKEN,否,FC,K. Amusement Leasing,1988年4月16日,,,,【雷文】红白机游戏终极鉴赏35期-1988年4月篇 | 4K,22:36,https://www.bilibili.com/video/BV12G88zDEWu/?t=1356
bio-miracle-bokutte-upa,乌帕王子,Bio Miracle Bokutte Upa,バイオミラクル ぼくってウパ,否,FC/FDS,科乐美,1988年4月22日,,,,【雷文】红白机游戏终极鉴赏35期-1988年4月篇 | 4K,25:41,https://www.bilibili.com/video/BV12G88zDEWu/?t=1541
famicom-tantei-club-kieta-koukeisha-zenhen,Famicom侦探俱乐部：消失的继任者（前编）,Famicom Tantei Club - Kieta Koukeisha - Zenhen,ファミコン探偵倶楽部 消えた後継者 前編,否,FDS,任天堂,1988年4月22日,,,,【雷文】红白机游戏终极鉴赏35期-1988年4月篇 | 4K,30:55,https://www.bilibili.com/video/BV12G88zDEWu/?t=1855
fuuun-shourinken-ankoku-no-maou,风云少林拳：暗黑的魔王/风云少林拳2,Fuuun Shourinken - Ankoku no Maou,風雲少林拳 暗黒の魔王,否,FDS,ジャレコ,1988年4月22日,,,,【雷文】红白机游戏终极鉴赏20期-1987年4月篇 | 4K,28:30,https://www.bilibili.com/video/BV12hE1zeEca/?t=1710
desert-commander,沙漠之狐,Desert Commander,戦車戦略 砂漠の狐,是,FC/NES,Seika / KEMCO,1988年4月28日,1989年6月,,,【雷文】红白机游戏终极鉴赏35期-1988年4月篇 | 4K,33:25,https://www.bilibili.com/video/BV12G88zDEWu/?t=2005
elysion,勇士屠龙,Elysion,エリュシオン,否,FC,东京书籍,1988年4月28日,,,,【雷文】红白机游戏终极鉴赏35期-1988年4月篇 | 4K,36:26,https://www.bilibili.com/video/BV12G88zDEWu/?t=2186
tecmo-cup-soccer-game,Tecmo足球,Tecmo Cup Soccer Game,キャプテン翼,是,FC/NES,特库摩,1988年4月28日,1992年9月,1992年9月24日,,【雷文】红白机游戏终极鉴赏36期-1988年5-6月篇 | 4K,01:19,https://www.bilibili.com/video/BV1Vy8CzTE6b/?t=79
jackal,赤色要塞,Jackal,ファイナルコマンド 赤い要塞,是,FDS/NES,科乐美,1988年5月2日,1988年9月,,https://zh.wikipedia.org/wiki/%E8%B5%A4%E8%89%B2%E8%A6%81%E5%A1%9E,【雷文】红白机游戏终极鉴赏36期-1988年5-6月篇 | 4K,04:52,https://www.bilibili.com/video/BV1Vy8CzTE6b/?t=292
deep-dungeon-iii-yuushi-heno-tabi,深入地下城3：成为勇士的旅行,Deep Dungeon III - Yuushi heno Tabi,ディープダンジョンIII 勇士への旅,否,FC,史克威尔,1988年5月13日,,,,【雷文】红白机游戏终极鉴赏36期-1988年5-6月篇 | 4K,07:35,https://www.bilibili.com/video/BV1Vy8CzTE6b/?t=455
mei-tantei-holmes-kiri-no-london-satsujin-jiken,名侦探福尔摩斯：雾之伦敦杀人事件,Mei Tantei Holmes - Kiri no London Satsujin Jiken,名探偵ホームズ 霧のロンドン殺人事件,否,FC,トーワチキ,1988年5月13日,,,,【雷文】红白机游戏终极鉴赏36期-1988年5-6月篇 | 4K,10:00,https://www.bilibili.com/video/BV1Vy8CzTE6b/?t=600
kamen-no-ninja-akakage,假面忍者赤影,Kamen no Ninja - Akakage,仮面の忍者 赤影,否,FC,东映动画,1988年5月20日,,,,【雷文】红白机游戏终极鉴赏36期-1988年5-6月篇 | 4K,12:17,https://www.bilibili.com/video/BV1Vy8CzTE6b/?t=737
namco-classic,南梦宫高尔夫,Namco Classic,ナムコクラシック,否,FC,南梦宫,1988年5月27日,,,,,,
ninja-kun-ashura-no-shou,忍者君：阿修罗之章,Ninja Kun - Ashura no Shou,忍者くん 阿修羅の章,否,FC,UPL,1988年5月27日,,,,【雷文】红白机游戏终极鉴赏36期-1988年5-6月篇 | 4K,17:27,https://www.bilibili.com/video/BV1Vy8CzTE6b/?t=1047
princess-tomato-in-the-salad-kingdom,沙拉王国的蕃茄公主,Princess Tomato in the Salad Kingdom,サラダの国のトマト姫,是,FC/NES,Hudson Soft,1988年5月27日,1991年2月,,,【雷文】红白机游戏终极鉴赏36期-1988年5-6月篇 | 4K,19:57,https://www.bilibili.com/video/BV1Vy8CzTE6b/?t=1197
shougun,将军,Shougun,将軍,否,FC,Hect,1988年5月27日,,,,【雷文】红白机游戏终极鉴赏36期-1988年5-6月篇 | 4K,22:50,https://www.bilibili.com/video/BV1Vy8CzTE6b/?t=1370
saint-seiya-ougon-densetsu-kanketsu-hen,圣斗士星矢：黄金传说完结篇,Saint Seiya - Ougon Densetsu Kanketsu Hen,聖闘士星矢 黄金伝説完結編,否,FC,万代,1988年5月30日,,,,【雷文】红白机游戏终极鉴赏36期-1988年5-6月篇 | 4K,25:35,https://www.bilibili.com/video/BV1Vy8CzTE6b/?t=1535
super-dodge-ball,热血高校躲避球部,Super Dodge Ball,熱血高校ドッジボール部,是,FC/NES,Sony Imagesoft / Technōs Japan,1988年7月26日,1988年6月,,https://zh.wikipedia.org/wiki/%E7%83%AD%E8%A1%80%E9%AB%98%E6%A0%A1%E8%BA%B2%E9%81%BF%E7%90%83%E9%83%A8_(%E7%BA%A2%E7%99%BD%E6%9C%BA),【雷文】红白机游戏终极鉴赏38期-1988年7月篇 | 4K,16:59,https://www.bilibili.com/video/BV1hMb5zLEsa/?t=1019
cosmo-police-galivan,宇宙刑警,Cosmo Police - Galivan,コスモポリス ギャリバン,否,FC,日本物产,1988年6月3日,,,,【雷文】红白机游戏终极鉴赏36期-1988年5-6月篇 | 4K,28:34,https://www.bilibili.com/video/BV1Vy8CzTE6b/?t=1714
risa-no-yousei-densetsu,妖精传说,Risa no Yousei Densetsu,リサの妖精伝説,否,FDS,科乐美,1988年6月12日,,,,【雷文】红白机游戏终极鉴赏37期-1988年6-7月篇 | 4K,04:01,https://www.bilibili.com/video/BV1MU4RzpEZj/?t=241
famicom-tantei-club-kieta-koukeisha-kouhen,Famicom侦探俱乐部：消失的继任者（后编）,Famicom Tantei Club - Kieta Koukeisha - Kouhen,ファミコン探偵倶楽部 消えた後継者 後編,否,FDS,任天堂,1988年6月14日,,,,,,
blaster-master,超惑星战记,Blaster Master,超惑星戦記 メタファイト,是,FC/NES,Sun电子,1988年6月17日,1988年11月,1991年4月25日,https://zh.wikipedia.org/wiki/%E8%B6%85%E6%83%91%E6%98%9F%E6%88%98%E8%AE%B0,【雷文】红白机游戏终极鉴赏36期-1988年5-6月篇 | 4K,34:23,https://www.bilibili.com/video/BV1Vy8CzTE6b/?t=2063
fire-rock,火焰洛克,Fire Rock,ファイヤーロック,否,FDS,ユース,1988年6月20日,,,,【雷文】红白机游戏终极鉴赏37期-1988年6-7月篇 | 4K,01:07,https://www.bilibili.com/video/BV1MU4RzpEZj/?t=67
youkai-douchuuki,妖怪道中记,Youkai Douchuuki,妖怪道中記,否,FC,南梦宫,1988年6月24日,,,https://zh.wikipedia.org/wiki/%E5%A6%96%E6%80%AA%E9%81%93%E4%B8%AD%E8%A8%98,【雷文】红白机游戏终极鉴赏37期-1988年6-7月篇 | 4K,06:35,https://www.bilibili.com/video/BV1MU4RzpEZj/?t=395
sanada-juu-yuushi,真田十勇士,Sanada Juu Yuushi,真田十勇士,否,FC,KEMCO,1988年6月27日,,,,【雷文】红白机游戏终极鉴赏37期-1988年6-7月篇 | 4K,09:43,https://www.bilibili.com/video/BV1MU4RzpEZj/?t=583
kyuukyoku-harikiri-stadium,究极棒球,Kyuukyoku Harikiri Stadium,究極ハリキリスタジアム,否,FC,太东,1988年6月28日,,,,【雷文】红白机游戏终极鉴赏37期-1988年6-7月篇 | 4K,12:37,https://www.bilibili.com/video/BV1MU4RzpEZj/?t=757
iron-tank,,Iron Tank,,否,NES,SNK,,1988年7月,,,,,
legendary-wings,传说之翼,Legendary Wings,,否,NES,卡普空,,1988年7月,,,【雷文】红白机游戏终极鉴赏37期-1988年6-7月篇 | 4K,17:32,https://www.bilibili.com/video/BV1MU4RzpEZj/?t=1052
akuu-senki-raijin,亚空战记,Akuu Senki Raijin,亜空戦記ライジン,否,FDS,DOG,1988年7月12日,,,,【雷文】红白机游戏终极鉴赏37期-1988年6-7月篇 | 4K,19:35,https://www.bilibili.com/video/BV1MU4RzpEZj/?t=1175
super-black-onyx,超级黑石传说,Super Black Onyx,スーパーブラックオニキス,否,FC,BPS,1988年7月14日,,,,【雷文】红白机游戏终极鉴赏37期-1988年6-7月篇 | 4K,23:50,https://www.bilibili.com/video/BV1MU4RzpEZj/?t=1430
best-play-pro-yakyuu,亚斯基职业棒球,Best Play Pro Yakyuu,ベストプレープロ野球,否,FC,ASCII,1988年7月15日,,,,,,
jarinko-chie-bakudan-musume-no-shiawase-sagashi,浪花乃爆破娘：知惠,Jarinko Chie - Bakudan Musume no Shiawase Sagashi,じゃりン子チエ ばくだん娘の幸せさがし,否,FC,科乐美,1988年7月15日,,,,,,
mr-gold-kinsan-in-the-space-tooyama-no-kinsan-space-chou,金先生,Mr. Gold - Kinsan In The Space - Tooyama no Kinsan Space Chou,遠山の金さんすぺえす帖 MR.GOLD,否,FDS,东映动画,1988年7月19日,,,,【雷文】红白机游戏终极鉴赏37期-1988年6-7月篇 | 4K,30:08,https://www.bilibili.com/video/BV1MU4RzpEZj/?t=1808
bionic-commando,希特勒复活,Bionic Commando,ヒットラーの復活 TOP SECRET,是,FC/NES,卡普空,1988年7月20日,1988年12月,1990年10月26日,,,,
maison-ikkoku,相聚一刻,Maison Ikkoku,めぞん一刻 〜想いでのフォトグラフ〜,否,FC,ボーステック,1988年7月21日,,,,【雷文】红白机游戏终极鉴赏38期-1988年7月篇 | 4K,04:37,https://www.bilibili.com/video/BV1hMb5zLEsa/?t=277
kakefu-kun-no-jump-tengoku-speed-jigoku,天堂和地狱,Kakefu Kun no Jump Tengoku - Speed Jigoku,カケフくんのジャンプ天国 スピード地獄,否,FC,VIC东海,1988年7月22日,,,,,,
konamic-ice-hockey,科乐美冰上曲棍球,Konamic Ice Hockey,コナミックアイスホッケー,否,FDS,科乐美,1988年7月22日,,,,,,
the-quest-of-ki,凯伊历险记,the Quest of Ki,カイの冒険,否,FC,南梦宫,1988年7月22日,,,,【雷文】红白机游戏终极鉴赏38期-1988年7月篇 | 4K,06:29,https://www.bilibili.com/video/BV1hMb5zLEsa/?t=389
rainbow-islands-the-story-of-bubble-bobble-2,彩虹岛 - 泡泡龙 2,Rainbow Islands: The Story of Bubble Bobble 2,レインボーアイランド,是,FC/NES,太东,1988年7月26日,1991年6月,,,【雷文】红白机游戏终极鉴赏38期-1988年7月篇 | 4K,14:18,https://www.bilibili.com/video/BV1hMb5zLEsa/?t=858
great-tank,大坦克,Great Tank,グレートタンク,否,FC,SNK,1988年7月29日,,,https://zh.wikipedia.org/wiki/%E5%A4%A7%E5%9D%A6%E5%85%8B,【雷文】红白机游戏终极鉴赏38期-1988年7月篇 | 4K,23:54,https://www.bilibili.com/video/BV1hMb5zLEsa/?t=1434
hiryuu-no-ken-2-dragon-no-tsubasa,飞龙之拳II 飞龙之翼,Hiryuu no Ken 2 - Dragon no Tsubasa,飛龍の拳II ドラゴンの翼,否,FC,Culture Brain,1988年7月29日,,,,【雷文】红白机游戏终极鉴赏38期-1988年7月篇 | 4K,20:09,https://www.bilibili.com/video/BV1hMb5zLEsa/?t=1209
radical-bomber-jirai-kun,地雷君,Radical Bomber!! Jirai Kun,らじかるぼんばー!! 地雷くん,否,FDS,ジャレコ,1988年7月29日,,,,【雷文】红白机游戏终极鉴赏38期-1988年7月篇 | 4K,29:57,https://www.bilibili.com/video/BV1hMb5zLEsa/?t=1797
sangokushi-chuugen-no-hasha,三国志 中原之霸者,Sangokushi - Chuugen no Hasha,三国志 中原の覇者,否,FC,南梦宫,1988年7月29日,,,https://zh.wikipedia.org/wiki/%E4%B8%89%E5%9B%BD%E5%BF%97_%E4%B8%AD%E5%8E%9F%E4%B9%8B%E9%9C%B8%E8%80%85,,,
super-real-baseball-88,超级实战棒球88版,Super Real Baseball '88,スーパーリアルベースボール,否,FC,VAP,1988年7月30日,,,,【雷文】红白机游戏终极鉴赏38期-1988年7月篇 | 4K,31:55,https://www.bilibili.com/video/BV1hMb5zLEsa/?t=1915
world-class-track-meet,任天堂跳跳板 - 田径运动会,World Class Track Meet,,否,NES,任天堂,,1988年8月,,,,,
taiyou-no-shinden-asteka-2,太阳神殿,Taiyou no Shinden - Asteka 2,太陽の神殿,否,FC,东京书籍,1988年8月3日,,,,【雷文】红白机游戏终极鉴赏39期-1988年8月上篇 | 4K,01:10,https://www.bilibili.com/video/BV1UubWziEhU/?t=70
bakutoushi-patton-kun,爆斗士,Bakutoushi Patton Kun,爆闘士パットンくん,否,FDS,ソフトプロ,1988年8月5日,,,,【雷文】红白机游戏终极鉴赏39期-1988年8月上篇 | 4K,04:06,https://www.bilibili.com/video/BV1UubWziEhU/?t=246
eggerland-meikyuu-no-fukkatsu,蛋王子：迷宫复活,Eggerland - Meikyuu no Fukkatsu,エッガーランド 迷宮の復活,否,FC,HAL研究所,1988年8月9日,,,,,,
bases-loaded-ii-second-season,满垒王 2,Bases Loaded II: Second Season,燃えろ!!プロ野球'88決定版,是,FC/NES,Jaleco,1988年8月10日,1990年1月,,,【雷文】红白机游戏终极鉴赏39期-1988年8月上篇 | 4K,08:48,https://www.bilibili.com/video/BV1UubWziEhU/?t=528
big-challenge-juudou-senshuken,大挑战：柔道选手档,Big Challenge! Juudou Senshuken,ビッグチャレンジ! 柔道選手権,否,FDS,ジャレコ,1988年8月10日,,,,,,
silviana-ai-ippai-no-boukensha,母女之爱,Silviana - Ai Ippai no Boukensha,シルヴィアーナ,否,FDS,パック・イン・ビデオ,1988年8月10日,,,,【雷文】红白机游戏终极鉴赏39期-1988年8月上篇 | 4K,18:18,https://www.bilibili.com/video/BV1UubWziEhU/?t=1098
tanigawa-kouji-no-shougi-shinan-2-1,将棋指南2：诘将棋,Tanigawa Kouji no Shougi Shinan 2,谷川浩司の将棋指南II 詰め将棋・次の一手,否,FDS,波丽佳音,1988年8月10日,,,,,,
tatakae-rahmen-man-sakuretsu-choujin-102-gei,斗将拉面男：炸裂超人102艺,Tatakae!! Rahmen Man - Sakuretsu Choujin 102 Gei,闘将!!拉麺男 炸裂超人一〇二芸,否,FC,万代,1988年8月10日,,,,【雷文】红白机游戏终极鉴赏39期-1988年8月上篇 | 4K,13:01,https://www.bilibili.com/video/BV1UubWziEhU/?t=781
the-money-game,金钱游戏,The Money Game,ザ・マネーゲーム,否,FC,ソフエル,1988年8月10日,,,,【雷文】红白机游戏终极鉴赏39期-1988年8月上篇 | 4K,10:42,https://www.bilibili.com/video/BV1UubWziEhU/?t=642
mito-koumon-sekai-manyuu-ki,水户黄门II 世界漫游记,Mito Koumon - Sekai Manyuu Ki,水戸黄門II 世界漫遊記,否,FC,Sun电子,1988年8月11日,,,,【雷文】红白机游戏终极鉴赏39期-1988年8月上篇 | 4K,21:52,https://www.bilibili.com/video/BV1UubWziEhU/?t=1312
dragon-ball-dai-maou-fukkatsu,七龙珠 大魔王复活,Dragon Ball - Dai Maou Fukkatsu,ドラゴンボール 大魔王復活,否,FC,万代,1988年8月12日,,,https://zh.wikipedia.org/wiki/%E4%B8%83%E9%BE%99%E7%8F%A0_%E5%A4%A7%E9%AD%94%E7%8E%8B%E5%A4%8D%E6%B4%BB,【雷文】红白机游戏终极鉴赏39期-1988年8月上篇 | 4K,28:08,https://www.bilibili.com/video/BV1UubWziEhU/?t=1688
famicom-wars,任天堂战争,Famicom Wars,ファミコンウォーズ,否,FC,任天堂,1988年8月12日,,,https://zh.wikipedia.org/wiki/%E4%BB%BB%E5%A4%A9%E5%A0%82%E6%88%98%E4%BA%89_(%E6%B8%B8%E6%88%8F),【雷文】红白机游戏终极鉴赏40期-1988年8月下篇 | 4K,01:06,https://www.bilibili.com/video/BV1WqegzqEgN/?t=66
final-lap,最后冲刺,Final Lap,ファイナルラップ,否,FC,南梦宫,1988年8月12日,,,,【雷文】红白机游戏终极鉴赏40期-1988年8月下篇 | 4K,03:56,https://www.bilibili.com/video/BV1WqegzqEgN/?t=236
mad-city,鳄鱼先生,Mad City,マッド・シティ,否,FC,科乐美,1988年8月12日,,,,【雷文】红白机游戏终极鉴赏39期-1988年8月上篇 | 4K,24:58,https://www.bilibili.com/video/BV1UubWziEhU/?t=1498
soccer-league-winner-s-cup,维纳斯足球赛,Soccer League - Winner's Cup,サッカーリーグ ウィナーズカップ,否,FC,Data East,1988年8月12日,,,,,,
hototogisu,不如归,Hototogisu,不如帰,否,FC,Irem,1988年8月19日,,,,【雷文】红白机游戏终极鉴赏40期-1988年8月下篇 | 4K,07:37,https://www.bilibili.com/video/BV1WqegzqEgN/?t=457
konamic-tennis,科乐美网球,Konamic Tennis,コナミックテニス,否,FDS,科乐美,1988年8月19日,,,,,,
eggerland-souzou-heno-tabidachi,蛋王子2：往创造的出发,Eggerland - Souzou heno Tabidachi,エッガーランド 創造への旅立ち,否,FDS,HAL研究所,1988年8月20日,,,,,,
super-pinball,超级弹珠柜,Super Pinball,スーパーピンボール,否,FC,Coconuts Japan,1988年8月23日,,,,,,
super-dyna-mix-badminton,超级羽毛球,Super Dyna'mix Badminton,スーパーダイナミックスバドミントン,否,FC,VAP,1988年8月26日,,,,【雷文】红白机游戏终极鉴赏40期-1988年8月下篇 | 4K,15:56,https://www.bilibili.com/video/BV1WqegzqEgN/?t=956
xexyz,乌龟报恩,Xexyz,亀の恩返し〜ウラシマ伝説〜,是,FC/NES,Hudson Soft,1988年8月26日,1990年4月,,,【雷文】红白机游戏终极鉴赏40期-1988年8月下篇 | 4K,17:45,https://www.bilibili.com/video/BV1WqegzqEgN/?t=1065
ys,伊苏 失落的伊苏古国 序章,Ys,イース,否,FC,Victor音乐产业,1988年8月26日,,,https://zh.wikipedia.org/wiki/%E4%BC%8A%E8%8B%8F_%E5%A4%B1%E8%90%BD%E7%9A%84%E4%BC%8A%E8%8B%8F%E5%8F%A4%E5%9B%BD_%E5%BA%8F%E7%AB%A0,,,
golgo-13-top-secret-episode,哥尔戈 13 - 诸神之黄昏,Golgo 13: Top Secret Episode,,否,NES,Vic Tokai,,1988年9月,,,,,
jeopardy,电视问答游戏 - 危机,Jeopardy!,,否,NES,GameTek,,1988年9月,,,【雷文】红白机游戏终极鉴赏40期-1988年8月下篇 | 4K,23:59,https://www.bilibili.com/video/BV1WqegzqEgN/?t=1439
milon-s-secret-castle,迷宫组曲,Milon's Secret Castle,,否,NES,Hudson Soft,,1988年9月,,,【雷文】红白机游戏终极鉴赏14期-1986年11月 | 4K,09:38,https://www.bilibili.com/video/BV1ti5izvErs/?t=578
wheel-of-fortune,幸运之轮,Wheel of Fortune,,否,NES,GameTek,,1988年9月,,,,,
famicom-meijin-sen,任天堂名人战,Famicom Meijin Sen,ファミコン名人戦,否,FC,SNK,1988年9月2日,,,,,,
matou-no-houkai-the-hero-of-babel,崩坏魔塔,Matou no Houkai - The Hero of Babel,魔塔の崩壊,否,FDS,波丽佳音,1988年9月2日,,,,,,
kick-and-run,泰德足球,Kick and Run,キック アンド ラン,否,FDS,タイトー,1988年9月13日,,,,,,
maniac-mansion,疯狂大楼,Maniac Mansion,マニアックマンション,是,FC/NES,Jaleco,1988年9月13日,1990年9月,1992年10月22日,https://zh.wikipedia.org/wiki/%E7%98%8B%E7%8B%82%E5%A4%A7%E6%A8%93,【雷文】红白机游戏终极鉴赏41期-1988年9月篇 | 4K,07:50,https://www.bilibili.com/video/BV1dXe9zLEjW/?t=470
phantom-fighter,灵幻道士,Phantom Fighter,霊幻道士,是,FC/NES,FCI / 波丽佳音,1988年9月16日,1990年4月,,,【雷文】红白机游戏终极鉴赏41期-1988年9月篇 | 4K,11:29,https://www.bilibili.com/video/BV1dXe9zLEjW/?t=689
track-field-ii,科乐美首尔奥运会,Track & Field II,科樂美ックスポーツ イン ソウル,是,FC/NES,科乐美,1988年9月16日,1989年6月,1989年11月22日,https://zh.wikipedia.org/wiki/%E7%A7%91%E4%B9%90%E7%BE%8E%E9%A6%96%E5%B0%94%E5%A5%A5%E8%BF%90%E4%BC%9A,,,
kujaku-ou,孔雀王,Kujaku Ou,孔雀王,否,FC,波丽佳音,1988年9月21日,,,,【雷文】红白机游戏终极鉴赏41期-1988年9月篇 | 4K,17:28,https://www.bilibili.com/video/BV1dXe9zLEjW/?t=1048
snoopy-s-silly-sports-spectacular,史努比的趣味运动会,Snoopy's Silly Sports Spectacular,ドナルドダック,是,FC/NES,Seika / KEMCO,1988年9月22日,1990年4月,,,【雷文】红白机游戏终极鉴赏41期-1988年9月篇 | 4K,20:16,https://www.bilibili.com/video/BV1dXe9zLEjW/?t=1216
zelda-ii-the-adventure-of-link,林克的冒险,Zelda II: The Adventure of Link,,否,NES,任天堂,,1988年12月,1988年9月26日,https://zh.wikipedia.org/wiki/%E6%9E%97%E5%85%8B%E7%9A%84%E5%86%92%E9%9A%AA,,,
8-eyes,八眼传说,8 Eyes,エイト・アイズ,是,FC/NES,Taxan / Seta,1988年9月27日,1990年1月,,,,,
erika-to-satoru-no-yume-bouken,少年梦冒险,Erika to Satoru no Yume Bouken,えりかとさとるの夢冒険,否,FC,南梦宫,1988年9月27日,,,https://zh.wikipedia.org/wiki/%E5%B0%91%E5%B9%B4%E6%A2%A6%E5%86%92%E9%99%A9,,,
knight-rider,霹雳游侠,Knight Rider,ナイトライダー,是,FC/NES,Acclaim Entertainment / Pack-In-Video,1988年9月30日,1989年12月,1990年7月27日,,【雷文】红白机游戏终极鉴赏41期-1988年9月篇 | 4K,28:48,https://www.bilibili.com/video/BV1dXe9zLEjW/?t=1728
vegas-dream,赌城之梦,Vegas Dream,VIVA LASVEGAS,是,FC/NES,HAL America Inc / Epic-Sony,1988年9月30日,1990年3月,,,【雷文】红白机游戏终极鉴赏41期-1988年9月篇 | 4K,31:36,https://www.bilibili.com/video/BV1dXe9zLEjW/?t=1896
1943-the-battle-of-midway,1943 中途岛海战,1943: The Battle of Midway,1943,是,FC/NES,卡普空,1989年6月20日,1988年10月,,https://zh.wikipedia.org/wiki/1943_%E4%B8%AD%E9%80%94%E5%B3%B6%E6%B5%B7%E6%88%B0,【雷文】红白机游戏终极鉴赏36期-1988年5-6月篇 | 4K,37:57,https://www.bilibili.com/video/BV1Vy8CzTE6b/?t=2277
donkey-kong-classics,大金刚经典合辑,Donkey Kong Classics,,否,NES,任天堂,,1988年10月,1989年8月10日,,,,
super-mario-bros-2,超级马力欧兄弟USA,Super Mario Bros. 2,スーパーマリオUSA,是,FC/FDS/NES,任天堂,1992年9月14日,1988年10月,1989年4月28日,https://zh.wikipedia.org/wiki/%E8%B6%85%E7%BA%A7%E9%A9%AC%E9%87%8C%E5%A5%A5%E5%85%84%E5%BC%9FUSA,【雷文】红白机游戏终极鉴赏11期-1986年6-7月 | 4K,04:28,https://www.bilibili.com/video/BV1eUZZYBE3b/?t=268
best-play-pro-yakyuu-shin-data,亚斯基职业野球 新资料版,Best Play Pro Yakyuu - Shin Data,ベストプレープロ野球 新データ,否,FC,ASCII,1988年10月11日,,,,【雷文】红白机游戏终极鉴赏42期-1988年10月篇 | 4K,06:28,https://www.bilibili.com/video/BV1LphrzqEaK/?t=388
dai-senryaku,大战略,Dai Senryaku,大戦略,否,FC,Bothtec,1988年10月11日,,,https://zh.wikipedia.org/wiki/%E5%A4%A7%E6%88%98%E7%95%A5_(%E7%BA%A2%E7%99%BD%E6%9C%BA),【雷文】红白机游戏终极鉴赏42期-1988年10月篇 | 4K,03:30,https://www.bilibili.com/video/BV1LphrzqEaK/?t=210
the-black-bass-2,钓鱼模拟游戏：黑巴斯2,The Black Bass 2,ザ・ブラックバスII,否,FC,HOT-B,1988年10月18日,,,,【雷文】红白机游戏终极鉴赏42期-1988年10月篇 | 4K,07:32,https://www.bilibili.com/video/BV1LphrzqEaK/?t=452
big-challenge-dogfight-spirit,大挑战：战斗直升机,Big challenge~Dogfight Spirit,ビッグチャレンジ! ドッグファイトスピリット,否,FDS,ジャレコ,1988年10月21日,,,,【雷文】红白机游戏终极鉴赏42期-1988年10月篇 | 4K,16:26,https://www.bilibili.com/video/BV1LphrzqEaK/?t=986
cobra-command,眼镜蛇指挥官,Cobra Command,コブラコマンド,是,FC/NES,Data East,1988年10月21日,1988年11月,,,【雷文】红白机游戏终极鉴赏42期-1988年10月篇 | 4K,09:18,https://www.bilibili.com/video/BV1LphrzqEaK/?t=558
dandy-zeuon-no-fukkatsu,丹迪冒险：捷翁的复活,Dandy - Zeuon no Fukkatsu,ダンディー,否,FDS,波丽佳音,1988年10月21日,,,,【雷文】红白机游戏终极鉴赏42期-1988年10月篇 | 4K,18:47,https://www.bilibili.com/video/BV1LphrzqEaK/?t=1127
genpei-touma-den-computer-boardgame,源平讨魔传,Genpei Touma Den - Computer Boardgame,源平討魔伝,否,FC,南梦宫,1988年10月21日,,,https://zh.wikipedia.org/wiki/%E6%BA%90%E5%B9%B3%E8%AE%A8%E9%AD%94%E4%BC%A0,【雷文】红白机游戏终极鉴赏42期-1988年10月篇 | 4K,12:38,https://www.bilibili.com/video/BV1LphrzqEaK/?t=758
ultraman-club-chikyuu-dakkan-sakusen,怪兽超人俱乐部：地球夺回作战,Ultraman Club - Chikyuu Dakkan Sakusen,ウルトラマン倶楽部,否,FDS,万代,1988年10月22日,,,,,,
super-mario-bros-3,超级马力欧兄弟3,Super Mario Bros. 3,スーパーマリオブラザーズ3,是,FC/NES,任天堂,1988年10月23日,1990年2月12日,1991年8月29日,https://zh.wikipedia.org/wiki/%E8%B6%85%E7%B4%9A%E7%91%AA%E5%88%A9%E6%AD%90%E5%85%84%E5%BC%9F3,【雷文】红白机游戏终极鉴赏42期-1988年10月篇 | 4K,24:35,https://www.bilibili.com/video/BV1LphrzqEaK/?t=1475
america-daitouryou-senkyo,美国总统大选,America Daitouryou Senkyo,アメリカ大統領選挙,否,FC,Hect,1988年10月28日,,,,【雷文】红白机游戏终极鉴赏42期-1988年10月篇 | 4K,27:34,https://www.bilibili.com/video/BV1LphrzqEaK/?t=1654
yuu-maze,游戏迷宫,Yuu Maze,遊メイズ,否,FDS,タイトー,1988年10月28日,,,,【雷文】红白机游戏终极鉴赏42期-1988年10月篇 | 4K,30:54,https://www.bilibili.com/video/BV1LphrzqEaK/?t=1854
romance-of-the-three-kingdoms,三国志,Romance of the Three Kingdoms,三國志,是,FC/NES,光荣,1988年10月30日,1989年10月,,https://zh.wikipedia.org/wiki/%E4%B8%89%E5%9C%8B%E5%BF%97_(%E9%81%8A%E6%88%B2),【雷文】红白机游戏终极鉴赏38期-1988年7月篇 | 4K,26:33,https://www.bilibili.com/video/BV1hMb5zLEsa/?t=1593
anticipation,机智问答,Anticipation,,否,NES,任天堂,,1988年11月,1989年10月25日,,【雷文】红白机游戏终极鉴赏44期-1988年12月上篇 | 4K,00:38,https://www.bilibili.com/video/BV1yzHezgEF8/?t=38
dr-chaos,邪恶先生,Dr. Chaos,,否,NES,FCI,,1988年11月,,,,,
super-mario-bros-duck-hunt,超级马力欧兄弟/打野鸭,Super Mario Bros./Duck Hunt]],,否,NES,任天堂,,1988年11月,,https://zh.wikipedia.org/wiki/%E8%B6%85%E7%BA%A7%E9%A9%AC%E9%87%8C%E5%A5%A5%E5%85%84%E5%BC%9F,,,
super-mario-bros-tetris-nintendo-world-cup,超级马力欧兄弟/俄罗斯方块/热血足球,Super Mario Bros./Tetris/Nintendo World Cup,,否,NES,任天堂,,,1988年11月,https://zh.wikipedia.org/wiki/%E8%B6%85%E7%BA%A7%E9%A9%AC%E9%87%8C%E5%A5%A5%E5%85%84%E5%BC%9F,,,
super-team-games,任天堂跳跳板 - 大运动会,Super Team Games,,否,NES,任天堂,,1988年11月,,,,,
touhou-kenbun-roku,东方见文录,Touhou Kenbun Roku,東方見文録,否,FC,Natsume,1988年11月10日,,,,,,
gambler-jiko-chuushin-ha-mahjong-game,自我中心派,Gambler Jiko Chuushin Ha - Mahjong Game,ぎゅわんぶらあ自己中心派,否,FC,Asmik,1988年11月11日,,,,【雷文】红白机游戏终极鉴赏43期-1988年11月篇 | 4K,03:32,https://www.bilibili.com/video/BV1PLahzxEwQ/?t=212
saiyuuki-world,西游记世界,Saiyuuki World,西遊記ワールド,否,FC,Jaleco,1988年11月11日,,,,【雷文】红白机游戏终极鉴赏43期-1988年11月篇 | 4K,05:33,https://www.bilibili.com/video/BV1PLahzxEwQ/?t=333
touch-down-fever,美式橄榄球,Touch Down Fever,アメリカンフットボール タッチダウンフィーバー,是,FC/NES,SNK / K. Amusement Leasing,1988年11月11日,1991年2月,,,,,
samurai-sword,武士之剑,Samurai Sword,サムライソード,否,FDS,卡普空,1988年11月15日,,,,【雷文】红白机游戏终极鉴赏43期-1988年11月篇 | 4K,10:06,https://www.bilibili.com/video/BV1PLahzxEwQ/?t=606
family-quiz,趣味问答,Family Quiz,ファミリークイズ 4人はライバル,否,FC,アテナ,1988年11月16日,,,,【雷文】红白机游戏终极鉴赏43期-1988年11月篇 | 4K,12:41,https://www.bilibili.com/video/BV1PLahzxEwQ/?t=761
gyruss,太空射击战,Gyruss,ジャイラス,是,FDS/NES,Ultra Games / 科乐美,1988年11月18日,1989年2月,,,【雷文】红白机游戏终极鉴赏43期-1988年11月篇 | 4K,19:13,https://www.bilibili.com/video/BV1PLahzxEwQ/?t=1153
kaijuu-monogatari,贝兽物语,Kaijuu Monogatari,貝獣物語,否,FC,南梦宫,1988年11月18日,,,https://zh.wikipedia.org/wiki/%E8%B4%9D%E5%85%BD%E7%89%A9%E8%AF%AD,【雷文】红白机游戏终极鉴赏43期-1988年11月篇 | 4K,15:09,https://www.bilibili.com/video/BV1PLahzxEwQ/?t=909
pachinko-gp,帕青哥GP赛,Pachinko GP,パチンコGP,否,FDS,データイースト,1988年11月18日,,,,,,
deja-vu,时空线索：恶魔真的来临,Deja Vu,ディジャブ 悪夢は本当にやって来た,否,FC,KEMCO,1988年11月22日,,,,【雷文】红白机游戏终极鉴赏43期-1988年11月篇 | 4K,23:03,https://www.bilibili.com/video/BV1PLahzxEwQ/?t=1383
hoops,燃烧篮球,Hoops,燃えろ!!ジュニアバスケット ツーオンツー,是,FC/NES,Jaleco,1988年11月22日,1989年6月,,,【雷文】红白机游戏终极鉴赏43期-1988年11月篇 | 4K,26:04,https://www.bilibili.com/video/BV1PLahzxEwQ/?t=1564
family-mahjong-2-shanghai-heno-michi,家庭麻将：上海之道,Family Mahjong 2 - Shanghai Heno Michi,ファミリーマージャンII 上海への道,否,FC,南梦宫,1988年11月25日,,,,【雷文】红白机游戏终极鉴赏43期-1988年11月篇 | 4K,28:12,https://www.bilibili.com/video/BV1PLahzxEwQ/?t=1692
takeshi-no-sengoku-fuuunji,阿武的战国风云儿,Takeshi no Sengoku Fuuunji,たけしの戦国風雲児,否,FC,太东,1988年11月25日,,,,【雷文】红白机游戏终极鉴赏43期-1988年11月篇 | 4K,31:02,https://www.bilibili.com/video/BV1PLahzxEwQ/?t=1862
chuugoku-senseijutsu,中国占星术,Chuugoku Senseijutsu,中国占星術,否,FC,Jaleco,1988年11月29日,,,,【雷文】红白机游戏终极鉴赏43期-1988年11月篇 | 4K,34:43,https://www.bilibili.com/video/BV1PLahzxEwQ/?t=2083
jaaman-tanteidan-marin-gumi-maruhi-jigoma-sousa-file,侦探团魔邻组,Jaaman Tanteidan Marin Gumi - Maruhi Jigoma Sousa File,じゃあまん探偵団 魔隣組,否,FDS,万代,1988年11月29日,,,,【雷文】红白机游戏终极鉴赏43期-1988年11月篇 | 4K,36:42,https://www.bilibili.com/video/BV1PLahzxEwQ/?t=2202
kaettekita-mario-bros,返回吧！水管玛丽,Kaettekita Mario Bros,帰ってきたマリオブラザーズ,否,FDS,任天堂,1988年11月30日,,,,,,
blades-of-steel,钢刀曲棍球,Blades of Steel,,否,NES,北美：科乐美欧洲：科乐美澳洲：美泰,,1988年12月,1990年11月23日,,,,
indiana-jones-and-the-temple-of-doom,印地安纳琼斯 - 魔宫传奇,Indiana Jones and the Temple of Doom,,否,NES,Mindscape,,1988年12月,,,【雷文】红白机游戏终极鉴赏44期-1988年12月上篇 | 4K,02:44,https://www.bilibili.com/video/BV1yzHezgEF8/?t=164
paperboy,送报童,Paperboy,ペーパーボーイ,是,FC/NES,Mindscape / Arutoron,1991年1月30日,1988年12月,1990年10月26日,https://zh.wikipedia.org/wiki/%E9%80%81%E5%A0%B1%E5%93%A1_(%E9%81%8A%E6%88%B2),【雷文】红白机游戏终极鉴赏44期-1988年12月上篇 | 4K,05:41,https://www.bilibili.com/video/BV1yzHezgEF8/?t=341
platoon,前进高棉,Platoon,,否,NES,Sun电子,,1988年12月,,,,,
rampage,疯狂大毁灭,Rampage,,否,NES,Data East,,1988年12月,,,【雷文】红白机游戏终极鉴赏44期-1988年12月上篇 | 4K,10:24,https://www.bilibili.com/video/BV1yzHezgEF8/?t=624
skate-or-die,滑板或死,Skate or Die!,,否,NES,Ultra Games,,1988年12月,1990年8月17日,,,,
xenophobe,外星大作战,Xenophobe,,否,NES,Sun电子,,1988年12月,,,【雷文】红白机游戏终极鉴赏44期-1988年12月上篇 | 4K,15:20,https://www.bilibili.com/video/BV1yzHezgEF8/?t=920
alien-syndrome,异形风暴,Alien Syndrome,エイリアンシンドローム,否,FC,Sun电子,1988年12月2日,,,,【雷文】红白机游戏终极鉴赏44期-1988年12月上篇 | 4K,17:17,https://www.bilibili.com/video/BV1yzHezgEF8/?t=1037
hanjuku-hero,半熟英雄,Hanjuku Hero,半熟英雄,否,FC,史克威尔,1988年12月2日,,,,【雷文】红白机游戏终极鉴赏44期-1988年12月上篇 | 4K,21:34,https://www.bilibili.com/video/BV1yzHezgEF8/?t=1294
momotarou-dentetsu,桃太郎电铁,Momotarou Dentetsu,桃太郎電鉄,否,FC,Hudson Soft,1988年12月2日,,,,【雷文】红白机游戏终极鉴赏44期-1988年12月上篇 | 4K,24:54,https://www.bilibili.com/video/BV1yzHezgEF8/?t=1494
totsuzen-machoman,突然君,Totsuzen! Machoman,突然!マッチョマン,否,FC,VIC东海,1988年12月2日,,,,【雷文】红白机游戏终极鉴赏44期-1988年12月上篇 | 4K,19:13,https://www.bilibili.com/video/BV1yzHezgEF8/?t=1153
godzilla,哥斯拉/酷斯拉,Godzilla,ゴジラ,否,FC,东宝,1988年12月9日,,,,【雷文】红白机游戏终极鉴赏44期-1988年12月上篇 | 4K,27:33,https://www.bilibili.com/video/BV1yzHezgEF8/?t=1653
king-of-kings,万王之王,King of Kings,キングオブキングス,否,FC,南梦宫,1988年12月9日,,,,【雷文】红白机游戏终极鉴赏44期-1988年12月上篇 | 4K,29:59,https://www.bilibili.com/video/BV1yzHezgEF8/?t=1799
michael-andretti-s-world-gp,麦可安德瑞提之世界格兰披治大赛车,Michael Andretti's World GP,中嶋悟F-1ヒーロー,是,FC/NES,American Sammy / バリエ,1988年12月9日,1990年6月,,,,,
nankin-no-adobenchia,那金大冒险,Nankin no Adobenchia,なんきんのアドベンチア,否,FDS,Sun电子,1988年12月9日,,,,【雷文】红白机游戏终极鉴赏45期-1988年12月中篇 | 4K,01:00,https://www.bilibili.com/video/BV1TSptzAEjT/?t=60
ninja-gaiden,忍者龙剑传,Ninja Gaiden,忍者龍剣伝,是,FC/NES,特库摩,1988年12月9日,1989年3月,1991年8月15日,https://zh.wikipedia.org/wiki/%E5%BF%8D%E8%80%85%E9%BE%99%E5%89%91%E4%BC%A0_(%E7%BA%A2%E7%99%BD%E6%9C%BA),【雷文】红白机游戏终极鉴赏45期-1988年12月中篇 | 4K,05:21,https://www.bilibili.com/video/BV1TSptzAEjT/?t=321
tantei-jinguuji-saburou-kikenna-futari-zenhen,侦探神宫原三郎：危险的两人（前编）,Tantei Jinguuji Saburou - Kikenna Futari - Zenhen,探偵 神宮寺三郎 危険な二人 前編,否,FDS,データイースト,1988年12月9日,,,,,,
vs-excitebike,热战机车赛,Vs.Excitebike,VS.エキサイトバイク,否,FDS,任天堂,1988年12月9日,,,,,,
89-dennou-kyuusei-uranai,89电脑占星术,'89 Dennou Kyuusei Uranai,'89電脳九星占い,否,FC,イントロダクションプロデュース,1988年12月10日,,,,,,
fighting-road,战斗之路,Fighting Road,ファイティングロード,否,FC,东映动画,1988年12月13日,,,,【雷文】红白机游戏终极鉴赏45期-1988年12月中篇 | 4K,10:32,https://www.bilibili.com/video/BV1TSptzAEjT/?t=632
captain-silver,锡鲁巴船长,Captain Silver,キャプテンシルバー,否,FC,德间书店,1988年12月16日,,,,【雷文】红白机游戏终极鉴赏45期-1988年12月中篇 | 4K,12:40,https://www.bilibili.com/video/BV1TSptzAEjT/?t=760
gradius-2,宇宙巡航舰II 高弗的野望,Gradius 2,グラディウスII,否,FC,科乐美,1988年12月16日,,,https://zh.wikipedia.org/wiki/%E5%AE%87%E5%AE%99%E5%B7%A1%E8%88%AA%E8%89%A6II_%E9%AB%98%E5%BC%97%E7%9A%84%E9%87%8E%E6%9C%9B,,,
kaguya-hime-densetsu,竹取公主传说,Kaguya Hime Densetsu,かぐや姫伝説,否,FC,Victor音乐产业,1988年12月16日,,,,【雷文】红白机游戏终极鉴赏45期-1988年12月中篇 | 4K,17:54,https://www.bilibili.com/video/BV1TSptzAEjT/?t=1074
kyuukyoku-harikiri-stadium-88-shin-senshu-data-version,究极棒球88年版,Kyuukyoku Harikiri Stadium '88 - Shin Senshu Data Version,究極ハリキリスタジアム'88,否,FC,太东,1988年12月16日,,,,,,
the-triathron,铁人竞技,The Triathron,ザ・トライアスロン,否,FC,K. Amusement Leasing,1988年12月16日,,,,【雷文】红白机游戏终极鉴赏45期-1988年12月中篇 | 4K,21:24,https://www.bilibili.com/video/BV1TSptzAEjT/?t=1284
cycle-race-road-man,单车王,Cycle Race - Road Man,サイクルレース ロードマン 〜激走!! 日本一周4000km〜,否,FC,东京书籍,1988年12月17日,,,,【雷文】红白机游戏终极鉴赏45期-1988年12月中篇 | 4K,23:44,https://www.bilibili.com/video/BV1TSptzAEjT/?t=1424
final-fantasy-2,最终幻想II,Final Fantasy 2,ファイナルファンタジーII,否,FC,史克威尔,1988年12月17日,,,https://zh.wikipedia.org/wiki/%E6%9C%80%E7%BB%88%E5%B9%BB%E6%83%B3II,,,
top-rider,顶级赛车,Top Rider,トップライダー,否,FC,バリエ,1988年12月17日,,,,【雷文】红白机游戏终极鉴赏45期-1988年12月中篇 | 4K,29:57,https://www.bilibili.com/video/BV1TSptzAEjT/?t=1797
family-trainer-no-9-fuuun-takeshi-jou-2,跳跳板系列09：风云武城,Family Trainer No.9 - Fuuun Takeshi Jou 2,ファミリートレーナー 風雲!たけし城2,否,FC,万代,1988年12月20日,,,,,,
fantasy-zone-2-the-teardrop-of-opa-opa,幻想空间2：欧巴欧巴的眼泪,Fantasy Zone 2 - The Teardrop of Opa-Opa,ファンタジーゾーン2,否,FC,Sun电子,1988年12月20日,,,,,,
pro-yakyuu-family-stadium-88,明星职棒88年度版,Pro Yakyuu - Family Stadium '88,プロ野球ファミリースタジアム'88,否,FC,南梦宫,1988年12月20日,,,,,,
rollerball,滚转弹珠台,Rollerball,ローラーボール,是,FC/NES,HAL America Inc / HAL研究所,1988年12月20日,1990年2月,,,,,
ginga-eiyuu-densetsu,银河英雄传说,Ginga Eiyuu Densetsu,銀河英雄伝説,否,FC,KEMCO,1988年12月21日,,,,【雷文】红白机游戏终极鉴赏46期-1988年12月下篇 | 4K,06:11,https://www.bilibili.com/video/BV1CLnPznEvz/?t=371
tetris,俄罗斯方块,Tetris,テトリス,是,FC/NES,任天堂 / BPS,1988年12月22日,1989年11月,1990年2月23日,https://zh.wikipedia.org/wiki/%E4%BF%84%E7%BE%85%E6%96%AF%E6%96%B9%E5%A1%8A,【雷文】红白机游戏终极鉴赏46期-1988年12月下篇 | 4K,08:41,https://www.bilibili.com/video/BV1CLnPznEvz/?t=521
tarot,塔罗牌占卜,Tarot,タロット占い,否,FDS,スコーピオンソフト,1988年12月23日,,,,【雷文】红白机游戏终极鉴赏46期-1988年12月下篇 | 4K,11:21,https://www.bilibili.com/video/BV1CLnPznEvz/?t=681
akira,阿基拉,Akira,AKIRA,否,FC,太东,1988年12月24日,,,https://zh.wikipedia.org/wiki/%E9%98%BF%E5%9F%BA%E6%8B%89_(%E6%B8%B8%E6%88%8F),【雷文】红白机游戏终极鉴赏46期-1988年12月下篇 | 4K,15:01,https://www.bilibili.com/video/BV1CLnPznEvz/?t=901
mega-man-2,洛克人2 威利博士之谜,Mega Man 2,ロックマン2 Dr.ワイリーの謎,是,FC/NES,卡普空,1988年12月24日,1989年6月,1990年12月14日,https://zh.wikipedia.org/wiki/%E6%B4%9B%E5%85%8B%E4%BA%BA2_%E5%A8%81%E5%88%A9%E5%8D%9A%E5%A3%AB%E4%B9%8B%E8%AC%8E,【雷文】红白机游戏终极鉴赏46期-1988年12月下篇 | 4K,17:14,https://www.bilibili.com/video/BV1CLnPznEvz/?t=1034
pro-yakyuu-satsujin-jiken,职业棒球杀人事件,Pro Yakyuu Satsujin Jiken!,プロ野球?殺人事件!,否,FC,卡普空,1988年12月24日,,,,,,
shoukoushi-ceddie,小公子,Shoukoushi Ceddie,小公子セディ,否,FC,フジテレビジョン,1988年12月24日,,,,【雷文】红白机游戏终极鉴赏46期-1988年12月下篇 | 4K,24:31,https://www.bilibili.com/video/BV1CLnPznEvz/?t=1471
guerrilla-war,古巴战士,Guerrilla War,ゲバラ,是,FC/NES,SNK,1988年12月26日,1989年6月,,https://zh.wikipedia.org/wiki/%E5%8F%A4%E5%B7%B4%E6%88%98%E5%A3%AB,【雷文】红白机游戏终极鉴赏46期-1988年12月下篇 | 4K,26:46,https://www.bilibili.com/video/BV1CLnPznEvz/?t=1606
sesame-street-1-2-3,芝麻街 123,Sesame Street: 1-2-3,,否,NES,Hi Tech Expressions,,1989年1月,,,【雷文】红白机游戏终极鉴赏48期-1989年2月上篇 | 4K,00:45,https://www.bilibili.com/video/BV1yrHVzEEFW/?t=45
tecmo-baseball,Tecmo棒球,Tecmo Baseball,,否,NES,特库摩,,1989年1月,,,,,
wwf-wrestlemania,世界摔角联盟 - 狂热摔角,WWF WrestleMania,,否,NES,Acclaim Entertainment,,1989年1月,,,,,
ganbare-goemon-2,大盗伍佑卫门2,Ganbare Goemon 2,がんばれゴエモン2,否,FC,科乐美,1989年1月4日,,,,,,
casino-kid,赌城小子,Casino Kid,100万$キッド 幻の帝王編,是,FC/NES,SOFEL / ソフエル,1989年1月6日,1989年10月,,,【雷文】红白机游戏终极鉴赏47期-1989年1月篇 | 4K,04:07,https://www.bilibili.com/video/BV1kMnnzcESQ/?t=247
space-harrier,时空战士/太空哈利,Space Harrier,スペースハリアー,否,FC,特佳丽,1989年1月6日,,,,【雷文】红白机游戏终极鉴赏47期-1989年1月篇 | 4K,06:00,https://www.bilibili.com/video/BV1kMnnzcESQ/?t=360
halley-wars,哈雷大战,Halley Wars,ハレーウォーズ,否,FDS,タイトー,1989年1月14日,,,,【雷文】红白机游戏终极鉴赏47期-1989年1月篇 | 4K,08:36,https://www.bilibili.com/video/BV1kMnnzcESQ/?t=516
patlabor-mobile-police-kidou-keisatsu-patlabor,机动警察：第二小队出动,Patlabor - Mobile Police (Kidou Keisatsu Patlabor),機動警察パトレイバー,否,FDS,万代,1989年1月14日,,,,【雷文】红白机游戏终极鉴赏47期-1989年1月篇 | 4K,16:04,https://www.bilibili.com/video/BV1kMnnzcESQ/?t=964
nishimura-kyoutarou-mystery-blue-train-satsujin-jiken,西村京太郎神秘系列：蓝色列车杀人事件,Nishimura Kyoutarou Mystery - Blue Train Satsujin Jiken,西村京太郎ミステリー ブルートレイン殺人事件,否,FC,Irem,1989年1月20日,,,,【雷文】红白机游戏终极鉴赏47期-1989年1月篇 | 4K,10:50,https://www.bilibili.com/video/BV1kMnnzcESQ/?t=650
satomi-hakkenden,里见八犬传,Satomi Hakkenden,里見八犬伝,否,FC,SNK,1989年1月20日,,,,【雷文】红白机游戏终极鉴赏47期-1989年1月篇 | 4K,13:24,https://www.bilibili.com/video/BV1kMnnzcESQ/?t=804
family-trainer-no-10-rairai-kyonshiizu,跳跳板系列10：来来小子僵尸大冒险,Family Trainer No.10 - Rairai Kyonshiizu,来来キョンシーズ ベビーキョンシーのあみだ大冒険,否,FC,万代,1989年1月26日,,,,,,
clash-at-demonhead,电击超人,Clash at Demonhead,電撃ビッグバン!,是,FC/NES,Vic Tokai / VIC东海,1989年1月27日,1990年1月,,,【雷文】红白机游戏终极鉴赏47期-1989年1月篇 | 4K,20:47,https://www.bilibili.com/video/BV1kMnnzcESQ/?t=1247
motocross-champion,摩托车越野赛,Motocross Champion,モトクロスチャンピオン,否,FC,科乐美,1989年1月27日,,,,【雷文】红白机游戏终极鉴赏47期-1989年1月篇 | 4K,23:44,https://www.bilibili.com/video/BV1kMnnzcESQ/?t=1424
zoids-2-zenebasu-no-gyakushuu,洛依德2：捷尼巴斯的反击,Zoids 2 - Zenebasu no Gyakushuu,ゾイド2 ゼネバスの逆襲,否,FC,东芝EMI,1989年1月27日,,,,【雷文】红白机游戏终极鉴赏47期-1989年1月篇 | 4K,25:48,https://www.bilibili.com/video/BV1kMnnzcESQ/?t=1548
pachio-kun-2,帕青夫君2,Pachio Kun 2,パチ夫くん2,否,FC,Coconuts Japan,1989年1月30日,,,,,,
world-grand-prix-pole-to-finish,F1世界冠军杯赛车,World Grand-Prix - Pole To Finish,POLE TO FINISH,否,FC,Data East,1989年1月31日,,,,【雷文】红白机游戏终极鉴赏47期-1989年1月篇 | 4K,28:58,https://www.bilibili.com/video/BV1kMnnzcESQ/?t=1738
bandai-golf-challenge-pebble-beach,万岱高尔夫 - 圆石滩球场邀请赛,Bandai Golf: Challenge Pebble Beach,,否,NES,万代,,1989年2月,,,,,
friday-the-13th,13号星期五,Friday the 13th,,否,NES,LJN,,1989年2月,,https://zh.wikipedia.org/wiki/13%E8%99%9F%E6%98%9F%E6%9C%9F%E4%BA%94_(%E9%81%8A%E6%88%B2),,,
q-bert,Q伯特,Q*bert,,否,NES,Ultra Games,,1989年2月,,https://zh.wikipedia.org/wiki/Q%E4%BC%AF%E7%89%B9,【雷文】红白机游戏终极鉴赏48期-1989年2月上篇 | 4K,09:31,https://www.bilibili.com/video/BV1yrHVzEEFW/?t=571
tecmo-bowl,Tecmo美式足球,Tecmo Bowl,テクモボウル,是,FC/NES,特库摩,1990年11月13日,1989年2月,,,【雷文】红白机游戏终极鉴赏43期-1988年11月篇 | 4K,08:09,https://www.bilibili.com/video/BV1PLahzxEwQ/?t=489
tom-sawyer-no-bouken,汤姆的冒险,Tom Sawyer no Bouken,トム・ソーヤーの冒険,否,FC,Seta,1989年2月6日,,,,【雷文】红白机游戏终极鉴赏48期-1989年2月上篇 | 4K,15:26,https://www.bilibili.com/video/BV1yrHVzEEFW/?t=926
wagan-land,瓦强世界,Wagan Land,ワギャンランド,否,FC,南梦宫,1989年2月9日,,,,【雷文】红白机游戏终极鉴赏48期-1989年2月上篇 | 4K,17:45,https://www.bilibili.com/video/BV1yrHVzEEFW/?t=1065
sekiryuuou,赤龙王,Sekiryuuou,赤龍王,否,FC,Sun电子,1989年2月10日,,,,【雷文】红白机游戏终极鉴赏48期-1989年2月上篇 | 4K,19:44,https://www.bilibili.com/video/BV1yrHVzEEFW/?t=1184
tantei-jinguuji-saburou-kikenna-futari-kouhen,侦探神宫原三郎：危险的两人（后编）,Tantei Jinguuji Saburou - Kikenna Futari - Kouhen,探偵 神宮寺三郎 危険な二人 後編,否,FDS,DECO,1989年2月10日,,,,,,
yamamura-misa-suspense-kyouto-hana-no-misshitsu-satsujin-j,山村美纱悬疑系列：京都花之密室杀人事件,Yamamura Misa Suspense - Kyouto Hana no Misshitsu Satsujin J,山村美紗サスペンス 京都花の密室殺人事件,否,FC,太东,1989年2月11日,,,,【雷文】红白机游戏终极鉴赏48期-1989年2月上篇 | 4K,23:11,https://www.bilibili.com/video/BV1yrHVzEEFW/?t=1391
famicom-jump-eiyuu-retsuden,Famicom Jump 英雄列传,Famicom Jump - Eiyuu Retsuden,ファミコンジャンプ 英雄列伝,否,FC,万代,1989年2月15日,,,https://zh.wikipedia.org/wiki/Famicom_Jump_%E8%8B%B1%E9%9B%84%E5%88%97%E4%BC%A0,【雷文】红白机游戏终极鉴赏48期-1989年2月上篇 | 4K,25:26,https://www.bilibili.com/video/BV1yrHVzEEFW/?t=1526
space-shadow,影之空间,Space Shadow,スペースシャドー,否,FC,万代,1989年2月15日,,,,【雷文】红白机游戏终极鉴赏49期-1989年2-3月篇 | 4K,06:44,https://www.bilibili.com/video/BV1moxrz1EU7/?t=404
roger-rabbit,罗杰兔,Roger Rabbit,ロジャーラビット,否,FDS,KEMCO,1989年2月16日,,,,【雷文】红白机游戏终极鉴赏48期-1989年2月上篇 | 4K,29:10,https://www.bilibili.com/video/BV1yrHVzEEFW/?t=1750
flying-hero,救火英雄,Flying Hero,飛ingヒーロー,否,FC,Epic-Sony,1989年2月17日,,,,【雷文】红白机游戏终极鉴赏49期-1989年2-3月篇 | 4K,00:56,https://www.bilibili.com/video/BV1moxrz1EU7/?t=56
hydlide-3-yami-kara-no-houmonsha,梦幻仙境3：来自黑暗的访问者,Hydlide 3 - Yami Kara no Houmonsha,ハイドライド3 闇からの訪問者,否,FC,南梦宫,1989年2月17日,,,,【雷文】红白机游戏终极鉴赏49期-1989年2-3月篇 | 4K,03:36,https://www.bilibili.com/video/BV1moxrz1EU7/?t=216
wizardry-ii-legacy-of-llylgamyn,巫术II：利加敏的遗产,Wizardry II - Legacy of Llylgamyn,ウィザードリィII リルガミンの遺産,否,FC,ASCII,1989年2月21日,,,https://zh.wikipedia.org/wiki/%E5%B7%AB%E6%9C%AFIII%EF%BC%9A%E5%88%A9%E5%8A%A0%E6%95%8F%E7%9A%84%E9%81%97%E4%BA%A7,【雷文】红白机游戏终极鉴赏49期-1989年2-3月篇 | 4K,08:46,https://www.bilibili.com/video/BV1moxrz1EU7/?t=526
hyakkiyakou,百鬼夜行,Hyakkiyakou,百鬼夜行,否,FC,ユース,1989年2月23日,,,,【雷文】红白机游戏终极鉴赏49期-1989年2-3月篇 | 4K,11:17,https://www.bilibili.com/video/BV1moxrz1EU7/?t=677
tama-friends,猫咪大冒险,Tama & Friends,タマ&フレンズ,否,FDS,万代,1989年2月23日,,,,【雷文】红白机游戏终极鉴赏49期-1989年2-3月篇 | 4K,14:24,https://www.bilibili.com/video/BV1moxrz1EU7/?t=864
ganbare-pennant-race,棒球锦标赛,Ganbare Pennant Race!,がんばれペナントレース!,否,FC,科乐美,1989年2月28日,,,,【雷文】红白机游戏终极鉴赏49期-1989年2-3月篇 | 4K,16:19,https://www.bilibili.com/video/BV1moxrz1EU7/?t=979
dance-aerobics,任天堂跳跳板 - 韵律体操,Dance Aerobics,,否,NES,任天堂,,1989年3月,,,,,
john-elway-s-quarterback,约翰·艾尔维之传奇四分卫,John Elway's Quarterback,,否,NES,Tradewest,,1989年3月,,,【雷文】红白机游戏终极鉴赏49期-1989年2-3月篇 | 4K,19:01,https://www.bilibili.com/video/BV1moxrz1EU7/?t=1141
marble-madness,狂暴弹珠,Marble Madness,,否,NES,Milton Bradley Company,,1989年3月,,https://zh.wikipedia.org/wiki/%E7%8B%82%E6%9A%B4%E5%BC%B9%E7%8F%A0,,,
world-games,世界运动会,World Games,,否,NES,Milton Bradley Company,,1989年3月,,,【雷文】红白机游戏终极鉴赏49期-1989年2-3月篇 | 4K,23:09,https://www.bilibili.com/video/BV1moxrz1EU7/?t=1389
hayauchi-super-igo,超级围棋,Hayauchi Super Igo,早打ちスーパー囲碁,否,FC,南梦宫,1989年3月3日,,,,【雷文】红白机游戏终极鉴赏49期-1989年2-3月篇 | 4K,25:41,https://www.bilibili.com/video/BV1moxrz1EU7/?t=1541
sakigake-otoko-juku-shippuu-ichi-gou-sei,魁男塾：疾风一号生,Sakigake!! Otoko Juku - Shippuu Ichi Gou Sei,魁!!男塾 疾風一号生,否,FC,万代,1989年3月3日,,,,,,
sd-gundam-world-gachapon-senshi-scramble-wars-map-collection,SD钢弹世界：扭蛋战士混乱大战地图集,SD Gundam World-Gachapon Senshi-Scramble Wars-Map Collection,SDガンダムワールド ガチャポン戦士 スクランブルウォーズ マップコレクション,否,FDS,万代,1989年3月3日,,,,【雷文】红白机游戏终极鉴赏49期-1989年2-3月篇 | 4K,30:22,https://www.bilibili.com/video/BV1moxrz1EU7/?t=1822
bakushou-jinsei-gekijoh,爆笑人生剧场,Bakushou!! Jinsei Gekijoh,爆笑!!人生劇場,否,FC,太东,1989年3月17日,,,,,,
jesus-kyoufu-no-bio-monster,星际搜索：恐怖的生化怪物,Jesus - Kyoufu no Bio Monster,ジーザス 恐怖のバイオモンスター,否,FC,キングレコード,1989年3月17日,,,,【雷文】红白机游戏终极鉴赏50期-1989年3月下篇 | 4K,03:46,https://www.bilibili.com/video/BV1rf48zBEY2/?t=226
rolling-thunder,闪电小组,Rolling Thunder,ローリングサンダー,否,FC,南梦宫,1989年3月17日,,,,,,
hikaru-genji-roller-panic,光源氏：摇滚狂热,Hikaru Genji - Roller Panic,光GENJI ローラーパニック,否,FDS,波丽佳音,1989年3月20日,,,,【雷文】红白机游戏终极鉴赏50期-1989年3月下篇 | 4K,08:56,https://www.bilibili.com/video/BV1rf48zBEY2/?t=536
ankoku-shinwa-yamato-takeru-densetsu,黑暗神话：日本武尊传说,Ankoku Shinwa - Yamato Takeru Densetsu,暗黒神話 ヤマトタケル伝説,否,FC,东京书籍,1989年3月24日,,,,【雷文】红白机游戏终极鉴赏50期-1989年3月下篇 | 4K,10:45,https://www.bilibili.com/video/BV1rf48zBEY2/?t=645
rock-n-ball,摇滚弹珠台,Rock 'n Ball,ファミリーピンボール,是,FC/NES,日本电视台 / 南梦宫,1989年3月24日,1990年1月,,,【雷文】红白机游戏终极鉴赏50期-1989年3月下篇 | 4K,13:07,https://www.bilibili.com/video/BV1rf48zBEY2/?t=787
big-challenge-gun-fighter,大挑战：神枪手,Big Challenge! Gun Fighter,ビッグチャレンジ! ガンファイター,否,FDS,ジャレコ,1989年3月28日,,,,,,
jajamaru-ninpou-chou,茶茶丸忍法帐,Jajamaru Ninpou Chou,じゃじゃ丸忍法帳,否,FC,Jaleco,1989年3月28日,,,,【雷文】红白机游戏终极鉴赏50期-1989年3月下篇 | 4K,16:03,https://www.bilibili.com/video/BV1rf48zBEY2/?t=963
after-burner,冲破火网,After Burner,アフターバーナー,否,FC,Sun电子,1989年3月30日,,,https://zh.wikipedia.org/wiki/%E5%86%B2%E7%A0%B4%E7%81%AB%E7%BD%91,【雷文】红白机游戏终极鉴赏50期-1989年3月下篇 | 4K,23:02,https://www.bilibili.com/video/BV1rf48zBEY2/?t=1382
home-run-nighter-pennant-league,全垒打王,Home Run Nighter - Pennant League!!,ペナントリーグ ホームランナイター,否,FC,Data East,1989年3月31日,,,,【雷文】红白机游戏终极鉴赏50期-1989年3月下篇 | 4K,25:09,https://www.bilibili.com/video/BV1rf48zBEY2/?t=1509
matsumoto-tooru-no-kabushiki-hisshou-gaku-2,松本亨股票必胜学2,Matsumoto Tooru no Kabushiki Hisshou Gaku 2,松本亨の株式必勝学II,否,FC,Imagineer,1989年3月31日,,,,【雷文】红白机游戏终极鉴赏50期-1989年3月下篇 | 4K,26:48,https://www.bilibili.com/video/BV1rf48zBEY2/?t=1608
operation-wolf,野狼计划,Operation Wolf,オペレーションウルフ,是,FC/NES,太东,1989年3月31日,1989年5月,,https://zh.wikipedia.org/wiki/%E9%87%8E%E7%8B%BC%E8%A8%88%E5%8A%83,,,
shadowgate,暗影之门,Shadowgate,シャドウゲイト,是,FC/NES,Seika / KEMCO,1989年3月31日,1989年12月,1991年5月30日,,【雷文】红白机游戏终极鉴赏50期-1989年3月下篇 | 4K,31:54,https://www.bilibili.com/video/BV1rf48zBEY2/?t=1914
adventures-of-lolo,蛋王子大冒险,Adventures of Lolo,アドベンチャーズ オブ ロロ,是,FC/FDS/NES,HAL America Inc / HAL研究所,1990年1月6日,1989年4月,,,【雷文】红白机游戏终极鉴赏18期-1987年1-2月篇 | 4K,17:35,https://www.bilibili.com/video/BV1hGVkzHEkB/?t=1055
amagon,荒岛落难记,Amagon,,否,NES,American Sammy,,1989年4月,,,,,
dynowarz-destruction-of-spondylus,,Dynowarz: Destruction of Spondylus,,否,NES,万代,,1989年4月,,,,,
mystery-quest,秘密大探索,Mystery Quest,,否,NES,Taxan,,1989年4月,,,,,
predator-soon-the-hunt-will-begin,,Predator: Soon the Hunt Will Begin,,否,NES,动视,,1989年4月,,,,,
taboo-the-sixth-sense,禁忌游戏 - 第六感,Taboo: The Sixth Sense,,否,NES,Tradewest,,1989年4月,,,,,
the-guardian-legend,,The Guardian Legend,,否,NES,北美：Brøderbund北美、欧洲：任天堂,,1989年4月,1992年2月20日,,,,
garfield-a-week-of-garfield,加菲猫,Garfield - A Week of Garfield,ガーフィールドの一週間,否,FC,トーワチキ,1989年4月7日,,,,【雷文】红白机游戏终极鉴赏51期-1989年4月篇 | 4K,04:45,https://www.bilibili.com/video/BV1mDW1zEEwN/?t=285
dragon-spirit-aratanaru-densetsu,龙魂：新的传说,Dragon Spirit - Aratanaru Densetsu,ドラゴンスピリット 新たなる伝説,否,FC,南梦宫,1989年4月14日,,,,【雷文】红白机游戏终极鉴赏51期-1989年4月篇 | 4K,06:52,https://www.bilibili.com/video/BV1mDW1zEEwN/?t=412
mindseeker,超能力行者,Mindseeker,マインドシーカー,否,FC,南梦宫,1989年4月18日,,,,【雷文】红白机游戏终极鉴赏51期-1989年4月篇 | 4K,10:02,https://www.bilibili.com/video/BV1mDW1zEEwN/?t=602
genghis-khan,苍狼与白鹿 成吉思汗,Genghis Khan,蒼き狼と白き牝鹿・ジンギスカン,是,FC/NES,光荣,1989年4月20日,1990年1月,,https://zh.wikipedia.org/wiki/%E8%8B%8D%E7%8B%BC%E4%B8%8E%E7%99%BD%E9%B9%BF_%E6%88%90%E5%90%89%E6%80%9D%E6%B1%97,【雷文】红白机游戏终极鉴赏51期-1989年4月篇 | 4K,12:32,https://www.bilibili.com/video/BV1mDW1zEEwN/?t=752
devil-man,恶魔人,Devil Man,デビルマン,否,FC,南梦宫,1989年4月25日,,,,【雷文】红白机游戏终极鉴赏51期-1989年4月篇 | 4K,15:46,https://www.bilibili.com/video/BV1mDW1zEEwN/?t=946
river-city-ransom,热血物语,River City Ransom,ダウンタウン熱血物語,是,FC/NES,北美：Technōs Japan欧洲：英宝格 / Technōs Japan,1989年4月25日,1990年1月,,https://zh.wikipedia.org/wiki/%E7%83%AD%E8%A1%80%E7%89%A9%E8%AF%AD,,,
dragon-buster-2-yami-no-fuuin,屠龙记2：暗黑的封印,Dragon Buster 2 - Yami no Fuuin,ドラゴンバスターII 闇の封印,否,FC,南梦宫,1989年4月27日,,,,【雷文】红白机游戏终极鉴赏51期-1989年4月篇 | 4K,21:47,https://www.bilibili.com/video/BV1mDW1zEEwN/?t=1307
fairytale,妖精物语/童话物语,Fairytale,フェアリーテイル,否,FDS,ソフトプロ,1989年4月28日,,,,【雷文】红白机游戏终极鉴赏51期-1989年4月篇 | 4K,29:01,https://www.bilibili.com/video/BV1mDW1zEEwN/?t=1741
holy-diver,神圣战记,Holy Diver,HOLY DIVER,否,FC,Irem,1989年4月28日,,,,【雷文】红白机游戏终极鉴赏51期-1989年4月篇 | 4K,25:03,https://www.bilibili.com/video/BV1mDW1zEEwN/?t=1503
keiba-simulation-honmei,本命赛马,Keiba Simulation - Honmei,KEIBA simulation 本命,否,FC,日本物产,1989年4月28日,,,,,,
mei-tantei-holmes-m-kara-no-chousenjou,名侦探福尔摩斯：来自M的挑战书,Mei Tantei Holmes - M Kara no Chousenjou,名探偵ホームズ Mからの挑戦状,否,FC,トーワチキ,1989年5月1日,,,,【雷文】红白机游戏终极鉴赏52期-1989年5-6月篇 | 4K,00:45,https://www.bilibili.com/video/BV1xGxAzAEdw/?t=45
kabushiki-doujou,株式道场：实践篇,Kabushiki Doujou,株式道場,否,FC,Hect,1989年5月2日,,,,,,
baseball-stars,棒球之星,Baseball Stars,ベースボールスター めざせ三冠王,是,FC/NES,SNK,1989年5月19日,1989年7月,,,【雷文】红白机游戏终极鉴赏52期-1989年5-6月篇 | 4K,08:19,https://www.bilibili.com/video/BV1xGxAzAEdw/?t=499
destiny-of-an-emperor,吞食天地,Destiny of an Emperor,天地を喰らう,是,FC/NES,卡普空,1989年5月19日,1990年9月,,https://zh.wikipedia.org/wiki/%E5%90%9E%E9%A3%9F%E5%A4%A9%E5%9C%B0_(FC),【雷文】红白机游戏终极鉴赏52期-1989年5-6月篇 | 4K,10:50,https://www.bilibili.com/video/BV1xGxAzAEdw/?t=650
famicom-tantei-club-part-ii-ushiro-ni-tatsu-shoujo-zenhen,Famicom侦探俱乐部2：站在身后的少女（前编）,Famicom Tantei Club Part II - Ushiro ni Tatsu Shoujo - Zenhen,ファミコン探偵倶楽部 PARTII うしろに立つ少女 前編,否,FDS,任天堂,1989年5月23日,,,,【雷文】红白机游戏终极鉴赏52期-1989年5-6月篇 | 4K,14:15,https://www.bilibili.com/video/BV1xGxAzAEdw/?t=855
kaettekita-gunjin-shougi-nanya-sore,军人将棋,Kaettekita! Gunjin Shougi - Nanya Sore!,帰って来た!軍人将棋 なんやそれ?,否,FC,ソフエル,1989年5月26日,,,,【雷文】红白机游戏终极鉴赏52期-1989年5-6月篇 | 4K,16:25,https://www.bilibili.com/video/BV1xGxAzAEdw/?t=985
little-ninja-brothers,超级中国人 2,Little Ninja Brothers,スーパーチャイニーズ2 ドラゴンキッド,是,FC/NES,Culture Brain,1989年5月26日,1990年12月,,,,,
california-games,加州运动会,California Games,,否,NES,Milton Bradley Company,,1989年6月,,,【雷文】红白机游戏终极鉴赏52期-1989年5-6月篇 | 4K,21:33,https://www.bilibili.com/video/BV1xGxAzAEdw/?t=1293
monster-party,怪兽派对,Monster Party,,否,NES,万代,,1989年6月,,,,,
shooting-range,万岱射击场,Shooting Range,,否,NES,万代,,1989年6月,,,,,
street-cop,任天堂跳跳板 - 街头警察,Street Cop,,否,NES,万代,,1989年6月,,,,,
the-adventures-of-bayou-billy,,The Adventures of Bayou Billy,,否,NES,科乐美,,1989年6月,1991年1月24日,,,,
big-challenge-go-go-bowling,大挑战：GoGo保龄球,Big Challenge! Go! Go! Bowling,ビッグチャレンジ! GOGOボウリング,否,FDS,ジャレコ,1989年6月23日,,,,,,
rasaaru-ishii-no-childs-quest,偶像大冒险,Rasaaru Ishii no Childs Quest,ラサール石井のチャイルズクエスト,否,FC,南梦宫,1989年6月23日,,,,【雷文】红白机游戏终极鉴赏52期-1989年5-6月篇 | 4K,28:30,https://www.bilibili.com/video/BV1xGxAzAEdw/?t=1710
sd-gundam-gachapon-senshi-2-capsule-senki,SD钢弹扭蛋战士2：胶囊战记,SD Gundam - Gachapon Senshi 2 - Capsule Senki,SDガンダムワールド ガチャポン戦士2 カプセル戦記,否,FC,万代,1989年6月25日,,,,【雷文】红白机游戏终极鉴赏53期-1989年6-7月篇 | 4K,01:04,https://www.bilibili.com/video/BV1DsyWBbEmC/?t=64
mendel-palace,解谜大作战,Mendel Palace,クインティ,是,FC/NES,Hudson Soft / 南梦宫,1989年6月27日,1990年10月,,,【雷文】红白机游戏终极鉴赏53期-1989年6-7月篇 | 4K,03:34,https://www.bilibili.com/video/BV1DsyWBbEmC/?t=214
famicom-tantei-club-part-ii-ushiro-ni-tatsu-shoujo-kouhen,Famicom侦探俱乐部2：站在身后的少女（后编）,Famicom Tantei Club Part II - Ushiro ni Tatsu Shoujo - Kouhen,ファミコン探偵倶楽部 PARTII うしろに立つ少女 後編,否,FDS,任天堂,1989年6月30日,,,,,,
murder-club,谋杀俱乐部,Murder Club,マーダークラブ JBハロルドの事件簿,否,FC,Seta,1989年6月30日,,,,,,
p-o-w-prisoners-of-war,脱狱 -囚犯的战争-,P.O.W.: Prisoners of War,脱獄,是,FC/NES,SNK / K. Amusement Leasing,1989年6月30日,1989年9月,,https://zh.wikipedia.org/wiki/%E8%84%B1%E7%8B%B1_-%E5%9B%9A%E7%8A%AF%E7%9A%84%E6%88%98%E4%BA%89-,,,
cobra-triangle,眼镜蛇快艇,Cobra Triangle,,否,NES,任天堂,,1989年7月,1989年10月25日,https://zh.wikipedia.org/wiki/%E7%9C%BC%E9%95%9C%E8%9B%87%E5%BF%AB%E8%89%87,【雷文】红白机游戏终极鉴赏53期-1989年6-7月篇 | 4K,14:13,https://www.bilibili.com/video/BV1DsyWBbEmC/?t=853
defender-of-the-crown,保皇骑士,Defender of the Crown,,否,NES,Ultra Games,,1989年7月,1991年7月25日,,【雷文】红白机游戏终极鉴赏53期-1989年6-7月篇 | 4K,15:52,https://www.bilibili.com/video/BV1DsyWBbEmC/?t=952
strider,出击飞龙,Strider,,否,NES,卡普空,,1989年7月,,,【雷文】红白机游戏终极鉴赏53期-1989年6-7月篇 | 4K,18:57,https://www.bilibili.com/video/BV1DsyWBbEmC/?t=1137
thundercade,特殊任务,Thundercade,,否,NES,American Sammy,,1989年7月,,,,,
bad-dudes-vs-dragonninja,龙之忍者,Bad Dudes Vs. DragonNinja,ドラゴンニンジャ,是,FC/NES,北美：Data East欧洲：Ocean Software / 南梦宫,1989年7月14日,1990年7月,,,【雷文】红白机游戏终极鉴赏53期-1989年6-7月篇 | 4K,25:39,https://www.bilibili.com/video/BV1DsyWBbEmC/?t=1539
igo-shinan,围棋指南,Igo Shinan,囲碁指南,否,FC,Hect,1989年7月14日,,,,【雷文】红白机游戏终极鉴赏53期-1989年6-7月篇 | 4K,31:13,https://www.bilibili.com/video/BV1DsyWBbEmC/?t=1873
white-lion-densetsu,白狮子传说,White Lion Densetsu,ホワイトライオン伝説 ピラミッドの彼方に,否,FC,KEMCO,1989年7月14日,,,,【雷文】红白机游戏终极鉴赏53期-1989年6-7月篇 | 4K,28:21,https://www.bilibili.com/video/BV1DsyWBbEmC/?t=1701
hissatsu-doujou-yaburi,必杀道场,Hissatsu Doujou Yaburi,必殺道場破り,否,FC,シグマ商事,1989年7月18日,,,,【雷文】红白机游戏终极鉴赏54期-1989年7月下篇 | 4K,00:57,https://www.bilibili.com/video/BV1go1vBcEve/?t=57
willow,威洛之旅,Willow,ウィロー WILLOW,是,FC/NES,卡普空,1989年7月18日,1989年12月,1991年11月28日,,【雷文】红白机游戏终极鉴赏54期-1989年7月下篇 | 4K,04:04,https://www.bilibili.com/video/BV1go1vBcEve/?t=244
faria,封印之剑,Faria,ファリア 封印の剣,否,FC,ハイスコアメディアワーク,1989年7月21日,,,,【雷文】红白机游戏终极鉴赏54期-1989年7月下篇 | 4K,08:18,https://www.bilibili.com/video/BV1go1vBcEve/?t=498
kyuukyoku-harikiri-stadium-heisei-gannen-ban,究极棒球平成元年版,Kyuukyoku Harikiri Stadium - Heisei Gannen Ban,究極ハリキリスタジアム 平成元年版,否,FC,太东,1989年7月21日,,,,【雷文】红白机游戏终极鉴赏54期-1989年7月下篇 | 4K,11:33,https://www.bilibili.com/video/BV1go1vBcEve/?t=693
tenkaichi-bushi-keru-naguuru,天下第一武士,Tenkaichi Bushi - Keru Naguuru,天下一武士 ケルナグール,否,FC,南梦宫,1989年7月21日,,,,【雷文】红白机游戏终极鉴赏54期-1989年7月下篇 | 4K,13:05,https://www.bilibili.com/video/BV1go1vBcEve/?t=785
zenbei-pro-basketball,全美职业篮球,Zenbei!! Pro Basketball,全米プロバスケット,否,FC,VIC东海,1989年7月21日,,,https://zh.wikipedia.org/wiki/%E5%85%A8%E7%BE%8E%E8%81%8C%E4%B8%9A%E7%AF%AE%E7%90%83,【雷文】红白机游戏终极鉴赏54期-1989年7月下篇 | 4K,06:33,https://www.bilibili.com/video/BV1go1vBcEve/?t=393
oishinbo,美味之旅：究极菜单三本胜负,Oishinbo,美味しんぼ 究極のメニュー三本勝負,否,FC,万代,1989年7月25日,,,,【雷文】红白机游戏终极鉴赏54期-1989年7月下篇 | 4K,16:36,https://www.bilibili.com/video/BV1go1vBcEve/?t=996
perfect-bowling,完美保龄球,Perfect Bowling,パーフェクトボウリング,否,FC,トンキンハウス[东京书籍],1989年7月25日,,,,【雷文】红白机游戏终极鉴赏54期-1989年7月下篇 | 4K,18:48,https://www.bilibili.com/video/BV1go1vBcEve/?t=1128
mother,地球冒险,Mother,MOTHER,否,FC,任天堂,1989年7月27日,,,https://zh.wikipedia.org/wiki/%E5%9C%B0%E7%90%83%E5%86%92%E9%9A%AA,【雷文】红白机游戏终极鉴赏54期-1989年7月下篇 | 4K,20:39,https://www.bilibili.com/video/BV1go1vBcEve/?t=1239
shin-moero-pro-yakyuu,新燃烧棒球,Shin Moero!! Pro Yakyuu,新・燃えろ!!プロ野球,否,FC,Jaleco,1989年7月27日,,,,,,
famista-89-kaimaku-ban,明星职棒89开幕版,Famista '89 - Kaimaku Ban!!,ファミスタ'89 開幕版!!,否,FC,南梦宫,1989年7月28日,,,,【雷文】红白机游戏终极鉴赏54期-1989年7月下篇 | 4K,23:48,https://www.bilibili.com/video/BV1go1vBcEve/?t=1428
splatter-house-wanpaku-graffiti,鬼屋历险,Splatter House - Wanpaku Graffiti,スプラッターハウス わんぱくグラフィティ,否,FC,南梦宫,1989年7月31日,,,,【雷文】红白机游戏终极鉴赏54期-1989年7月下篇 | 4K,25:14,https://www.bilibili.com/video/BV1go1vBcEve/?t=1514
jordan-vs-bird-one-on-one,乔丹对伯德 - 一对一篮球,Jordan vs. Bird: One on One,,否,NES,Milton Bradley Company,,1989年8月,,,【雷文】红白机游戏终极鉴赏54期-1989年7月下篇 | 4K,28:10,https://www.bilibili.com/video/BV1go1vBcEve/?t=1690
the-adventures-of-tom-sawyer,,The Adventures of Tom Sawyer,,否,NES,SETA,,1989年8月,,,,,
the-bugs-bunny-crazy-castle,兔子罗杰,The Bugs Bunny Crazy Castle,,否,NES,Seika,,1989年8月,,https://zh.wikipedia.org/wiki/%E5%85%94%E5%AD%90%E7%BE%85%E5%82%91_(%E9%9B%BB%E5%AD%90%E9%81%8A%E6%88%B2),【雷文】红白机游戏终极鉴赏56期-1989年9月上篇 | 4K,10:56,https://www.bilibili.com/video/BV1DKCTBCEMc/?t=656
cosmic-wars,宇宙模拟战,Cosmic Wars,コズミックウォーズ,否,FC,科乐美,1989年8月4日,,,,【雷文】红白机游戏终极鉴赏55期-1989年8月篇 | 4K,00:57,https://www.bilibili.com/video/BV1NKkSBQERv/?t=57
twin-cobra,究极虎,Twin Cobra,究極タイガー,是,FC/NES,American Sammy / CBS・ソニー,1989年8月4日,1990年1月,,,【雷文】红白机游戏终极鉴赏55期-1989年8月篇 | 4K,04:20,https://www.bilibili.com/video/BV1NKkSBQERv/?t=260
circus-caper,马戏团大冒险,Circus Caper,燃える!お兄さん,是,FC/NES,东宝,1989年8月8日,1990年7月,,,【雷文】红白机游戏终极鉴赏55期-1989年8月篇 | 4K,06:13,https://www.bilibili.com/video/BV1NKkSBQERv/?t=373
meimon-dai-san-yakyuu-bu,第三野球部,Meimon! Dai San Yakyuu Bu,名門!第三野球部,否,FC,万代,1989年8月8日,,,,,,
magma-project-hacker,骇客王子,Magma Project - Hacker,マグマプロジェクト ハッカー,否,FDS,徳间书店,1989年8月10日,,,,,,
melville-s-flame,美鲁拜尔之炎,Melville's Flame,ムーランルージュ戦記 メルヴィルの炎,否,FC,学习研究社,1989年8月11日,,,,【雷文】红白机游戏终极鉴赏55期-1989年8月篇 | 4K,14:28,https://www.bilibili.com/video/BV1NKkSBQERv/?t=868
shingen-the-ruler,武田信玄 2,Shingen the Ruler,武田信玄2,是,FC/NES,Hot B / HOT-B,1989年8月21日,1990年6月,,,【雷文】红白机游戏终极鉴赏55期-1989年8月篇 | 4K,17:50,https://www.bilibili.com/video/BV1NKkSBQERv/?t=1070
captain-ed,ED队长,Captain Ed,Captain ED（キャプテン・エド）,否,FC,CBS・ソニー,1989年8月25日,,,,【雷文】红白机游戏终极鉴赏55期-1989年8月篇 | 4K,20:31,https://www.bilibili.com/video/BV1NKkSBQERv/?t=1231
racer-mini-yonku-japan-cup,四驱车,Racer Mini Yonku - Japan Cup,レーサーミニ四駆 ジャパンカップ,否,FC,科乐美,1989年8月25日,,,,,,
robocop,机器战警,RoboCop,ロボコップ,是,FC/NES,Data East,1989年8月25日,1989年12月,1991年4月25日,,,,
back-to-the-future,回到未来,Back to the Future,,否,NES,LJN,,1989年9月,,,【雷文】红白机游戏终极鉴赏55期-1989年8月篇 | 4K,32:06,https://www.bilibili.com/video/BV1NKkSBQERv/?t=1926
bad-street-brawler,黑街斗争,Bad Street Brawler,,否,NES,美泰,,1989年9月,,,【雷文】红白机游戏终极鉴赏55期-1989年8月篇 | 4K,33:49,https://www.bilibili.com/video/BV1NKkSBQERv/?t=2029
castlequest,精致之城,Castlequest,キャッスルクエスト,是,FC/NES,ASCII / Hudson Soft,1990年5月18日,1989年9月,,,【雷文】红白机游戏终极鉴赏15期-1986年12月·上篇 | 4K,05:18,https://www.bilibili.com/video/BV1cmLMz7E96/?t=318
ducktales,唐老鸭梦冒险,DuckTales,わんぱくダック夢冒険,是,FC/NES,卡普空,1990年1月26日,1989年9月,1990年12月14日,https://zh.wikipedia.org/wiki/%E5%94%90%E8%80%81%E9%B8%AD%E6%A2%A6%E5%86%92%E9%99%A9,【雷文】红白机游戏终极鉴赏57期-1989年9-10月篇 | 4K,15:25,https://www.bilibili.com/video/BV1ZWCZBPED1/?t=925
fester-s-quest,福斯特的冒险,Fester's Quest,,否,NES,Sun电子,,1989年9月,1990年9月14日,,,,
gekitou-puroresu-toukon-densetsu,激斗摔角,Gekitou Puroresu!! - Toukon Densetsu,激闘プロレス!!闘魂伝説,否,FC,特库摩,1989年9月1日,,,,,,
hollywood-squares,好莱坞广场,Hollywood Squares,,否,NES,GameTek,,1989年9月,,,,,
nfl,全美美式足球联盟,NFL,,否,NES,LJN,,1989年9月,,,,,
sesame-street-a-b-c,芝麻街 ABC,Sesame Street: A-B-C,,否,NES,Hi Tech Expressions,,1989年9月,,,【雷文】红白机游戏终极鉴赏56期-1989年9月上篇 | 4K,08:04,https://www.bilibili.com/video/BV1DKCTBCEMc/?t=484
sky-shark,鲨鱼战机,Sky Shark,,否,NES,太东,,1989年9月,,,,,
who-framed-roger-rabbit,威探闯通关,Who Framed Roger Rabbit?,,否,NES,LJN,,1989年9月,,,,,
idol-hakkenden,偶像八犬传,Idol Hakkenden,アイドル八犬伝,否,FC,トーワチキ,1989年9月14日,,,,【雷文】红白机游戏终极鉴赏56期-1989年9月上篇 | 4K,13:23,https://www.bilibili.com/video/BV1DKCTBCEMc/?t=803
tanigawa-kouji-no-shougi-shinan-3,将棋指南3,Tanigawa Kouji no Shougi Shinan 3,谷川浩司の将棋指南III,否,FC,波丽佳音,1989年9月14日,,,,【雷文】红白机游戏终极鉴赏56期-1989年9月上篇 | 4K,15:13,https://www.bilibili.com/video/BV1DKCTBCEMc/?t=913
marusa-no-onna,玛尔莎之女,Marusa no Onna,マルサの女,否,FC,卡普空,1989年9月19日,,,,,,
ultima-iv-quest-of-the-avatar,创世纪IV：圣者传奇,Ultima IV: Quest of the Avatar,ウルティマ 聖者への道,是,FC/NES,FCI / 波丽佳音,1989年9月20日,1990年12月,,https://zh.wikipedia.org/wiki/%E5%88%9B%E4%B8%96%E7%BA%AAIV%EF%BC%9A%E5%9C%A3%E8%80%85%E4%BC%A0%E5%A5%87,【雷文】红白机游戏终极鉴赏56期-1989年9月上篇 | 4K,18:29,https://www.bilibili.com/video/BV1DKCTBCEMc/?t=1109
chuka-taisen,中华大仙,Chuka Taisen,中華大仙,否,FC,太东,1989年9月22日,,,,【雷文】红白机游戏终极鉴赏56期-1989年9月上篇 | 4K,21:26,https://www.bilibili.com/video/BV1DKCTBCEMc/?t=1286
american-dream,美国之梦,American Dream,アメリカンドリーム,否,FC,Coconuts Japan,1989年9月23日,,,,【雷文】红白机游戏终极鉴赏56期-1989年9月上篇 | 4K,24:04,https://www.bilibili.com/video/BV1DKCTBCEMc/?t=1444
maharaja,印度战记,Maharaja,マハラジャ,否,FC,Sun电子,1989年9月29日,,,,【雷文】红白机游戏终极鉴赏56期-1989年9月上篇 | 4K,25:39,https://www.bilibili.com/video/BV1DKCTBCEMc/?t=1539
meiji-ishin,明治维新,Meiji Ishin,明治維新,否,FC,ユース,1989年9月29日,,,,【雷文】红白机游戏终极鉴赏57期-1989年9-10月篇 | 4K,01:16,https://www.bilibili.com/video/BV1ZWCZBPED1/?t=76
okkotoshi-puzzle-tonjan,游戏空间/小猪仓库番,Okkotoshi Puzzle - Tonjan!,落っことしパズル とんじゃん!?,否,FC,Jaleco,1989年9月29日,,,,【雷文】红白机游戏终极鉴赏57期-1989年9-10月篇 | 4K,05:02,https://www.bilibili.com/video/BV1ZWCZBPED1/?t=302
thunderbirds,雷鸟神机队,Thunderbirds,サンダーバード,是,FC/NES,动视 / Pack-In-Video,1989年9月29日,1990年9月,,https://zh.wikipedia.org/wiki/Thunderbirds,【雷文】红白机游戏终极鉴赏57期-1989年9-10月篇 | 4K,07:18,https://www.bilibili.com/video/BV1ZWCZBPED1/?t=438
twinbee-3-poko-poko-dai-maou,兵蜂3 波克波克大魔王,TwinBee 3 - Poko Poko Dai Maou,ツインビー3 ポコポコ大魔王,否,FC,科乐美,1989年9月29日,,,https://zh.wikipedia.org/wiki/%E5%85%B5%E8%9C%823_%E6%B3%A2%E5%85%8B%E6%B3%A2%E5%85%8B%E5%A4%A7%E9%AD%94%E7%8E%8B,,,
uninvited,恶魔招待状,Uninvited,悪魔の招待状,是,FC/NES,Seika / KEMCO,1989年9月29日,1991年6月,,,【雷文】红白机游戏终极鉴赏57期-1989年9-10月篇 | 4K,12:43,https://www.bilibili.com/video/BV1ZWCZBPED1/?t=763
godzilla-monster-of-monsters,哥斯拉 - 怪兽之王,Godzilla: Monster of Monsters,,否,NES,东宝,,1989年10月,,,,,
jeopardy-junior-edition,电视问答游戏 - 危机 少年版,Jeopardy! Junior Edition,,否,NES,GameTek,,1989年10月,,,,,
stealth-atf,隐形战机,Stealth ATF,,否,NES,动视,,1989年10月,,,【雷文】红白机游戏终极鉴赏57期-1989年9-10月篇 | 4K,20:13,https://www.bilibili.com/video/BV1ZWCZBPED1/?t=1213
the-three-stooges,,The Three Stooges,,否,NES,动视,,1989年10月,,,,,
twin-eagle,双鹰,Twin Eagle,ツインイーグル,是,FC/NES,Romstar / ビスコ,1991年4月12日,1989年10月,,,【雷文】红白机游戏终极鉴赏57期-1989年9-10月篇 | 4K,25:11,https://www.bilibili.com/video/BV1ZWCZBPED1/?t=1511
wheel-of-fortune-junior-edition,幸运之轮儿童版,Wheel of Fortune Junior Edition,,否,NES,GameTek,,1989年10月,,,,,
koushien,甲子园,Koushien,甲子園,否,FC,K. Amusement Leasing,1989年10月6日,,,,【雷文】红白机游戏终极鉴赏57期-1989年9-10月篇 | 4K,29:27,https://www.bilibili.com/video/BV1ZWCZBPED1/?t=1767
world-super-tennis,世界杯网球赛,World Super Tennis,ワールドスーパーテニス,否,FC,Asmik,1989年10月13日,,,,【雷文】红白机游戏终极鉴赏57期-1989年9-10月篇 | 4K,31:41,https://www.bilibili.com/video/BV1ZWCZBPED1/?t=1901
famicom-mukashi-banashi-yuu-yuu-ki-zenhen,任天堂名作童话：游游记前编,Famicom Mukashi Banashi - Yuu Yuu Ki - Zenhen,ふぁみこんむかし話 遊遊記 前編,否,FDS,任天堂,1989年10月14日,,,,,,
venus-senki,金星战记,Venus Senki,ヴィナス戦記,否,FC,バリエ,1989年10月14日,,,,【雷文】红白机游戏终极鉴赏57期-1989年9-10月篇 | 4K,34:04,https://www.bilibili.com/video/BV1ZWCZBPED1/?t=2044
hokuto-no-ken-3-shin-seiki-souzou-seiken-restuden,北斗神拳3：新世纪创造-凄拳列传,Hokuto no Ken 3 - Shin Seiki Souzou Seiken Restuden,北斗の拳3 新世紀創造 凄拳烈伝,否,FC,东映动画,1989年10月19日,,,,【雷文】红白机游戏终极鉴赏58期-1989年10-11月篇 | 4K,02:38,https://www.bilibili.com/video/BV1xWU9BjEaR/?t=158
kattobi-douji,童儿,Kattobi! Douji,かっとび!童児,否,FDS,パック・イン・ビデオ,1989年10月20日,,,,【雷文】红白机游戏终极鉴赏58期-1989年10-11月篇 | 4K,05:23,https://www.bilibili.com/video/BV1xWU9BjEaR/?t=323
baseball-simulator-1-000,模拟棒球,Baseball Simulator 1.000,超人ウルトラベースボール,是,FC/NES,Culture Brain,1989年10月27日,1990年3月,,,【雷文】红白机游戏终极鉴赏58期-1989年10-11月篇 | 4K,08:18,https://www.bilibili.com/video/BV1xWU9BjEaR/?t=498
dragon-ball-3-gokuu-den,七龙珠3 悟空传,Dragon Ball 3 - Gokuu Den,ドラゴンボール3 悟空伝,否,FC,万代,1989年10月27日,,,https://zh.wikipedia.org/wiki/%E4%B8%83%E9%BE%99%E7%8F%A03_%E6%82%9F%E7%A9%BA%E4%BC%A0,【雷文】红白机游戏终极鉴赏58期-1989年10-11月篇 | 4K,11:05,https://www.bilibili.com/video/BV1xWU9BjEaR/?t=665
dusty-diamond-s-all-star-softball,全明星垒球,Dusty Diamond's All-Star Softball,ソフトボール天国,是,FC/NES,Brøderbund / トンキンハウス[东京书籍],1989年10月27日,1990年7月,,,【雷文】红白机游戏终极鉴赏58期-1989年10-11月篇 | 4K,14:20,https://www.bilibili.com/video/BV1xWU9BjEaR/?t=860
major-league,职棒大联盟,Major League,メジャーリーグ,否,FC,Irem,1989年10月27日,,,,【雷文】红白机游戏终极鉴赏58期-1989年10-11月篇 | 4K,16:52,https://www.bilibili.com/video/BV1xWU9BjEaR/?t=1012
tashiro-masashi-no-princess-ga-ippai,田代君,Tashiro Masashi no Princess ga Ippai,田代まさしのプリンセスがいっぱい,否,FC,Epic-Sony,1989年10月27日,,,,【雷文】红白机游戏终极鉴赏58期-1989年10-11月篇 | 4K,18:22,https://www.bilibili.com/video/BV1xWU9BjEaR/?t=1102
mahjong-taikai,麻雀大会,Mahjong Taikai,麻雀大会,否,FC,光荣,1989年10月31日,,,,,,
720,,720°,,否,NES,Mindscape,,1989年11月,,,【雷文】红白机游戏终极鉴赏60期-1989年12月上篇 | 4K,03:23,https://www.bilibili.com/video/BV1mN2dBJEJY/?t=203
to-the-earth,前往地球,To the Earth,,否,NES,任天堂,,1989年11月,1990年2月23日,,,,
dungeon-magic-sword-of-the-elements,地城魔法 - 元素之剑,Dungeon Magic: Sword of the Elements,ダンジョン&マジック,是,FC/NES,太东 / Natsume,1989年11月10日,1990年7月,,,【雷文】红白机游戏终极鉴赏58期-1989年10-11月篇 | 4K,28:06,https://www.bilibili.com/video/BV1xWU9BjEaR/?t=1686
v-ball-us-championship,海滩排球,V'Ball US Championship,V'BALL,否,FC,Technōs Japan,1989年11月10日,,,,,,
famicom-mukashi-banashi-yuu-yuu-ki-kouhen,任天堂名作童话：游游记后编,Famicom Mukashi Banashi - Yuu Yuu Ki - Kouhen,ふぁみこんむかし話 遊遊記 後編,否,FDS,任天堂,1989年11月14日,,,,,,
gozonji-yaji-kita-chin-douchuu,弥次喜多珍道中,Gozonji - Yaji Kita Chin Douchuu,御存知弥次喜多珍道中,否,FC,HAL研究所,1989年11月17日,,,,【雷文】红白机游戏终极鉴赏58期-1989年10-11月篇 | 4K,26:09,https://www.bilibili.com/video/BV1xWU9BjEaR/?t=1569
wrath-of-the-black-manta,忍者警察,Wrath of the Black Manta,忍者COP サイゾウ,是,FC/NES,太东 / 九娯贸易,1989年11月17日,1990年4月,1991年1月24日,,【雷文】红白机游戏终极鉴赏59期-1989年11-12月篇 | 4K,07:14,https://www.bilibili.com/video/BV1jgSCBuEdW/?t=434
cosmic-epsilon,宇宙战机,Cosmic Epsilon,コズミックイプシロン,否,FC,Asmik,1989年11月24日,,,,,,
lutter,鲁特迷宫,Lutter,LUTTER,否,FDS,アテナ,1989年11月24日,,,,【雷文】红白机游戏终极鉴赏60期-1989年12月上篇 | 4K,00:29,https://www.bilibili.com/video/BV1mN2dBJEJY/?t=29
terao-no-dosukoi-oozumou,寺尾大相扑,Terao no Dosukoi Oozumou,寺尾のどすこい大相撲,否,FC,Jaleco,1989年11月24日,,,,【雷文】红白机游戏终极鉴赏59期-1989年11-12月篇 | 4K,12:36,https://www.bilibili.com/video/BV1jgSCBuEdW/?t=756
vegas-connection-casino-kara-ai-wo-komete,拉斯维加斯-我爱赌城,Vegas Connection - Casino Kara Ai wo Komete,ベガスコネクション カジノより愛をこめて,否,FC,シグマ商事,1989年11月24日,,,,【雷文】红白机游戏终极鉴赏59期-1989年11-12月篇 | 4K,15:16,https://www.bilibili.com/video/BV1jgSCBuEdW/?t=916
golf-ko-open,高尔夫公开赛,Golf Ko Open,ゴルフッ子オープン,否,FC,太东,1989年11月25日,,,,【雷文】红白机游戏终极鉴赏59期-1989年11-12月篇 | 4K,17:10,https://www.bilibili.com/video/BV1jgSCBuEdW/?t=1030
gekitotsu-yonku-battle,激突四驱车,Gekitotsu Yonku Battle,激突四駆バトル,否,FC,Irem,1989年11月27日,,,,【雷文】红白机游戏终极鉴赏59期-1989年11-12月篇 | 4K,04:39,https://www.bilibili.com/video/BV1jgSCBuEdW/?t=279
square-no-tom-sawyer,史克威尔的汤姆·索亚,Square no Tom Sawyer,スクウェアのトム・ソーヤ,否,FC,史克威尔,1989年11月30日,,,https://zh.wikipedia.org/wiki/%E5%8F%B2%E5%85%8B%E5%A8%81%E5%B0%94%E7%9A%84%E6%B1%A4%E5%A7%86%C2%B7%E7%B4%A2%E4%BA%9A,,,
all-pro-basketball,全美职业篮球赛,All-Pro Basketball,,否,NES,Vic Tokai,,1989年12月,,,,,
archon,巫术对奕,Archon,,否,NES,动视,,1989年12月,,,,,
championship-bowling,保龄球锦标赛,Championship Bowling,チャンピオンシップボウリング,是,FC/NES,Romstar / アテナ,1991年2月8日,1989年12月,,,【雷文】红白机游戏终极鉴赏60期-1989年12月上篇 | 4K,08:14,https://www.bilibili.com/video/BV1mN2dBJEJY/?t=494
conflict,三军大作战,Conflict,コンフリクト,是,FC/NES,Vic Tokai / VIC东海,1989年12月1日,1990年3月,,,【雷文】红白机游戏终极鉴赏59期-1989年11-12月篇 | 4K,22:27,https://www.bilibili.com/video/BV1jgSCBuEdW/?t=1347
cybernoid-the-fighting-machine,战斗机器,Cybernoid: The Fighting Machine,,否,NES,Acclaim Entertainment,,1989年12月,,,【雷文】红白机游戏终极鉴赏60期-1989年12月上篇 | 4K,09:37,https://www.bilibili.com/video/BV1mN2dBJEJY/?t=577
ironsword-wizards-warriors-ii,巫师与战士 2,Ironsword: Wizards & Warriors II,,否,NES,Acclaim Entertainment,,1989年12月,1991年3月27日,,【雷文】红白机游戏终极鉴赏60期-1989年12月上篇 | 4K,12:18,https://www.bilibili.com/video/BV1mN2dBJEJY/?t=738
meimon-takonishi-ouendan-kouha-6-nin-shuu,多古西加油团/硬派六人众,Meimon! Takonishi Ouendan - Kouha 6 Nin Shuu,名門!多古西応援団,否,FC,Asmik,1989年12月1日,,,,,,
mirai-senshi-lios,未来战史,Mirai Senshi - Lios,未来戦史ライオス,否,FC,Pack-In-Video,1989年12月1日,,,,【雷文】红白机游戏终极鉴赏59期-1989年11-12月篇 | 4K,28:22,https://www.bilibili.com/video/BV1jgSCBuEdW/?t=1702
rescue-the-embassy-mission,人质大作战 - 大使馆抢救任务,Rescue: The Embassy Mission,ホステージ,是,FC/NES,Seika / KEMCO,1989年12月1日,1990年1月,1991年3月27日,,【雷文】红白机游戏终极鉴赏59期-1989年11-12月篇 | 4K,31:45,https://www.bilibili.com/video/BV1jgSCBuEdW/?t=1905
short-order-eggsplode,汉堡快餐,Short Order / Eggsplode!,,否,NES,任天堂,,1989年12月,,,【雷文】红白机游戏终极鉴赏60期-1989年12月上篇 | 4K,15:34,https://www.bilibili.com/video/BV1mN2dBJEJY/?t=934
silent-service,死亡潜航,Silent Service,,否,NES,Ultra Games,,1989年12月,1990年11月23日,,【雷文】红白机游戏终极鉴赏60期-1989年12月上篇 | 4K,17:27,https://www.bilibili.com/video/BV1mN2dBJEJY/?t=1047
tao,道,Tao,道（TAO）,否,FC,VAP,1989年12月1日,,,,【雷文】红白机游戏终极鉴赏59期-1989年11-12月篇 | 4K,34:36,https://www.bilibili.com/video/BV1jgSCBuEdW/?t=2076
the-battle-of-olympus,,The Battle of Olympus,,否,NES,北美：Brøderbund欧洲：Imagineer,,1989年12月,1991年9月26日,,,,
the-magic-of-scheherazade,,The Magic of Scheherazade,,否,NES,Culture Brain,,1989年12月,,,,,
the-uncanny-x-men,,The Uncanny X-Men,,否,NES,LJN,,1989年12月,,,,,
chase-h-q,追踪HQ,Chase H.Q.,タイトー チェイスH.Q.,否,FC,太东,1989年12月8日,,,,【雷文】红白机游戏终极鉴赏61期-1989年12月中篇 | 4K,00:25,https://www.bilibili.com/video/BV1MmmTBnEjk/?t=25
osomatsu-kun,小松先生,Osomatsu Kun,おそ松くん バックツーザミーの出っ歯,否,FC,万代,1989年12月8日,,,,【雷文】红白机游戏终极鉴赏60期-1989年12月上篇 | 4K,22:44,https://www.bilibili.com/video/BV1mN2dBJEJY/?t=1364
seirei-gari,星云狩猎,Seirei Gari,星霊狩り,否,FC,Hudson Soft,1989年12月8日,,,,,,
shin-satomi-hakken-den-hikari-to-yami-no-tatakai,新里见八犬传：光明与黑暗的战争,Shin Satomi Hakken-Den - Hikari to Yami no Tatakai,新・里見八犬伝 光と闇の戦い,否,FC,东映动画,1989年12月8日,,,,【雷文】红白机游戏终极鉴赏60期-1989年12月上篇 | 4K,06:15,https://www.bilibili.com/video/BV1mN2dBJEJY/?t=375
super-mogura-tataki-pokkun-moguraa,打地鼠,Super Mogura Tataki!! - Pokkun Moguraa,スーパーもぐらたたき ぽっくんモグラー,否,FC,アイジーエス,1989年12月8日,,,,【雷文】红白机游戏终极鉴赏60期-1989年12月上篇 | 4K,30:34,https://www.bilibili.com/video/BV1mN2dBJEJY/?t=1834
superstar-pro-wrestling,超级职业摔角,Superstar Pro Wrestling,スーパースタープロレスリング,否,FC,波丽佳音,1989年12月9日,,,,,,
bad-news-baseball,坏消息棒球,Bad News Baseball,激闘スタジアム!!,是,FC/NES,特库摩,1989年12月15日,1990年6月,,,【雷文】红白机游戏终极鉴赏61期-1989年12月中篇 | 4K,07:54,https://www.bilibili.com/video/BV1MmmTBnEjk/?t=474
famicom-doubutsu-seitai-zukan-katte-ni-shirokuma-mori-wo-sukue-no-maki,白熊历险记,Famicom Doubutsu Seitai Zukan! - Katte ni Shirokuma - Mori wo Sukue no Maki!,かってにシロクマ もりをすくえのまき,否,FC,CBS・ソニー,1989年12月15日,,,,【雷文】红白机游戏终极鉴赏61期-1989年12月中篇 | 4K,09:29,https://www.bilibili.com/video/BV1MmmTBnEjk/?t=569
famicom-yakyuu-ban,任天堂野球盘,Famicom Yakyuu Ban,ファミコン野球盤,否,FC,エポック社,1989年12月15日,,,,,,
pinball-quest,弹珠台高手,Pinball Quest,ピンボールクエスト,是,FC/NES,Jaleco,1989年12月15日,1990年6月,,,【雷文】红白机游戏终极鉴赏61期-1989年12月中篇 | 4K,15:53,https://www.bilibili.com/video/BV1MmmTBnEjk/?t=953
shinsenden,神仙传,Shinsenden,神仙伝,否,FC,Irem,1989年12月15日,,,,【雷文】红白机游戏终极鉴赏61期-1989年12月中篇 | 4K,18:37,https://www.bilibili.com/video/BV1MmmTBnEjk/?t=1117
sweet-home,甜蜜之家,Sweet Home,スウィートホーム,否,FC,卡普空,1989年12月15日,,,https://zh.wikipedia.org/wiki/%E7%94%9C%E8%9C%9C%E4%B9%8B%E5%AE%B6_(%E9%81%8A%E6%88%B2),【雷文】红白机游戏终极鉴赏61期-1989年12月中篇 | 4K,21:21,https://www.bilibili.com/video/BV1MmmTBnEjk/?t=1281
top-gun-the-second-mission,捍卫战士 2,Top Gun: The Second Mission,トップガン2 デュアルファイターズ,是,FC/NES,科乐美,1989年12月15日,1990年1月,1991年10月24日,,,,
emoyan-no-10-bai-pro-yakyuu,10倍职业棒球,Emoyan no 10-Bai Pro Yakyuu,エモやんの10倍プロ野球,否,FC,Hect,1989年12月19日,,,,【雷文】红白机游戏终极鉴赏61期-1989年12月中篇 | 4K,28:06,https://www.bilibili.com/video/BV1MmmTBnEjk/?t=1686
famista-90,明星职棒90年度版,Famista '90,ファミスタ'90,否,FC,南梦宫,1989年12月19日,,,,,,
i-love-softball,软垒大赛,I Love Softball,I LOVE ソフトボール,否,FC,Coconuts Japan,1989年12月19日,,,,,,
quarter-back-scramble,美式橄榄球四分位,Quarter Back Scramble,クォーターバックスクランブル,否,FC,波丽佳音,1989年12月19日,,,,,,
the-money-game-2-kabutochou-no-kiseki,金钱游戏2,The Money Game 2 - Kabutochou no Kiseki,ザ・マネーゲームII 兜町の奇跡,否,FC,ソフエル,1989年12月20日,,,,【雷文】红白机游戏终极鉴赏62期-1989年12月下篇 | 4K,04:21,https://www.bilibili.com/video/BV1PHqVBTEmM/?t=261
astyanax,战王之王,Astyanax,ザ・ロードオブキング,是,FC/NES,Jaleco,1989年12月21日,1990年3月,,,,,
batman,蝙蝠侠：电子游戏,Batman,バットマン,是,FC/NES,Sun电子,1989年12月22日,1990年2月,1990年9月14日,https://zh.wikipedia.org/wiki/%E8%9D%99%E8%9D%A0%E4%BE%A0%EF%BC%9A%E7%94%B5%E5%AD%90%E6%B8%B8%E6%88%8F,【雷文】红白机游戏终极鉴赏62期-1989年12月下篇 | 4K,10:43,https://www.bilibili.com/video/BV1PHqVBTEmM/?t=643
castlevania-iii-dracula-s-curse,恶魔城传说,Castlevania III: Dracula's Curse,悪魔城伝説,是,FC/NES,科乐美,1989年12月22日,1990年9月,1992年12月10日,https://zh.wikipedia.org/wiki/%E6%83%A1%E9%AD%94%E5%9F%8E%E5%82%B3%E8%AA%AA,【雷文】红白机游戏终极鉴赏62期-1989年12月下篇 | 4K,14:21,https://www.bilibili.com/video/BV1PHqVBTEmM/?t=861
double-dragon-2-the-revenge,双截龙II 复仇,Double Dragon 2 - The Revenge,ダブルドラゴンII ザ・リベンジ,否,FC,Technōs Japan,1989年12月22日,,,https://zh.wikipedia.org/wiki/%E9%9B%99%E6%88%AA%E9%BE%8DII_%E5%BE%A9%E4%BB%87,,,
live-in-power-bowl-tm-network,TM Network现场演奏会,Live in Power Bowl - TM Network,TM NETWORK LIVE IN POWER BOWL,否,FC,Epic-Sony,1989年12月22日,,,,【雷文】红白机游戏终极鉴赏62期-1989年12月下篇 | 4K,24:24,https://www.bilibili.com/video/BV1PHqVBTEmM/?t=1464
mappy-kids,老鼠小子,Mappy Kids,マッピーキッズ,否,FC,南梦宫,1989年12月22日,,,,【雷文】红白机游戏终极鉴赏62期-1989年12月下篇 | 4K,20:37,https://www.bilibili.com/video/BV1PHqVBTEmM/?t=1237
chuugoku-janshi-story-tonpuu,中国雀士故事：东风,Chuugoku Janshi Story - Tonpuu,中国雀士ストーリー 東風,否,FC,Natsume,1989年12月23日,,,,【雷文】红白机游戏终极鉴赏62期-1989年12月下篇 | 4K,27:19,https://www.bilibili.com/video/BV1PHqVBTEmM/?t=1639
herakles-no-eikou-2-titan-no-metsubou,大力士的光荣2：泰坦的灭亡/斗人魔境传2,Herakles no Eikou 2 - Titan no Metsubou,ヘラクレスの栄光II タイタンの滅亡,否,FC,Data East,1989年12月23日,,,,【雷文】红白机游戏终极鉴赏62期-1989年12月下篇 | 4K,28:26,https://www.bilibili.com/video/BV1PHqVBTEmM/?t=1706
super-rugby,超级橄榄球,Super Rugby,スーパーラグビー,否,FC,T.S.S.,1989年12月27日,,,,【雷文】红白机游戏终极鉴赏62期-1989年12月下篇 | 4K,31:02,https://www.bilibili.com/video/BV1PHqVBTEmM/?t=1862
a-boy-and-his-blob-trouble-on-blobolonia,,A Boy and His Blob: Trouble on Blobolonia,,否,NES,Absolute Entertainment,,1990年1月,,,,,
chessmaster,Chessmaster,Chessmaster,,否,NES,Hi Tech Expressions,,1990年1月,1992年3月26日,https://zh.wikipedia.org/wiki/Chessmaster,,,
double-dragon-ii-the-revenge,双截龙II 复仇,Double Dragon II: The Revenge,,否,NES,Acclaim Entertainment,,1990年1月,,https://zh.wikipedia.org/wiki/%E9%9B%99%E6%88%AA%E9%BE%8DII_%E5%BE%A9%E4%BB%87,,,
infiltrator,百战飞狼,Infiltrator,,否,NES,Mindscape,,1990年1月,,,,,
kings-of-the-beach,,Kings of the Beach,,否,NES,Ultra Games,,1990年1月,,,,,
miracle-piano-teaching-system,,Miracle Piano Teaching System,,否,NES,Mindscape,,1990年,1990年,,,,
new-ghostbusters-ii,新魔鬼克星 2,New Ghostbusters II,,否,NES,HAL America Inc,,,1990年,,,,
nintendo-world-championships,,Nintendo World Championships,,否,NES,任天堂,,1990年,,,,,
roadblasters,疾风公路赛,RoadBlasters,,否,NES,Mindscape,,1990年1月,,,,,
top-players-tennis,,Top Players' Tennis,,否,NES,Asmik,,1990年1月,,,,,
ganbare-goemon-gaiden-kieta-ougon-kiseru,大盗伍佑卫门外传：消失的黄金烟斗,Ganbare Goemon Gaiden - Kieta Ougon Kiseru,がんばれゴエモン外伝 きえた黄金キセル,否,FC,科乐美,1990年1月5日,,,,【雷文】红白机游戏终极鉴赏63期-1990年1月篇 | 4K,18:04,https://www.bilibili.com/video/BV1BwBxBhEks/?t=1084
igo-meikan,围棋名鉴,Igo Meikan,囲碁名鑑,否,FC,青木书店,1990年1月10日,,,,【雷文】红白机游戏终极鉴赏63期-1990年1月篇 | 4K,23:38,https://www.bilibili.com/video/BV1BwBxBhEks/?t=1418
dash-galaxy-in-the-alien-asylum,异形养殖场,Dash Galaxy in the Alien Asylum,,否,NES,Data East,,1990年2月,,,,,
destination-earthstar,行星争霸战,Destination Earthstar,,否,NES,Acclaim Entertainment,,1990年2月,,,,,
super-spike-v-ball,美国沙滩排球锦标赛,Super Spike V'Ball,,否,NES,任天堂,,1990年2月,1992年1月23日,,【雷文】红白机游戏终极鉴赏58期-1989年10-11月篇 | 4K,31:30,https://www.bilibili.com/video/BV1xWU9BjEaR/?t=1890
cadillac,凯迪拉克,Cadillac,キャデラック,否,FC,Hect,1990年2月2日,,,,【雷文】红白机游戏终极鉴赏64期-1990年2月篇 | 4K,06:39,https://www.bilibili.com/video/BV1BTvrBaEnj/?t=399
super-c,超级魂斗罗,Super C,スーパー魂斗羅,是,FC/NES,科乐美,1990年2月2日,1990年4月,1992年,https://zh.wikipedia.org/wiki/%E8%B6%85%E7%BA%A7%E9%AD%82%E6%96%97%E7%BD%97,【雷文】红白机游戏终极鉴赏64期-1990年2月篇 | 4K,08:30,https://www.bilibili.com/video/BV1BTvrBaEnj/?t=510
nobunaga-s-ambition-ii,信长之野望·战国群雄传,Nobunaga's Ambition II,信長の野望・戦国群雄伝,是,FC/NES,光荣,1990年2月3日,1991年4月,,https://zh.wikipedia.org/wiki/%E4%BF%A1%E9%95%BF%E4%B9%8B%E9%87%8E%E6%9C%9B%C2%B7%E6%88%98%E5%9B%BD%E7%BE%A4%E9%9B%84%E4%BC%A0,【雷文】红白机游戏终极鉴赏64期-1990年2月篇 | 4K,11:19,https://www.bilibili.com/video/BV1BTvrBaEnj/?t=679
mottomo-abunai-deka,危险刑警,Mottomo Abunai Deka,もっともあぶない刑事,否,FC,东映动画,1990年2月6日,,,,【雷文】红白机游戏终极鉴赏64期-1990年2月篇 | 4K,14:26,https://www.bilibili.com/video/BV1BTvrBaEnj/?t=866
dragon-warrior-iv,勇者斗恶龙IV 被引导的人们,Dragon Warrior IV,ドラゴンクエストIV 導かれし者たち,是,FC/NES,艾尼克斯,1990年2月11日,1992年10月,,https://zh.wikipedia.org/wiki/%E5%8B%87%E8%80%85%E6%96%97%E6%81%B6%E9%BE%99IV_%E8%A2%AB%E5%BC%95%E5%AF%BC%E7%9A%84%E4%BA%BA%E4%BB%AC,【雷文】红白机游戏终极鉴赏64期-1990年2月篇 | 4K,16:46,https://www.bilibili.com/video/BV1BTvrBaEnj/?t=1006
arctic,北极星,Arctic,アークティック,否,FC,波丽佳音,1990年2月23日,,,,,,
code-name-viper,人间兵器,Code Name: Viper,人間兵器 デッドフォックス,是,FC/NES,卡普空,1990年2月23日,1990年3月,,https://zh.wikipedia.org/wiki/%E4%BA%BA%E9%97%B4%E5%85%B5%E5%99%A8,【雷文】红白机游戏终极鉴赏64期-1990年2月篇 | 4K,23:34,https://www.bilibili.com/video/BV1BTvrBaEnj/?t=1414
kiteretsu-dai-hyakka,奇天烈大百科,Kiteretsu Dai Hyakka,キテレツ大百科,否,FC,エポック社,1990年2月23日,,,,【雷文】红白机游戏终极鉴赏64期-1990年2月篇 | 4K,27:02,https://www.bilibili.com/video/BV1BTvrBaEnj/?t=1622
akuma-kun-makai-no-wana,恶魔君：魔界的陷阱,Akuma Kun - Makai no Wana,悪魔くん 魔界の罠,否,FC,万代,1990年2月24日,,,,【雷文】红白机游戏终极鉴赏64期-1990年2月篇 | 4K,30:13,https://www.bilibili.com/video/BV1BTvrBaEnj/?t=1813
castle-of-dragon,龙之军团,Castle of Dragon,ドラゴンユニット,是,FC/NES,SETA / アテナ,1990年2月27日,1990年6月,,,,,
adventures-of-lolo-2,蛋王子大冒险 2,Adventures of Lolo 2,アドベンチャーズ オブ ロロII,是,FC/NES,HAL America Inc / HAL研究所,1990年12月26日,1990年3月,1991年2月21日,,【雷文】红白机游戏终极鉴赏40期-1988年8月下篇 | 4K,12:19,https://www.bilibili.com/video/BV1WqegzqEgN/?t=739
al-unser-jr-s-turbo-racing,,Al Unser Jr.'s Turbo Racing,,否,NES,Data East,,1990年3月,,,,,
burai-fighter,无赖战士,Burai Fighter,ブライファイター,是,FC/NES,Taxan / 太东,1990年7月20日,1990年3月,,,【雷文】红白机游戏终极鉴赏65期-1990年3月上篇 | 4K,00:52,https://www.bilibili.com/video/BV1bZiuBwE4k/?t=52
fisher-price-i-can-remember,记忆力大考验,Fisher-Price: I Can Remember,,否,NES,GameTek,,1990年3月,,,,,
fisher-price-perfect-fit,图案配对大挑战,Fisher-Price: Perfect Fit,,否,NES,GameTek,,1990年3月,,,,,
heavy-barrel,重装机枪,Heavy Barrel,ヘビーバレル,是,FC/NES,Data East,1990年3月2日,1990年3月,,,,,
jack-nicklaus-greatest-18-holes-of-major-championship-golf,杰克尼克劳斯的十八洞高尔夫球场锦标赛,Jack Nicklaus' Greatest 18 Holes of Major Championship Golf,,否,NES,科乐美,,1990年3月,1991年6月27日,,,,
kid-kool,,Kid Kool,,否,NES,Vic Tokai,,1990年3月,,,,,
magic-johnson-s-fast-break,魔术强森之快攻篮球,Magic Johnson's Fast Break,,否,NES,Tradewest,,1990年3月,,,,,
target-renegade,目标 - 叛徒,Target: Renegade,,否,NES,太东,,1990年3月,,,【雷文】红白机游戏终极鉴赏65期-1990年3月上篇 | 4K,10:16,https://www.bilibili.com/video/BV1bZiuBwE4k/?t=616
wheel-of-fortune-family-edition,幸运之轮家庭版,Wheel of Fortune Family Edition,,否,NES,GameTek,,1990年3月,,,,,
win-lose-or-draw,胜负大对决,"Win, Lose, or Draw",,否,NES,Hi Tech Expressions,,1990年3月,,,,,
nishimura-kyoutarou-mystery-super-express-satsujin-jiken,西村京太郎神秘系列：超级特快车杀人事件,Nishimura Kyoutarou Mystery - Super Express Satsujin Jiken,西村京太郎ミステリー スーパーエクスプレス殺人事件,否,FC,Irem,1990年3月2日,,,,【雷文】红白机游戏终极鉴赏65期-1990年3月上篇 | 4K,19:26,https://www.bilibili.com/video/BV1bZiuBwE4k/?t=1166
president-no-sentaku,经营者的选择,President no Sentaku,プレジデントの選択,否,FC,HOT-B,1990年3月2日,,,,,,
don-doko-don,木匠兄弟,Don Doko Don,ドンドコドン,否,FC,太东,1990年3月9日,,,,【雷文】红白机游戏终极鉴赏65期-1990年3月上篇 | 4K,24:13,https://www.bilibili.com/video/BV1bZiuBwE4k/?t=1453
moai-kun,摩艾君,Moai Kun,モアイくん,否,FC,科乐美,1990年3月9日,,,,【雷文】红白机游戏终极鉴赏66期-1990年3月下篇 | 4K,01:01,https://www.bilibili.com/video/BV1HUiQBMEsC/?t=61
wizardry-iii-the-knight-of-diamonds,巫术III：钻石骑士,Wizardry III - The Knight of Diamonds,ウィザードリィIII ダイヤモンドの騎士,否,FC,ASCII,1990年3月9日,,,https://zh.wikipedia.org/wiki/%E5%B7%AB%E6%9C%AFII%EF%BC%9A%E9%92%BB%E7%9F%B3%E9%AA%91%E5%A3%AB,【雷文】红白机游戏终极鉴赏66期-1990年3月下篇 | 4K,03:30,https://www.bilibili.com/video/BV1HUiQBMEsC/?t=210
ikari-3,怒3,Ikari 3,怒III,否,FC,K. Amusement Leasing,1990年3月16日,,,,【雷文】红白机游戏终极鉴赏66期-1990年3月下篇 | 4K,06:03,https://www.bilibili.com/video/BV1HUiQBMEsC/?t=363
image-fight,梦幻战机,Image Fight,イメージファイト,是,FC/NES,Irem,1990年3月16日,1990年6月,,https://zh.wikipedia.org/wiki/%E5%A4%A2%E5%B9%BB%E6%88%B0%E9%AC%A5,【雷文】红白机游戏终极鉴赏66期-1990年3月下篇 | 4K,09:03,https://www.bilibili.com/video/BV1HUiQBMEsC/?t=543
yo-noid,溜溜球大师,Yo! Noid,仮面の忍者 花丸,是,FC/NES,卡普空,1990年3月16日,1990年11月,,,【雷文】红白机游戏终极鉴赏66期-1990年3月下篇 | 4K,12:34,https://www.bilibili.com/video/BV1HUiQBMEsC/?t=754
isaki-shuugorou-no-keiba-hisshou-gaku,竞马必胜学,Isaki Shuugorou no Keiba Hisshou Gaku,井崎脩五郎の競馬必勝学,否,FC,Imagineer,1990年3月20日,,,,【雷文】红白机游戏终极鉴赏66期-1990年3月下篇 | 4K,30:03,https://www.bilibili.com/video/BV1HUiQBMEsC/?t=1803
boulder-dash,推石小子,Boulder Dash,バルダーダッシュ,是,FC/NES,JVC / Data East,1990年3月23日,1990年6月,,,【雷文】红白机游戏终极鉴赏66期-1990年3月下篇 | 4K,16:35,https://www.bilibili.com/video/BV1HUiQBMEsC/?t=995
famimaga-disk-vol-1-hong-kong,法米杂志软盘系列01：香港,Famimaga Disk Vol. 1 - Hong Kong,香港,否,FDS,徳间书店,1990年3月23日,,,,【雷文】红白机游戏终极鉴赏66期-1990年3月下篇 | 4K,26:05,https://www.bilibili.com/video/BV1HUiQBMEsC/?t=1565
majin-eiyuu-den-wataru-gaiden,魔神英雄传,Majin Eiyuu Den Wataru Gaiden,魔神英雄伝ワタル外伝,否,FC,Hudson Soft,1990年3月23日,,,,【雷文】红白机游戏终极鉴赏66期-1990年3月下篇 | 4K,19:06,https://www.bilibili.com/video/BV1HUiQBMEsC/?t=1146
sansaara-naaga,育龙战记,Sansaara Naaga,サンサーラ・ナーガ,否,FC,Victor音乐产业,1990年3月23日,,,,【雷文】红白机游戏终极鉴赏66期-1990年3月下篇 | 4K,22:32,https://www.bilibili.com/video/BV1HUiQBMEsC/?t=1352
best-play-pro-yakyuu-2,亚斯基职业棒球,Best Play Pro Yakyuu 2,ベストプレープロ野球II,否,FC,ASCII,1990年3月30日,,,,,,
mouryou-senki-madara,魍魉战记：魔陀罗,Mouryou Senki Madara,魍魎戦記MADARA,否,FC,科乐美,1990年3月30日,,,,【雷文】红白机游戏终极鉴赏66期-1990年3月下篇 | 4K,32:31,https://www.bilibili.com/video/BV1HUiQBMEsC/?t=1951
power-soccer,弹力足球,Power Soccer,パワーサッカー,否,FC,德间书店,1990年3月30日,,,,,,
double-dare,双人挑战赛,Double Dare,,否,NES,GameTek,,1990年4月,,,,,
ghostbusters-ii,魔鬼克星 2,Ghostbusters II,,否,NES,动视,,1990年4月,1990年12月7日,,,,
ivan-ironman-stewart-s-super-off-road,环绕越野赛车,Ivan 'Ironman' Stewart's Super Off Road,,否,NES,Tradewest,,1990年4月,1991年3月14日,,【雷文】红白机游戏终极鉴赏28期-1987年10月下篇 | 4K,22:50,https://www.bilibili.com/video/BV1RkNCz3ELS/?t=1370
pin-bot,,Pin*Bot,,否,NES,任天堂,,1990年4月,,,,,
snake-s-revenge,史耐克的复仇,Snake's Revenge,,否,NES,北美：Ultra Games欧洲：科乐美,,1990年4月,1991年3月,,,,
tecmo-world-wrestling,激斗摔角 - 斗魂传说,Tecmo World Wrestling,,否,NES,特库摩,,1990年4月,1990年11月23日,,,,
wcw-wrestling,,WCW Wrestling,,否,NES,FCI,,1990年4月,,,,,
deep-dungeon-4-kuro-no-youjutsushi,深入地下城4：黑色妖术师,Deep Dungeon 4 - Kuro no Youjutsushi,ディープダンジョンIV 黒の妖術師,否,FC,Asmik,1990年4月6日,,,,【雷文】红白机游戏终极鉴赏67期-1990年4月上篇 | 4K,18:22,https://www.bilibili.com/video/BV1Qnr2BSENN/?t=1102
digital-devil-story-megami-tensei-2,数字恶魔物语 女神转生II,Digital Devil Story - Megami Tensei 2,デジタル・デビル物語 女神転生II,否,FC,南梦宫,1990年4月6日,,,https://zh.wikipedia.org/wiki/%E6%95%B0%E5%AD%97%E6%81%B6%E9%AD%94%E7%89%A9%E8%AF%AD_%E5%A5%B3%E7%A5%9E%E8%BD%AC%E7%94%9FII,,,
ninja-ryukenden-2-ankoku-no-jashin-ken,忍者龙剑传II 暗黑的邪神剑,Ninja Ryukenden 2 - Ankoku no Jashin Ken,忍者龍剣伝II 暗黒の邪神剣,否,FC,特库摩,1990年4月6日,,,https://zh.wikipedia.org/wiki/%E5%BF%8D%E8%80%85%E9%BE%99%E5%89%91%E4%BC%A0II_%E6%9A%97%E9%BB%91%E7%9A%84%E9%82%AA%E7%A5%9E%E5%89%91,【雷文】红白机游戏终极鉴赏67期-1990年4月上篇 | 4K,23:54,https://www.bilibili.com/video/BV1Qnr2BSENN/?t=1434
ultraman-club-2-kaettekita-ultraman-club,怪兽超人俱乐部2：归来吧怪兽超人俱乐部,Ultraman Club 2 - Kaettekita Ultraman Club,ウルトラマン倶楽部2 帰ってきたウルトラマン倶楽部,否,FC,万代,1990年4月7日,,,,,,
crystalis,天神之剑,Crystalis,ゴッドスレイヤー はるか天空のソナタ,是,FC/NES,SNK,1990年4月13日,1990年7月,,,【雷文】红白机游戏终极鉴赏68期-1990年4月下篇 | 4K,04:42,https://www.bilibili.com/video/BV1ZCzuBHEGE/?t=282
gun-hed,机甲战士：新的战役,Gun Hed,ガンヘッド 新たなる戦い,否,FC,バリエ,1990年4月13日,,,,【雷文】红白机游戏终极鉴赏68期-1990年4月下篇 | 4K,08:28,https://www.bilibili.com/video/BV1ZCzuBHEGE/?t=508
quarth,射击方块,Quarth,クォース,否,FC,科乐美,1990年4月13日,,,,【雷文】红白机游戏终极鉴赏68期-1990年4月下篇 | 4K,11:33,https://www.bilibili.com/video/BV1ZCzuBHEGE/?t=693
fire-emblem-ankokuryu-to-hikari-no-ken,火焰之纹章 暗黑龙与光之剑,Fire Emblem - Ankokuryu to Hikari no Ken,ファイアーエムブレム 暗黒竜と光の剣,否,FC,任天堂,1990年4月20日,,,https://zh.wikipedia.org/wiki/%E7%81%AB%E7%84%B0%E4%B9%8B%E7%BA%B9%E7%AB%A0_%E6%9A%97%E9%BB%91%E9%BE%99%E4%B8%8E%E5%85%89%E4%B9%8B%E5%89%91,【雷文】红白机游戏终极鉴赏68期-1990年4月下篇 | 4K,14:36,https://www.bilibili.com/video/BV1ZCzuBHEGE/?t=876
kurogane-hiroshi-no-yosou-daisuki-kachiuma-densetsu,胜马传说,Kurogane Hiroshi no Yosou Daisuki! - Kachiuma Densetsu,黒鉄ヒロシの予想大好き! 勝馬伝説,否,FC,日本物产,1990年4月20日,,,,【雷文】红白机游戏终极鉴赏68期-1990年4月下篇 | 4K,18:40,https://www.bilibili.com/video/BV1ZCzuBHEGE/?t=1120
power-blazer,能源战士,Power Blazer,パワーブレイザー,否,FC,太东,1990年4月20日,,,,【雷文】红白机游戏终极鉴赏68期-1990年4月下篇 | 4K,20:21,https://www.bilibili.com/video/BV1ZCzuBHEGE/?t=1221
sd-battle-oozumou-heisei-hero-basho,SD大相扑：平成英雄场所,SD Battle Oozumou - Heisei Hero Basho,SDバトル大相撲 平成ヒーロー場所,否,FC,帕布雷斯特,1990年4月20日,,,,【雷文】红白机游戏终极鉴赏68期-1990年4月下篇 | 4K,24:08,https://www.bilibili.com/video/BV1ZCzuBHEGE/?t=1448
final-fantasy-iii,最终幻想III,Final Fantasy III,ファイナルファンタジーIII,否,FC,史克威尔,1990年4月27日,,,https://zh.wikipedia.org/wiki/%E6%9C%80%E7%BB%88%E5%B9%BB%E6%83%B3III,,,
ninja-gaiden-ii-the-dark-sword-of-chaos,忍者龙剑传II 暗黑的邪神剑,Ninja Gaiden II: The Dark Sword of Chaos,,否,NES,特库摩,,1990年5月,1994年10月27日,https://zh.wikipedia.org/wiki/%E5%BF%8D%E8%80%85%E9%BE%99%E5%89%91%E4%BC%A0II_%E6%9A%97%E9%BB%91%E7%9A%84%E9%82%AA%E7%A5%9E%E5%89%91,,,
remote-control,电视问答游戏 - 遥控,Remote Control,,否,NES,Hi Tech Expressions,,1990年5月,,,,,
kagerou-densetsu,影狼传说,Kagerou Densetsu,影狼伝説,否,FC,ピクセル,1990年5月11日,,,,【雷文】红白机游戏终极鉴赏69期-1990年5月篇 | 4K,02:48,https://www.bilibili.com/video/BV18L6iBJEdx/?t=168
nintendo-world-cup,热血足球,Nintendo World Cup,熱血高校ドッジボール部サッカー編,是,FC/NES,任天堂 / Technōs Japan,1990年5月18日,1990年12月,1991年6月27日,https://zh.wikipedia.org/wiki/%E7%83%AD%E8%A1%80%E8%B6%B3%E7%90%83,,,
baken-hisshou-gaku-gate-in,马券必胜学,Baken Hisshou Gaku - Gate In,馬券必勝学 ゲートイン,否,FC,K. Amusement Leasing,1990年5月25日,,,,【雷文】红白机游戏终极鉴赏69期-1990年5月篇 | 4K,13:01,https://www.bilibili.com/video/BV18L6iBJEdx/?t=781
ys-2-ancient-ys-vanished-the-final-chapter,伊苏II 失落的伊苏古国 终章,Ys 2 - Ancient Ys Vanished The Final Chapter,イースII,否,FC,Victor音乐产业,1990年5月25日,,,https://zh.wikipedia.org/wiki/%E4%BC%8A%E8%8B%8FII_%E5%A4%B1%E8%90%BD%E7%9A%84%E4%BC%8A%E8%8B%8F%E5%8F%A4%E5%9B%BD_%E7%BB%88%E7%AB%A0,,,
jajamaru-gekimaden-maboroshi-no-kinmajou,茶茶丸击魔传：梦幻的金魔城,Jajamaru Gekimaden - Maboroshi no Kinmajou,じゃじゃ丸撃魔伝,否,FC,Jaleco,1990年5月29日,,,,【雷文】红白机游戏终极鉴赏69期-1990年5月篇 | 4K,17:45,https://www.bilibili.com/video/BV18L6iBJEdx/?t=1065
adventures-in-the-magic-kingdom,魔法王国大冒险,Adventures in the Magic Kingdom,,否,NES,卡普空,,1990年6月,1992年12月10日,,,,
arkista-s-ring,亚克斯塔的戒指,Arkista's Ring,,否,NES,American Sammy,,1990年6月,,,,,
cabal,勇士们,Cabal,,否,NES,Milton Bradley Company,,1990年6月,,,【雷文】红白机游戏终极鉴赏72期-1990年7月上篇 | 4K,07:24,https://www.bilibili.com/video/BV1kKc6zvEJm/?t=444
captain-skyhawk,天鹰计划,Captain Skyhawk,,否,NES,北美：Milton Bradley Company欧洲：Rare,,1990年6月,1994年5月26日,,,,
chip-n-dale-rescue-rangers,松鼠大作战,Chip 'n Dale: Rescue Rangers,チップとデールの大作戦,是,FC/NES,卡普空,1990年6月8日,1990年6月,1991年12月12日,https://zh.wikipedia.org/wiki/%E6%9D%BE%E9%BC%A0%E5%A4%A7%E4%BD%9C%E6%88%B0,【雷文】红白机游戏终极鉴赏71期-1990年6月下篇 | 4K,07:16,https://www.bilibili.com/video/BV1ARPkznEKd/?t=436
dragon-spirit,,Dragon Spirit,,否,NES,万代,,1990年6月,,,,,
heavy-shreddin,重装雪板,Heavy Shreddin',,否,NES,Parker Brothers,,1990年6月,,,,,
jeopardy-25th-anniversary-edition,电视问答游戏 - 危机 25周年纪念版,Jeopardy! 25th Anniversary Edition,,否,NES,GameTek,,1990年6月,,,,,
mechanized-attack,机动突袭,Mechanized Attack,,否,NES,SNK,,1990年6月,,,,,
puss-n-boots-pero-s-great-adventure,穿长靴的猫,Puss 'n Boots: Pero's Great Adventure,,否,NES,Electro Brain,,1990年6月,,,,,
rad-racer-ii,公路之星 2,Rad Racer II,,否,NES,史克威尔,,1990年6月,,,【雷文】红白机游戏终极鉴赏70期-1990年6月上篇 | 4K,22:49,https://www.bilibili.com/video/BV1vBffBBE5H/?t=1369
rocket-ranger,火箭突击队,Rocket Ranger,,否,NES,Seika,,1990年6月,,,【雷文】红白机游戏终极鉴赏71期-1990年6月下篇 | 4K,00:48,https://www.bilibili.com/video/BV1ARPkznEKd/?t=48
silkworm,联合大作战,Silkworm,,否,NES,American Sammy,,1990年6月,,,【雷文】红白机游戏终极鉴赏71期-1990年6月下篇 | 4K,04:26,https://www.bilibili.com/video/BV1ARPkznEKd/?t=266
solstice-the-quest-for-the-staff-of-demnos,秘境魔宝,Solstice: The Quest for the Staff of Demnos,,否,NES,北美：Sony Imagesoft欧洲：Software Creations,,1990年6月,1991年9月26日,,,,
the-last-starfighter,,The Last Starfighter,,否,NES,Mindscape,,1990年6月,,,,,
the-mafat-conspiracy,,The Mafat Conspiracy,,否,NES,Vic Tokai,,1990年6月,,,,,
wall-street-kid,华尔街小子,Wall Street Kid,,否,NES,SOFEL,,1990年6月,,,,,
knight-move,国际象棋,Knight Move,ナイトムーブ,否,FDS,任天堂,1990年6月5日,,,,【雷文】红白机游戏终极鉴赏63期-1990年1月篇 | 4K,03:48,https://www.bilibili.com/video/BV1BwBxBhEks/?t=228
rally-bike,冲刺野郎,Rally Bike,ダッシュ野郎,是,FC/NES,Romstar / ビスコ,1990年6月15日,1990年9月,,,【雷文】红白机游戏终极鉴赏71期-1990年6月下篇 | 4K,10:57,https://www.bilibili.com/video/BV1ARPkznEKd/?t=657
battle-fleet,大海战,Battle Fleet,バトルフリート,否,FC,南梦宫,1990年6月22日,,,,【雷文】红白机游戏终极鉴赏71期-1990年6月下篇 | 4K,13:37,https://www.bilibili.com/video/BV1ARPkznEKd/?t=817
s-c-a-t-special-cybernetic-attack-team,最终任务,S.C.A.T.: Special Cybernetic Attack Team,ファイナルミッション,是,FC/NES,北美：Natsume欧洲：Imagineer / Natsume,1990年6月22日,1991年6月,,,【雷文】红白机游戏终极鉴赏71期-1990年6月下篇 | 4K,16:28,https://www.bilibili.com/video/BV1ARPkznEKd/?t=988
bandit-kings-of-ancient-china,水浒传 - 天命之誓,Bandit Kings of Ancient China,水滸伝・天命の誓い,是,FC/NES,光荣,1990年6月25日,1990年12月,,https://zh.wikipedia.org/wiki/%E6%B0%B4%E6%BB%B8%E5%82%B3%C2%B7%E5%A4%A9%E5%91%BD%E4%B9%8B%E8%AA%93,【雷文】红白机游戏终极鉴赏71期-1990年6月下篇 | 4K,19:51,https://www.bilibili.com/video/BV1ARPkznEKd/?t=1191
kickle-cubicle,迷宫岛,Kickle Cubicle,迷宮島,是,FC/NES,Irem,1990年6月29日,1990年9月,,,【雷文】红白机游戏终极鉴赏71期-1990年6月下篇 | 4K,23:12,https://www.bilibili.com/video/BV1ARPkznEKd/?t=1392
moero-juudou-warriors,燃烧柔道,Moero!! Juudou Warriors,燃えろ!!柔道WARRIORS,否,FC,Jaleco,1990年6月29日,,,,【雷文】红白机游戏终极鉴赏71期-1990年6月下篇 | 4K,25:24,https://www.bilibili.com/video/BV1ARPkznEKd/?t=1524
battle-chess,决战西洋棋,Battle Chess,,否,NES,Data East,,1990年7月,,,【雷文】红白机游戏终极鉴赏72期-1990年7月上篇 | 4K,03:14,https://www.bilibili.com/video/BV1kKc6zvEJm/?t=194
little-league-baseball-championship-series,世界少棒联盟 - 联盟冠军赛,Little League Baseball: Championship Series,,否,NES,SNK,,1990年7月,,,,,
mad-max,冲锋飞车队,Mad Max,,否,NES,Mindscape,,1990年7月,,,,,
pictionary,,Pictionary,,否,NES,LJN,,1990年7月,,,,,
snake-rattle-n-roll,响尾蛇与大蟒蛇,Snake Rattle 'n' Roll,,否,NES,任天堂,,1990年7月,,,【雷文】红白机游戏终极鉴赏72期-1990年7月上篇 | 4K,16:33,https://www.bilibili.com/video/BV1kKc6zvEJm/?t=993
the-adventures-of-gilligan-s-island,,The Adventures of Gilligan's Island,,否,NES,万代,,1990年7月,,,,,
hatris,帽子方块,Hatris,ハットリス,是,FC/NES,Bullet-Proof Software / BPS,1990年7月6日,1992年4月,,,【雷文】红白机游戏终极鉴赏72期-1990年7月上篇 | 4K,23:10,https://www.bilibili.com/video/BV1kKc6zvEJm/?t=1390
hiryuu-no-ken-iii-5-nin-no-ryuu-senshi,飞龙之拳3：5人的龙战士,Hiryuu no Ken III - 5 Nin no Ryuu Senshi,飛龍の拳III 5人の龍戦士,否,FC,Culture Brain,1990年7月6日,,,,【雷文】红白机游戏终极鉴赏72期-1990年7月上篇 | 4K,25:26,https://www.bilibili.com/video/BV1kKc6zvEJm/?t=1526
palamedes,智慧方块,Palamedes,パラメデス,是,FC/NES,Hot-B / HOT-B,1990年7月6日,1990年11月,,,【雷文】红白机游戏终极鉴赏61期-1989年12月中篇 | 4K,13:11,https://www.bilibili.com/video/BV1MmmTBnEjk/?t=791
sd-hero-soukessen-taose-aku-no-gundan,SD英雄总决战-打倒邪恶的军团,SD Hero Soukessen - Taose! Aku no Gundan,SDヒーロー総決戦 倒せ!悪の軍団,否,FC,帕布雷斯特,1990年7月7日,,,,,,
wit-s,维兹超人,Wit's,Wit's,否,FC,アテナ,1990年7月13日,,,,【雷文】红白机游戏终极鉴赏73期-1990年7月下篇 | 4K,03:49,https://www.bilibili.com/video/BV1x6AnztE2G/?t=229
captain-tsubasa-vol-2-super-striker,天使之翼2：超级射门员/足球小将2,Captain Tsubasa Vol 2 - Super Striker,キャプテン翼II スーパーストライカー,否,FC,特库摩,1990年7月20日,,,,,,
juuouki,兽王记,Juuouki,獣王記,否,FC,Asmik,1990年7月20日,,,https://zh.wikipedia.org/wiki/%E5%85%BD%E7%8E%8B%E8%AE%B0,【雷文】红白机游戏终极鉴赏73期-1990年7月下篇 | 4K,10:03,https://www.bilibili.com/video/BV1x6AnztE2G/?t=603
nichibutsu-mahjong-3-mahjong-g-men,物产麻将,Nichibutsu Mahjong 3 - Mahjong G Men,マージャンGメン ニチブツマージャンIII,否,FC,日本物产,1990年7月20日,,,,【雷文】红白机游戏终极鉴赏73期-1990年7月下篇 | 4K,12:40,https://www.bilibili.com/video/BV1x6AnztE2G/?t=760
solstice-sanjigen-meikyu-no-kyoju,魔城奇兵：三次元迷宫的狂兽,Solstice - Sanjigen Meikyu no Kyoju,ソルスティス 三次元迷宮の狂獣,否,FC,Epic-Sony,1990年7月20日,,,,【雷文】红白机游戏终极鉴赏72期-1990年7月上篇 | 4K,20:01,https://www.bilibili.com/video/BV1kKc6zvEJm/?t=1201
home-run-nighter-90-the-pennant-league,全垒打王90,Home Run Nighter '90 - The Pennant League,ホームランナイター'90,否,FC,Data East,1990年7月24日,,,,【雷文】红白机游戏终极鉴赏73期-1990年7月下篇 | 4K,15:03,https://www.bilibili.com/video/BV1x6AnztE2G/?t=903
bases-loaded-3,满垒王 3,Bases Loaded 3,燃えプロ'90感動編,是,FC/NES,Jaleco,1990年7月27日,1991年9月,,,【雷文】红白机游戏终极鉴赏73期-1990年7月下篇 | 4K,16:42,https://www.bilibili.com/video/BV1x6AnztE2G/?t=1002
bikkuriman-world-gekitou-sei-senshi,激斗圣战士,Bikkuriman World - Gekitou Sei Senshi,ビックリマンワールド 激闘聖戦士,否,FC,Hudson Soft,1990年7月27日,,,,【雷文】红白机游戏终极鉴赏73期-1990年7月下篇 | 4K,18:53,https://www.bilibili.com/video/BV1x6AnztE2G/?t=1133
dr-mario,马力欧医生,Dr. Mario,Dr.マリオ,是,FC/NES,任天堂,1990年7月27日,1990年10月,1991年6月27日,https://zh.wikipedia.org/wiki/%E9%A9%AC%E9%87%8C%E5%A5%A5%E5%8C%BB%E7%94%9F,【雷文】红白机游戏终极鉴赏73期-1990年7月下篇 | 4K,22:42,https://www.bilibili.com/video/BV1x6AnztE2G/?t=1362
golgo-13-the-riddle-of-icarus,狙击13：第二章-伊卡尔斯之谜,Golgo 13 - The Riddle of Icarus,ゴルゴ13 第二章イカロスの謎,否,FC,VIC东海,1990年7月27日,,,,【雷文】红白机游戏终极鉴赏70期-1990年6月上篇 | 4K,17:47,https://www.bilibili.com/video/BV1vBffBBE5H/?t=1067
sted-iseki-wakusei-no-yabou,遗迹行星的野望,Sted - Iseki Wakusei no Yabou,ステッドSTED 遺跡惑星の野望,否,FC,K. Amusement Leasing,1990年7月27日,,,,【雷文】红白机游戏终极鉴赏73期-1990年7月下篇 | 4K,24:45,https://www.bilibili.com/video/BV1x6AnztE2G/?t=1485
might-and-magic-book-one-the-secret-of-the-inner-sanctum,魔法门I：心灵圣地之谜,Might and Magic Book One: The Secret of the Inner Sanctum,マイト・アンド・マジック,是,FC/NES,American Sammy / 学研,1990年7月31日,1992年8月,,https://zh.wikipedia.org/wiki/%E9%AD%94%E6%B3%95%E9%97%A8I%EF%BC%9A%E5%BF%83%E7%81%B5%E5%9C%A3%E5%9C%B0%E4%B9%8B%E8%B0%9C,,,
barker-bill-s-trick-shooting,伯克比尔之戏法射击秀,Barker Bill's Trick Shooting,,否,NES,任天堂,,1990年8月,1991年6月27日,,,,
bigfoot,大轮赛车,Bigfoot,,否,NES,Acclaim Entertainment,,1990年8月,1991年1月24日,,【雷文】红白机游戏终极鉴赏72期-1990年7月上篇 | 4K,04:44,https://www.bilibili.com/video/BV1kKc6zvEJm/?t=284
dick-tracy,至尊神探,Dick Tracy,,否,NES,万代,,1990年8月,,,【雷文】红白机游戏终极鉴赏74期-1990年8月上篇 | 4K,03:51,https://www.bilibili.com/video/BV1BTX8ByEsc/?t=231
narc,缉毒特警,NARC,,否,NES,Acclaim Entertainment,,1990年8月,,,【雷文】红白机游戏终极鉴赏74期-1990年8月上篇 | 4K,06:41,https://www.bilibili.com/video/BV1BTX8ByEsc/?t=401
swords-and-serpents,宝剑与毒蛇,Swords and Serpents,,否,NES,Acclaim Entertainment,,1990年8月,1991年11月28日,,【雷文】红白机游戏终极鉴赏74期-1990年8月上篇 | 4K,09:18,https://www.bilibili.com/video/BV1BTX8ByEsc/?t=558
total-recall,全面回忆,Total Recall,,否,NES,Acclaim Entertainment,,1990年8月,,https://zh.wikipedia.org/wiki/%E5%85%A8%E9%9D%A2%E5%9B%9E%E5%BF%86,【雷文】红白机游戏终极鉴赏74期-1990年8月上篇 | 4K,12:03,https://www.bilibili.com/video/BV1BTX8ByEsc/?t=723
game-party,游戏大会,Game Party,ゲームパーティー,否,FC,Coconuts Japan,1990年8月3日,,,,【雷文】红白机游戏终极鉴赏74期-1990年8月上篇 | 4K,17:48,https://www.bilibili.com/video/BV1BTX8ByEsc/?t=1068
happy-birthday-bugs,兔宝宝,Happy Birthday Bugs,ハッピーバースディ・バックス,否,FC,KEMCO,1990年8月3日,,,,,,
ninjara-hoi,忍者男孩,Ninjara Hoi!,忍者らホイ!,否,FC,ASCII,1990年8月8日,,,,【雷文】红白机游戏终极鉴赏74期-1990年8月上篇 | 4K,20:45,https://www.bilibili.com/video/BV1BTX8ByEsc/?t=1245
street-fighter-2010,街头快打2010,Street Fighter 2010,2010 ストリートファイター,否,FC,卡普空,1990年8月8日,,,,,,
dragon-fighter,龙之斗士,Dragon Fighter,ドラゴンファイター,是,FC/NES,SOFEL / トーワチキ,1990年8月10日,1992年1月,,,【雷文】红白机游戏终极鉴赏75期-1990年8月中篇 | 4K,05:20,https://www.bilibili.com/video/BV1aeXfBUEMa/?t=320
journey-to-silius,星际魂斗罗,Journey to Silius,ラフワールド,是,FC/NES,Sun电子,1990年8月10日,1990年9月,1991年2月21日,https://zh.wikipedia.org/wiki/%E6%98%9F%E9%99%85%E9%AD%82%E6%96%97%E7%BD%97,【雷文】红白机游戏终极鉴赏75期-1990年8月中篇 | 4K,09:11,https://www.bilibili.com/video/BV1aeXfBUEMa/?t=551
kawa-no-nushi-tsuri,钓鱼太郎,Kawa no Nushi Tsuri,川のぬし釣り,否,FC,Pack-In-Video,1990年8月10日,,,,【雷文】红白机游戏终极鉴赏75期-1990年8月中篇 | 4K,13:16,https://www.bilibili.com/video/BV1aeXfBUEMa/?t=796
nihonichi-no-mei-kantoku,日本第一名监督,Nihonichi no Mei Kantoku,日本一の名監督,否,FC,Asmik,1990年8月10日,,,,,,
parallel-world,平行世界,Parallel World,ぱられるワールド,否,FC,バリエ,1990年8月10日,,,,【雷文】红白机游戏终极鉴赏75期-1990年8月中篇 | 4K,18:50,https://www.bilibili.com/video/BV1aeXfBUEMa/?t=1130
peepar-time,机器人引导赛,Peepar Time,ピーパータイム,否,FC,サンリツ电気,1990年8月10日,,,,【雷文】红白机游戏终极鉴赏75期-1990年8月中篇 | 4K,21:20,https://www.bilibili.com/video/BV1aeXfBUEMa/?t=1280
shadow-of-the-ninja-aka-blue-shadow,赤影战士,Shadow of the Ninja (aka Blue Shadow),闇の仕事人 KAGE,是,FC/NES,北美：Natsume欧洲：Data East / Natsume,1990年8月10日,1990年12月,1991年7月25日,https://zh.wikipedia.org/wiki/%E8%B5%A4%E5%BD%B1%E6%88%98%E5%A3%AB,【雷文】红白机游戏终极鉴赏75期-1990年8月中篇 | 4K,23:54,https://www.bilibili.com/video/BV1aeXfBUEMa/?t=1434
titan,泰坦,Titan,TITAN,否,FC,ソフエル,1990年8月10日,,,,【雷文】红白机游戏终极鉴赏76期-1990年8月下篇 | 4K,00:21,https://www.bilibili.com/video/BV1TXQwBjE2r/?t=21
blodia-land-puzzle-quest,布洛蒂亚之地-解谜任务,Blodia Land - Puzzle Quest,ブロディアランド,否,FC,トンキンハウス[东京书籍],1990年8月11日,,,,,,
sd-gundam-gaiden-knight-gundam-monogatari,SD钢弹外传：骑士钢弹物语,SD Gundam Gaiden - Knight Gundam Monogatari,SDガンダム外伝 ナイトガンダム物語,否,FC,万代,1990年8月11日,,,,,,
kujaku-ou-2,孔雀王2,Kujaku Ou 2,孔雀王II,否,FC,波丽佳音,1990年8月21日,,,,【雷文】红白机游戏终极鉴赏76期-1990年8月下篇 | 4K,12:09,https://www.bilibili.com/video/BV1TXQwBjE2r/?t=729
conquest-of-the-crystal-palace,魔天童子,Conquest of the Crystal Palace,魔天童子,是,FC/NES,Asmik / クエスト,1990年8月24日,1990年11月,,,【雷文】红白机游戏终极鉴赏76期-1990年8月下篇 | 4K,15:05,https://www.bilibili.com/video/BV1TXQwBjE2r/?t=905
shanghai-2,上海2,Shanghai 2,上海II,否,FC,Sun电子,1990年8月24日,,,,【雷文】红白机游戏终极鉴赏76期-1990年8月下篇 | 4K,18:58,https://www.bilibili.com/video/BV1TXQwBjE2r/?t=1138
jangou,雀豪,Jangou,雀豪,否,FC,Victor音乐产业,1990年8月30日,,,,【雷文】红白机游戏终极鉴赏76期-1990年8月下篇 | 4K,21:09,https://www.bilibili.com/video/BV1TXQwBjE2r/?t=1269
dungeon-kid,迷宫小子,Dungeon Kid,ダンジョンキッド,否,FC,クエスト,1990年8月31日,,,,【雷文】红白机游戏终极鉴赏76期-1990年8月下篇 | 4K,22:46,https://www.bilibili.com/video/BV1TXQwBjE2r/?t=1366
back-to-the-future-part-ii-iii,回到未来2 + 3,Back to the Future Part II & III,,否,NES,LJN,,1990年9月,,,,,
battle-tank,战斗坦克,Battle Tank,,否,NES,Absolute Entertainment,,1990年9月,,,【雷文】红白机游戏终极鉴赏77期-1990年9月上篇 | 4K,05:13,https://www.bilibili.com/video/BV1FTdzB7EK3/?t=313
classic-concentration,集中力竞赛秀,Classic Concentration,,否,NES,GameTek,,1990年9月,,,【雷文】红白机游戏终极鉴赏77期-1990年9月上篇 | 4K,07:20,https://www.bilibili.com/video/BV1FTdzB7EK3/?t=440
dragon-warrior-ii,勇者斗恶龙II 恶灵的众神,Dragon Warrior II,,否,NES,艾尼克斯,,1990年9月,,https://zh.wikipedia.org/wiki/%E5%8B%87%E8%80%85%E6%96%97%E6%81%B6%E9%BE%99II_%E6%81%B6%E7%81%B5%E7%9A%84%E4%BC%97%E7%A5%9E,,,
gauntlet-ii,铁手套 2,Gauntlet II,,否,NES,Mindscape,,1990年9月,1991年4月25日,,【雷文】红白机游戏终极鉴赏77期-1990年9月上篇 | 4K,09:45,https://www.bilibili.com/video/BV1FTdzB7EK3/?t=585
little-nemo-the-dream-master,梦之勇士,Little Nemo: The Dream Master,NEMO パジャマヒーロー,是,FC/NES,卡普空,1990年12月7日,1990年9月,1991年12月12日,https://zh.wikipedia.org/wiki/%E6%A2%A6%E4%B9%8B%E5%8B%87%E5%A3%AB,【雷文】红白机游戏终极鉴赏77期-1990年9月上篇 | 4K,13:29,https://www.bilibili.com/video/BV1FTdzB7EK3/?t=809
low-g-man-the-low-gravity-man,反重力战士,Low G Man: The Low Gravity Man,,否,NES,Taxan,,1990年9月,,,【雷文】红白机游戏终极鉴赏77期-1990年9月上篇 | 4K,17:09,https://www.bilibili.com/video/BV1FTdzB7EK3/?t=1029
m-u-l-e,骡子大作战,M.U.L.E.,,否,NES,Mindscape,,1990年9月,,https://zh.wikipedia.org/wiki/M.U.L.E.,【雷文】红白机游戏终极鉴赏77期-1990年9月上篇 | 4K,20:05,https://www.bilibili.com/video/BV1FTdzB7EK3/?t=1205
mission-impossible,碟中谍,Mission: Impossible,,否,NES,Ultra Games,,1990年9月,1991年11月28日,,,,
nes-play-action-football,任天堂美式足球,NES Play Action Football,,否,NES,任天堂,,1990年9月,,,,,
pipe-dream,水管狂想曲,Pipe Dream,,否,NES,Bullet-Proof Software,,1990年9月,,,,,
rollergames,溜冰大进击,RollerGames,,否,NES,Ultra Games,,1990年9月,1991年10月24日,,,,
skate-or-die-2-the-search-for-double-trouble,滑板生死斗 2,Skate or Die 2: The Search for Double Trouble,,否,NES,艺电,,1990年9月,,,【雷文】红白机游戏终极鉴赏44期-1988年12月上篇 | 4K,12:22,https://www.bilibili.com/video/BV1yzHezgEF8/?t=742
solar-jetman-hunt-for-the-golden-warpship,太阳系战士,Solar Jetman: Hunt for the Golden Warpship,,否,NES,Tradewest,,1990年9月,1991年9月26日,,,,
spot-the-video-game,斑点棋,Spot: The Video Game,SPOT,是,FC/NES,Arcadia Systems / BPS,1992年10月16日,1990年9月,,,【雷文】红白机游戏终极鉴赏78期-1990年9月中篇 | 4K,14:33,https://www.bilibili.com/video/BV1h8oLBTEWa/?t=873
street-fighter-2010-the-final-fight,街头战士 2010,Street Fighter 2010: The Final Fight,,否,NES,卡普空,,1990年9月,,,,,
the-bugs-bunny-birthday-blowout,,The Bugs Bunny Birthday Blowout,,否,NES,Kemco,,1990年9月,,,,,
time-lord,时间统治者,Time Lord,,否,NES,Milton Bradley Company,,1990年9月,,,,,
ultimate-basketball,泰德终极篮球,Ultimate Basketball,タイトー バスケットボール,是,FC/NES,American Sammy / 太东,1991年4月26日,1990年9月,,,【雷文】红白机游戏终极鉴赏78期-1990年9月中篇 | 4K,19:07,https://www.bilibili.com/video/BV1h8oLBTEWa/?t=1147
backgammon,双陆棋,Backgammon,バックギャモン,否,FDS,任天堂,1990年9月7日,,,,【雷文】红白机游戏终极鉴赏78期-1990年9月中篇 | 4K,25:21,https://www.bilibili.com/video/BV1h8oLBTEWa/?t=1521
uchuu-keibitai-sdf,宇宙警备队SDF,Uchuu Keibitai SDF,宇宙警備隊SDF,否,FC,HAL研究所,1990年9月7日,,,,【雷文】红白机游戏终极鉴赏78期-1990年9月中篇 | 4K,21:59,https://www.bilibili.com/video/BV1h8oLBTEWa/?t=1319
sd-sengoku-bushou-retsuden,SD战国武将传,SD Sengoku Bushou Retsuden,SD戦国武将列伝 烈火のごとく天下を盗れ!,否,FC,帕布雷斯特,1990年9月8日,,,,【雷文】红白机游戏终极鉴赏78期-1990年9月中篇 | 4K,28:57,https://www.bilibili.com/video/BV1h8oLBTEWa/?t=1737
world-boxing,世界拳击赛,World Boxing,ワールドボクシング,否,FC,T.S.S.,1990年9月8日,,,,【雷文】红白机游戏终极鉴赏78期-1990年9月中篇 | 4K,31:53,https://www.bilibili.com/video/BV1h8oLBTEWa/?t=1913
bakushou-star-monomane-shitennou,爆笑四天王,Bakushou! Star Monomane Shitennou,爆笑スター ものまね四天王,否,FC,Pack-In-Video,1990年9月14日,,,,【雷文】红白机游戏终极鉴赏79期-1990年9月下篇 | 4K,00:25,https://www.bilibili.com/video/BV1Px98BxEuU/?t=25
doraemon-gigazombie-no-gyakushuu,小叮当RPG：大僵尸的反击,Doraemon - Gigazombie no Gyakushuu,ドラえもん ギガゾンビの逆襲,否,FC,エポック社,1990年9月14日,,,,,,
little-magic,魔导师阴谋/超魔兽大战,Little Magic,リトルマジック,否,FC,Data East,1990年9月14日,,,https://zh.wikipedia.org/wiki/%E9%AD%94%E5%AF%BC%E5%B8%88%E9%98%B4%E8%B0%8B,,,
ishin-no-arashi,维新之岚,Ishin no Arashi,維新の嵐,否,FC,光荣,1990年9月15日,,,,,,
insector-x,昆虫大战,Insector X,インセクターX,否,FC,太东,1990年9月20日,,,,【雷文】红白机游戏终极鉴赏79期-1990年9月下篇 | 4K,14:49,https://www.bilibili.com/video/BV1Px98BxEuU/?t=889
north-south,南北战争,North & South,ノース&サウス わくわく南北戦争,是,FC/NES,Seika / KEMCO,1990年9月21日,1990年12月,1992年1月23日,,【雷文】红白机游戏终极鉴赏79期-1990年9月下篇 | 4K,17:22,https://www.bilibili.com/video/BV1Px98BxEuU/?t=1042
tamura-koushou-mahjong-seminar,田村光昭麻雀研究会,Tamura Koushou Mahjong Seminar,田村光昭の麻雀ゼミナール,否,FC,波丽佳音,1990年9月21日,,,,,,
mega-man-3,洛克人3 威利博士的末期！？,Mega Man 3,ロックマン3 Dr.ワイリーの最期!?,是,FC/NES,卡普空,1990年9月28日,1990年11月,1992年2月20日,https://zh.wikipedia.org/wiki/%E6%B4%9B%E5%85%8B%E4%BA%BA3_%E5%A8%81%E5%88%A9%E5%8D%9A%E5%A3%AB%E7%9A%84%E6%9C%AB%E6%9C%9F%EF%BC%81%EF%BC%9F,【雷文】红白机游戏终极鉴赏79期-1990年9月下篇 | 4K,22:00,https://www.bilibili.com/video/BV1Px98BxEuU/?t=1320
tantei-jinguuji-saburou-toki-no-sugiyuku-mama-ni,侦探神宫原三郎：过了那时,Tantei Jinguuji Saburou - Toki no Sugiyuku Mama ni,探偵 神宮寺三郎 時の過ぎゆくままに…,否,FC,Data East,1990年9月28日,,,,【雷文】红白机游戏终极鉴赏79期-1990年9月下篇 | 4K,25:42,https://www.bilibili.com/video/BV1Px98BxEuU/?t=1542
totally-rad,魔法约翰,Totally Rad,マジックジョン,是,FC/NES,Jaleco,1990年9月28日,1991年3月,,,【雷文】红白机游戏终极鉴赏79期-1990年9月下篇 | 4K,28:21,https://www.bilibili.com/video/BV1Px98BxEuU/?t=1701
a-nightmare-on-elm-street,,A Nightmare on Elm Street,,否,NES,LJN,,1990年10月,,,,,
caveman-games,原始人运动会,Caveman Games,,否,NES,Data East,,1990年10月,,,【雷文】红白机游戏终极鉴赏80期-1990年10月上篇 | 4K,00:49,https://www.bilibili.com/video/BV1dTdGBaETj/?t=49
days-of-thunder,雷霆壮志,Days of Thunder,,否,NES,Mindscape,,1990年10月,1991年4月25日,,【雷文】红白机游戏终极鉴赏80期-1990年10月上篇 | 4K,03:40,https://www.bilibili.com/video/BV1dTdGBaETj/?t=220
gremlins-2-the-new-batch,小魔怪 2 - 新种诞生,Gremlins 2: The New Batch,グレムリン2 -新種誕生-,是,FC/NES,Sun电子,1990年12月14日,1990年10月,1991年2月21日,,【雷文】红白机游戏终极鉴赏80期-1990年10月上篇 | 4K,05:53,https://www.bilibili.com/video/BV1dTdGBaETj/?t=353
loopz,水管工人,Loopz,,否,NES,Mindscape,,1990年10月,,,【雷文】红白机游戏终极鉴赏80期-1990年10月上篇 | 4K,09:11,https://www.bilibili.com/video/BV1dTdGBaETj/?t=551
orb-3d,3D天体,Orb-3D,,否,NES,Hi Tech Expressions,,1990年10月,,,,,
sesame-street-big-bird-s-hide-speak,芝麻街 - 大鸟学英语,Sesame Street: Big Bird's Hide & Speak,,否,NES,Hi Tech Expressions,,1990年10月,,,【雷文】红白机游戏终极鉴赏80期-1990年10月上篇 | 4K,17:44,https://www.bilibili.com/video/BV1dTdGBaETj/?t=1064
super-glove-ball,超级补球赛,Super Glove Ball,,否,NES,美泰,,1990年10月,,,,,
gun-nac,加纳战机,Gun-Nac,ガンナック,是,FC/NES,ASCII / トンキンハウス[东京书籍],1990年10月5日,1991年9月,,https://zh.wikipedia.org/wiki/%E5%8A%A0%E7%BA%B3%E6%88%98%E6%9C%BA,【雷文】红白机游戏终极鉴赏80期-1990年10月上篇 | 4K,24:14,https://www.bilibili.com/video/BV1dTdGBaETj/?t=1454
downtown-nekketsu-koushin-kyoku-soreyuke-dai-undoukai,热血行进曲,Downtown - Nekketsu Koushin Kyoku - Soreyuke Dai Undoukai,ダウンタウン熱血行進曲 それいけ大運動会,否,FC,Technōs Japan,1990年10月12日,,,https://zh.wikipedia.org/wiki/%E7%86%B1%E8%A1%80%E8%A1%8C%E9%80%B2%E6%9B%B2,,,
akumajou-special-boku-dracula-kun,恶魔城外传 少年德古拉君,Akumajou Special - Boku Dracula Kun,悪魔城すぺしゃる ぼくドラキュラくん,否,FC,科乐美,1990年10月19日,,,https://zh.wikipedia.org/wiki/%E6%81%B6%E9%AD%94%E5%9F%8E%E5%A4%96%E4%BC%A0_%E5%B0%91%E5%B9%B4%E5%BE%B7%E5%8F%A4%E6%8B%89%E5%90%9B,【雷文】红白机游戏终极鉴赏81期-1990年10月下篇 | 4K,02:39,https://www.bilibili.com/video/BV1xz5R6KEAq/?t=159
bloody-warriors-shan-go-no-gyakushuu,血魔的反击,Bloody Warriors - Shan-Go no Gyakushuu,ブラッディ・ウァリアーズ シャンゴーの逆襲,否,FC,东映动画,1990年10月19日,,,,,,
famimaga-disk-vol-2-panic-space,法米杂志软盘系列02：神奇空间,Famimaga Disk Vol. 2 - Panic Space,パニックスペース,否,FDS,徳间书店,1990年10月19日,,,,【雷文】红白机游戏终极鉴赏81期-1990年10月下篇 | 4K,00:37,https://www.bilibili.com/video/BV1xz5R6KEAq/?t=37
majaventure-mahjong-senki,麻将战记,Majaventure - Mahjong Senki,まじゃべんちゃー 麻雀戦記,否,FC,德间书店,1990年10月19日,,,,【雷文】红白机游戏终极鉴赏81期-1990年10月下篇 | 4K,09:14,https://www.bilibili.com/video/BV1xz5R6KEAq/?t=554
shufflepuck-cafe,浮球大赛,Shufflepuck Cafe,シャッフルパックカフェ,否,FC,波丽佳音,1990年10月21日,,,,【雷文】红白机游戏终极鉴赏81期-1990年10月下篇 | 4K,11:05,https://www.bilibili.com/video/BV1xz5R6KEAq/?t=665
oeka-kids-anpanman-to-oekaki-shiyou,教育软体：面包超人的结束写背,Oeka Kids - Anpanman to Oekaki Shiyou!!,おえかキッズ アンパンマンとおえかきしよう!!,否,FC,万代,1990年10月25日,,,,【雷文】红白机游戏终极鉴赏81期-1990年10月下篇 | 4K,13:45,https://www.bilibili.com/video/BV1xz5R6KEAq/?t=825
astro-fang-super-machine,冲锋飞车,Astro Fang - Super Machine,アストロファング,否,FC,A-WAVE,1990年10月26日,,,,【雷文】红白机游戏终极鉴赏81期-1990年10月下篇 | 4K,16:12,https://www.bilibili.com/video/BV1xz5R6KEAq/?t=972
mizushima-shinji-no-dai-koushien,水岛新司大甲子园,Mizushima Shinji no Dai Koushien,水島新司の大甲子園,否,FC,卡普空,1990年10月26日,,,,【雷文】红白机游戏终极鉴赏81期-1990年10月下篇 | 4K,19:08,https://www.bilibili.com/video/BV1xz5R6KEAq/?t=1148
nantettatte-baseball,太阳电子棒球,Nantettatte!! Baseball,なんてったって!!ベースボール,否,FC,Sun电子,1990年10月26日,,,,,,
pachio-kun-3,帕青夫君3,Pachio Kun 3,パチ夫くん3 帰ってきたパチ夫くん,否,FC,Coconuts Japan,1990年10月26日,,,,,,
dragon-ball-z-kyoushuu-saiya-jin,七龙珠Z 强袭！赛亚人,Dragon Ball Z - Kyoushuu! Saiya Jin,ドラゴンボールZ 強襲!サイヤ人,否,FC,万代,1990年10月27日,,,https://zh.wikipedia.org/wiki/%E4%B8%83%E9%BE%99%E7%8F%A0Z_%E5%BC%BA%E8%A2%AD%EF%BC%81%E8%B5%9B%E4%BA%9A%E4%BA%BA,【雷文】红白机游戏终极鉴赏81期-1990年10月下篇 | 4K,25:58,https://www.bilibili.com/video/BV1xz5R6KEAq/?t=1558
game-FDS_898,,,惑星アトン外伝,否,FDS,国税厅,1990年11月中旬,,,,,,
arch-rivals,,Arch Rivals,,否,NES,Acclaim Entertainment,,1990年11月,,,,,
formula-one-built-to-win,F1冠军赛车,Formula One: Built to Win,,否,NES,SETA,,1990年11月,,,,,
muppet-adventure-chaos-at-the-carnival,布偶大冒险 - 混乱狂欢节,Muppet Adventure: Chaos at the Carnival,,否,NES,Hi Tech Expressions,,1990年11月,,,,,
puzznic,钻石方块,Puzznic,パズニック,是,FC/NES,太东 / アイジーエス,1991年7月19日,1990年11月,1991年4月25日,,【雷文】红白机游戏终极鉴赏82期-1990年11月上篇 | 4K,11:40,https://www.bilibili.com/video/BV1UeLb6iEBp/?t=700
silver-surfer,银魔侠,Silver Surfer,,否,NES,Arcadia Systems,,1990年11月,,,,,
the-immortal,,The Immortal,,否,NES,艺电,,1990年11月,,,,,
the-punisher,,The Punisher,,否,NES,LJN,,1990年11月,,,,,
werewolf-the-last-warrior,超人狼战记,Werewolf: The Last Warrior,超人狼戦記 WARWOLF,是,FC/NES,Data East / 特佳丽,1991年6月28日,1990年11月,1991年9月26日,,【雷文】红白机游戏终极鉴赏82期-1990年11月上篇 | 4K,17:06,https://www.bilibili.com/video/BV1UeLb6iEBp/?t=1026
wwf-wrestlemania-challenge,世界摔角联盟 - 狂热摔角锦标赛,WWF WrestleMania Challenge,WWFレッスルマニアチャレンジ,是,FC/NES,LJN / HOT-B,1992年3月27日,1990年11月,,,,,
cross-fire,霹雳火,Cross Fire,クロスファイヤー,否,FC,九娯贸易,1990年11月2日,,,,,,
romance-of-the-three-kingdoms-ii,三国志II,Romance of the Three Kingdoms II,三國志II,是,FC/NES,光荣,1990年11月2日,1991年9月,,https://zh.wikipedia.org/wiki/%E4%B8%89%E5%9C%8B%E5%BF%97II,,,
yamamura-misa-suspense-kyouto-zaiteku-satsujin-jiken,山村美纱悬疑系列：京都理财杀人事件,Yamamura Misa Suspense - Kyouto Zaiteku Satsujin Jiken,山村美紗サスペンス 京都財テク殺人事件,否,FC,Hect,1990年11月2日,,,,【雷文】红白机游戏终极鉴赏83期-1990年11月下篇 | 4K,06:56,https://www.bilibili.com/video/BV1JiVb6EEwm/?t=416
last-armageddon,最后的哈米吉多顿,Last Armageddon,ラストハルマゲドン,否,FC,万代,1990年11月10日,,,https://zh.wikipedia.org/wiki/%E6%9C%80%E5%BE%8C%E7%9A%84%E5%93%88%E7%B1%B3%E5%90%89%E5%A4%9A%E9%A0%93,,,
puzzle-boys,解谜小子,Puzzle Boys.,パズルボーイズ,否,FDS,アトラス,1990年11月16日,,,,【雷文】红白机游戏终极鉴赏83期-1990年11月下篇 | 4K,15:54,https://www.bilibili.com/video/BV1JiVb6EEwm/?t=954
sanrio-carnival,动物方块/三立鸥嘉年华会,Sanrio Carnival,サンリオカーニバル,否,FC,Character Soft,1990年11月22日,,,,【雷文】红白机游戏终极鉴赏83期-1990年11月下篇 | 4K,18:48,https://www.bilibili.com/video/BV1JiVb6EEwm/?t=1128
fushigina-bloby-blobania-no-kiki,男孩与泡泡怪,Fushigina Bloby - Blobania no Kiki,ふしぎなブロビー ブロバニアの危機,否,FC,Jaleco,1990年11月29日,,,,【雷文】红白机游戏终极鉴赏63期-1990年1月篇 | 4K,00:47,https://www.bilibili.com/video/BV1BwBxBhEks/?t=47
dai-meiro-meikyuu-no-tatsujin,大迷路,Dai Meiro - Meikyuu no Tatsujin,大迷路 迷宮の達人,否,FC,エポック社,1990年11月30日,,,,【雷文】红白机游戏终极鉴赏83期-1990年11月下篇 | 4K,21:24,https://www.bilibili.com/video/BV1JiVb6EEwm/?t=1284
parodius-da,Q版沙罗曼蛇,Parodius Da!,パロディウスだ!,是,FC/NES,Palcom / 科乐美,1990年11月30日,,1992年,,【雷文】红白机游戏终极鉴赏83期-1990年11月下篇 | 4K,24:25,https://www.bilibili.com/video/BV1JiVb6EEwm/?t=1465
digger-t-rock-legend-of-the-lost-city,,Digger T. Rock: Legend of the Lost City,,否,NES,Milton Bradley Company,,1990年12月,,,,,
dirty-harry-the-war-against-drugs,,Dirty Harry: The War Against Drugs,,否,NES,Mindscape,,1990年12月,,,,,
dragon-s-lair,龙穴历险记,Dragon's Lair,ドラゴンズレア,是,FC/NES,北美：Sony Imagesoft欧洲：Elite Systems / Epic-Sony,1991年9月20日,1990年12月,1992年1月3日,https://zh.wikipedia.org/wiki/%E9%BE%8D%E7%A9%B4%E6%AD%B7%E9%9A%AA%E8%A8%98,【雷文】红白机游戏终极鉴赏84期-1990年12月上篇 | 4K,09:58,https://www.bilibili.com/video/BV1t9766gEic/?t=598
d-j-vu,,Déjà Vu,,否,NES,Seika,,1990年12月,1992年9月24日,,,,
jackie-chan-s-action-kung-fu,成龙,Jackie Chan's Action Kung Fu,ジャッキーチェン,是,FC/NES,Hudson Soft,1991年1月25日,1990年12月,1991年,,【雷文】红白机游戏终极鉴赏84期-1990年12月上篇 | 4K,12:29,https://www.bilibili.com/video/BV1t9766gEic/?t=749
ninja-crusaders,忍者龙牙,Ninja Crusaders,忍者クルセイダーズ 龍牙,是,FC/NES,American Sammy / Sammy,1990年12月14日,1990年12月,,https://zh.wikipedia.org/wiki/%E5%BF%8D%E8%80%85%E9%BE%99%E7%89%99,【雷文】红白机游戏终极鉴赏86期-1990年12月中篇 | 4K,00:52,https://www.bilibili.com/video/BV11Tjz6fEYQ/?t=52
startropics,StarTropics,StarTropics,,否,NES,任天堂,,1990年12月,1992年8月20日,https://zh.wikipedia.org/wiki/StarTropics,,,
super-mario-bros-duck-hunt-world-class-track-meet,超级马力欧兄弟/打野鸭/田径运动会,Super Mario Bros./Duck Hunt/World Class Track Meet,,否,NES,任天堂,,1990年12月,,https://zh.wikipedia.org/wiki/%E8%B6%85%E7%BA%A7%E9%A9%AC%E9%87%8C%E5%A5%A5%E5%85%84%E5%BC%9F,,,
super-spike-v-ball-nintendo-world-cup,美国沙滩排球锦标赛 + 热血足球联盟,Super Spike V'Ball/Nintendo World Cup,,否,NES,任天堂,,1990年12月,,,,,
teenage-mutant-ninja-turtles-ii-the-arcade-game,忍者神龟 街机版,Teenage Mutant Ninja Turtles II: The Arcade Game,T.M.N.T.,是,FC/NES,Ultra Games / 科乐美,1990年12月7日,1990年12月,1991年11月14日,https://zh.wikipedia.org/wiki/%E5%BF%8D%E8%80%85%E7%A5%9E%E9%BE%9F_%E8%A1%97%E6%9C%BA%E7%89%88,【雷文】红白机游戏终极鉴赏52期-1989年5-6月篇 | 4K,05:17,https://www.bilibili.com/video/BV1xGxAzAEdw/?t=317
the-adventures-of-rad-gravity,,The Adventures of Rad Gravity,,否,NES,北美：动视澳洲：美泰,,1990年12月,1991年5月30日,,,,
thunder-lightning,雷电,Thunder & Lightning,ファミリーブロック,是,FC/NES,Romstar / アテナ,1991年4月12日,1990年12月,,,,,
chiyo-no-fuji-no-ooichou,千代大相扑,Chiyo no Fuji no Ooichou,千代の富士の大銀杏,否,FC,フェイス,1990年12月7日,,,,【雷文】红白机游戏终极鉴赏84期-1990年12月上篇 | 4K,21:27,https://www.bilibili.com/video/BV1t9766gEic/?t=1287
gambler-jiko-chuushin-ha-2,自我中心派2,Gambler Jiko Chuushin Ha 2,ぎゅわんぶらあ自己中心派2,否,FC,Asmik,1990年12月7日,,,,【雷文】红白机游戏终极鉴赏84期-1990年12月上篇 | 4K,23:35,https://www.bilibili.com/video/BV1t9766gEic/?t=1415
ishido,石道,Ishido,石道,否,FDS,ヒロ,1990年12月7日,,,,【雷文】红白机游戏终极鉴赏84期-1990年12月上篇 | 4K,18:55,https://www.bilibili.com/video/BV1t9766gEic/?t=1135
rush-up,世界拳击,Rush Up,グレートボクシング RUSH UP,否,FC,ビスコ,1990年12月7日,,,,【雷文】红白机游戏终极鉴赏85期-1990年12月中篇 | 4K,12:28,https://www.bilibili.com/video/BV1b9Eq6iEAM/?t=748
tecmo-world-cup-soccer,Tecmo世界杯足球,Tecmo World Cup Soccer,テクモ ワールドカップサッカー,是,FC/NES,特库摩,1990年12月7日,,1991年,,【雷文】红白机游戏终极鉴赏84期-1990年12月上篇 | 4K,25:34,https://www.bilibili.com/video/BV1t9766gEic/?t=1534
times-of-lore,时空勇士,Times of Lore,タイムズ オブ ロア 失われたメダリオン,是,FC/NES,东宝,1990年12月7日,1991年5月,,,【雷文】红白机游戏终极鉴赏85期-1990年12月中篇 | 4K,04:19,https://www.bilibili.com/video/BV1b9Eq6iEAM/?t=259
whomp-em,西游记世界 2 - 天上界的魔神,Whomp 'Em,西遊記ワールドII 天上界の魔神,是,FC/NES,Jaleco,1990年12月7日,1991年3月,,,【雷文】红白机游戏终极鉴赏85期-1990年12月中篇 | 4K,08:16,https://www.bilibili.com/video/BV1b9Eq6iEAM/?t=496
famicom-top-management,任天堂顶尖经营者,Famicom Top Management,ファミコントップマネジメント,否,FC,光荣,1990年12月12日,,,,,,
best-play-pro-yakyuu-90,亚斯基础职业棒球90,Best Play Pro Yakyuu '90,ベストプレープロ野球'90,否,FC,ASCII,1990年12月13日,,,,,,
klax,立体方块,KLAX,クラックス,否,FC,Hudson Soft,1990年12月14日,,,,【雷文】红白机游戏终极鉴赏85期-1990年12月中篇 | 4K,20:08,https://www.bilibili.com/video/BV1b9Eq6iEAM/?t=1208
magical-doropie,小魔女皮皮,Magical Doropie,まじかるキッズどろぴー,否,FC,VIC东海,1990年12月14日,,,,,,
metal-flame-psybuster,金属装甲,Metal Flame Psybuster,メタルフレーム・サイバスター,否,FC,Jaleco,1990年12月14日,,,,,,
paaman-enban-wo-torikaese,叮当超人/小超人帕门,Paaman - Enban wo Torikaese!!,パーマン えんばんをとりかえせ,否,FC,Irem,1990年12月14日,,,,【雷文】红白机游戏终极鉴赏86期-1990年12月中篇 | 4K,03:38,https://www.bilibili.com/video/BV11Tjz6fEYQ/?t=218
wagan-land-2,瓦强世界2,Wagan Land 2,ワギャンランド2,否,FC,南梦宫,1990年12月14日,,,,【雷文】红白机游戏终极鉴赏86期-1990年12月中篇 | 4K,07:20,https://www.bilibili.com/video/BV11Tjz6fEYQ/?t=440
zombie-nation,僵尸国度,Zombie Nation,暴れん坊天狗,是,FC/NES,Meldac / メルダック,1990年12月14日,1991年9月,,,【雷文】红白机游戏终极鉴赏86期-1990年12月中篇 | 4K,10:30,https://www.bilibili.com/video/BV11Tjz6fEYQ/?t=630
hissatsu-shigoto-nin,必杀仕事,Hissatsu Shigoto Nin,必殺仕事人,否,FC,帕布雷斯特,1990年12月15日,,,,【雷文】红白机游戏终极鉴赏86期-1990年12月中篇 | 4K,14:43,https://www.bilibili.com/video/BV11Tjz6fEYQ/?t=883
battle-stadium-senbatsu-pro-yakyuu,战斗野球,Battle Stadium - Senbatsu Pro Yakyuu,バトルスタジアム 選抜プロ野球,否,FC,アイジーエス,1990年12月19日,,,,,,
jumpin-kid-jack-to-mame-no-ki-monogatari,杰克与魔豆,Jumpin' Kid - Jack to Mame no Ki Monogatari,ジャンピン・キッド ジャックと豆の木ものがたり,否,FC,Asmik,1990年12月19日,,,,【雷文】红白机游戏终极鉴赏86期-1990年12月中篇 | 4K,17:09,https://www.bilibili.com/video/BV11Tjz6fEYQ/?t=1029
dai-kaijuu-deburas,大怪兽得普拉斯,Dai Kaijuu - Deburas,大怪獣デブラス,否,FC,Data East,1990年12月21日,,,,【雷文】红白机游戏终极鉴赏86期-1990年12月中篇 | 4K,25:32,https://www.bilibili.com/video/BV11Tjz6fEYQ/?t=1532
famista-91,明星职棒91年度版,Famista '91,ファミスタ'91,否,FC,南梦宫,1990年12月21日,,,,,,
kabuki-quantum-fighter,地狱极乐丸,Kabuki Quantum Fighter,地獄・極楽丸,是,FC/NES,HAL America Inc / Pack-In-Video,1990年12月21日,1991年1月,1992年2月20日,,【雷文】红白机游戏终极鉴赏87期-1990年12月下篇 | 4K,00:44,https://www.bilibili.com/video/BV1Nu7V6xEuf/?t=44
sword-master,剑术大师,Sword Master,ソードマスター,是,FC/NES,动视 / アテナ,1990年12月21日,1992年1月,1993年1月21日,,【雷文】红白机游戏终极鉴赏87期-1990年12月下篇 | 4K,04:15,https://www.bilibili.com/video/BV1Nu7V6xEuf/?t=255
the-bard-s-tale-tales-of-the-unknown,冰城传奇：未知的故事,The Bard's Tale - Tales of the Unknown,バーズテイル 知られざる物語,否,FC,波丽佳音,1990年12月21日,,,,【雷文】红白机游戏终极鉴赏86期-1990年12月中篇 | 4K,22:26,https://www.bilibili.com/video/BV11Tjz6fEYQ/?t=1346
zoids-mokushiroku,洛依德默示录,Zoids Mokushiroku,ゾイド黙示録,否,FC,Tomy,1990年12月21日,,,,【雷文】红白机游戏终极鉴赏87期-1990年12月下篇 | 4K,07:27,https://www.bilibili.com/video/BV1Nu7V6xEuf/?t=447
musashi-no-bouken,武藏冒险,Musashi no Bouken,ムサシの冒険,否,FC,シグマ商事,1990年12月22日,,,,【雷文】红白机游戏终极鉴赏87期-1990年12月下篇 | 4K,10:09,https://www.bilibili.com/video/BV1Nu7V6xEuf/?t=609
sd-gundam-gachapon-senshi-3-eiyuu-senki,SD钢弹扭蛋战士3：英雄战记,SD Gundam - Gachapon Senshi 3 - Eiyuu Senki,SDガンダムワールド ガチャポン戦士3 英雄戦記,否,FC,万代,1990年12月22日,,,,【雷文】红白机游戏终极鉴赏87期-1990年12月下篇 | 4K,12:29,https://www.bilibili.com/video/BV1Nu7V6xEuf/?t=749
new-ghostbusters-2,新魔鬼克星2,New Ghostbusters 2,NEWゴーストバスターズ2,否,FC,HAL研究所,1990年12月26日,,,,【雷文】红白机游戏终极鉴赏87期-1990年12月下篇 | 4K,18:32,https://www.bilibili.com/video/BV1Nu7V6xEuf/?t=1112
bakushou-ai-no-gekijou,爆笑爱剧场,Bakushou Ai no Gekijou,爆笑!愛の劇場,否,FC,Coconuts Japan,1990年12月29日,,,,,,
advanced-dungeons-dragons-heroes-of-the-lance,高级地下城与龙 - 长枪英雄,Advanced Dungeons & Dragons: Heroes of the Lance,Advanced Dungeons & Dragons ヒーローオブランス,是,FC/NES,FCI / 波丽佳音,1991年3月8日,1991年1月,,,【雷文】红白机游戏终极鉴赏88期-1991年1月上篇 | 4K,03:47,https://www.bilibili.com/video/BV1HET76zEZ8/?t=227
aussie-rules-footy,澳洲制式足球,Aussie Rules Footy,,否,NES,澳洲：Laser Beam Entertainment,,,1991年,,,,
bomberman-ii,炸弹人II,Bomberman II,ボンバーマンII,是,FC/NES,Hudson Soft,1991年6月28日,1992年3月,1991年,https://zh.wikipedia.org/wiki/%E7%82%B8%E5%BC%B9%E4%BA%BAII,,,
championship-rally,火爆越野赛车 - 世界越野赛车锦标赛,Championship Rally,エキサイティング・ラリー,是,FC/NES,澳洲：HAL America Inc / 科学技研,1992年4月24日,,1991年,,,,
crackout,爆裂砖块,Crackout,,否,NES,Palcom,,,1991年,,,,
elite,Elite (电子游戏),Elite,,否,NES,Imagineer,,,1991年,https://zh.wikipedia.org/wiki/Elite_(%E9%9B%BB%E5%AD%90%E9%81%8A%E6%88%B2),,,
fun-house,欢乐屋,Fun House,,否,NES,Hi Tech Expressions,,1991年1月,,,【雷文】红白机游戏终极鉴赏88期-1991年1月上篇 | 4K,07:43,https://www.bilibili.com/video/BV1HET76zEZ8/?t=463
g-i-joe-a-real-american-hero,特殊部队,G.I. Joe: A Real American Hero,,否,NES,Taxan,,1991年1月,,,【雷文】红白机游戏终极鉴赏53期-1989年6-7月篇 | 4K,21:51,https://www.bilibili.com/video/BV1DsyWBbEmC/?t=1311
nintendo-campus-challenge,,Nintendo Campus Challenge,,否,NES,任天堂,,1991年,,,,,
over-horizon,超越地平线,Over Horizon,オーバーホライゾン,是,FC/NES,Hot B / HOT-B,1991年4月26日,,1991年,,,,
parasol-stars-the-story-of-bubble-bobble-3,,Parasol Stars: The Story of Bubble Bobble 3,,否,NES,太东 Ocean Software,,,1991年,,,,
peter-pan-and-the-pirates,,Peter Pan and the Pirates,,否,NES,THQ,,1991年1月,,,,,
qix,离子射线,Qix,,否,NES,太东,,1991年1月,,,【雷文】红白机游戏终极鉴赏88期-1991年1月上篇 | 4K,23:40,https://www.bilibili.com/video/BV1HET76zEZ8/?t=1420
template-vgrtbl-tx,,Template:Vgrtbl-tx,,否,NES,Template:Vgrtbl-tx,,1991年3月,1991年,,,,
the-hunt-for-red-october,猎杀红色十月号,The Hunt for Red October,,否,NES,Hi Tech Expressions,,1991年1月,,https://zh.wikipedia.org/wiki/%E7%8C%8E%E6%9D%80%E7%BA%A2%E8%89%B2%E5%8D%81%E6%9C%88%E5%8F%B7_(1991%E5%B9%B4%E6%B8%B8%E6%88%8F),【雷文】红白机游戏终极鉴赏88期-1991年1月上篇 | 4K,14:39,https://www.bilibili.com/video/BV1HET76zEZ8/?t=879
the-krion-conquest,,The Krion Conquest,,否,NES,Vic Tokai,,1991年1月,,,,,
the-trolls-in-crazyland,,The Trolls in Crazyland,,否,NES,American Softworks,,,1991年,,,,
the-untouchables,铁面无私,The Untouchables,アンタッチャブル,是,FC/NES,Ocean Software / Arutoron,1991年12月20日,1991年1月,,https://zh.wikipedia.org/wiki/%E9%93%81%E9%9D%A2%E6%97%A0%E7%A7%81,【雷文】红白机游戏终极鉴赏88期-1991年1月上篇 | 4K,26:16,https://www.bilibili.com/video/BV1HET76zEZ8/?t=1576
wayne-gretzky-hockey,韦恩葛瑞兹基之冰上曲棍球,Wayne Gretzky Hockey,,否,NES,THQ,,1991年1月,,,,,
juvei-quest,超编时空物语/十兵卫大冒险,Juvei Quest,じゅうべえくえすと,否,FC,南梦宫,1991年1月4日,,,,【雷文】红白机游戏终极鉴赏89期-1991年1月下篇 | 4K,11:12,https://www.bilibili.com/video/BV1fNMV6REW7/?t=672
wai-wai-world-2-sos-paseri-jou,科乐美世界2,Wai Wai World 2 - SOS!! Paseri Jou,ワイワイワールド2 SOS!!パセリ城,否,FC,科乐美,1991年1月5日,,,,【雷文】红白机游戏终极鉴赏89期-1991年1月下篇 | 4K,14:32,https://www.bilibili.com/video/BV1fNMV6REW7/?t=872
mahjong-rpg-dora-dora-dora,DORA麻将,Mahjong RPG Dora Dora Dora,麻雀RPG ドラドラドラ,否,FC,Natsume,1991年1月25日,,,,,,
yume-penguin-monogatari,企鹅梦物语,Yume Penguin Monogatari,夢ペンギン物語,否,FC,科乐美,1991年1月25日,,,,【雷文】红白机游戏终极鉴赏89期-1991年1月下篇 | 4K,22:23,https://www.bilibili.com/video/BV1fNMV6REW7/?t=1343
golf-grand-slam,高尔夫大满贯,Golf Grand Slam,ゴルフグランドスラム,是,FC/NES,Atlus / Hect,1991年1月31日,1991年11月,,,【雷文】红白机游戏终极鉴赏65期-1990年3月上篇 | 4K,06:30,https://www.bilibili.com/video/BV1bZiuBwE4k/?t=390
adventure-island-ii,高桥名人之冒险岛II,Adventure Island II,,否,NES,北美：Hudson Soft欧洲：Hudson Soft澳洲：美泰,,1991年2月,1992年7月22日,https://zh.wikipedia.org/wiki/%E9%AB%98%E6%A1%A5%E5%90%8D%E4%BA%BA%E4%B9%8B%E5%86%92%E9%99%A9%E5%B2%9BII,,,
conan-the-mysteries-of-time,,Conan: The Mysteries of Time,,否,NES,Mindscape,,1991年2月,,,,,
double-dragon-iii-the-sacred-stones,双截龙III 罗塞塔之石,Double Dragon III: The Sacred Stones,ダブルドラゴンIII ザ・ロゼッタストーン,是,FC/NES,Acclaim Entertainment / Technōs Japan,1991年2月22日,1991年2月,1994年11月24日,https://zh.wikipedia.org/wiki/%E5%8F%8C%E6%88%AA%E9%BE%99III_%E7%BD%97%E5%A1%9E%E5%A1%94%E4%B9%8B%E7%9F%B3,【雷文】红白机游戏终极鉴赏91期-1991年2月下篇 | 4K,18:06,https://www.bilibili.com/video/BV1kCgD6GEDP/?t=1086
flying-warriors,飞龙战士,Flying Warriors,,否,NES,Culture Brain,,1991年2月,,,,,
galaxy-5000,,Galaxy 5000,,否,NES,Activision,,1991年2月,1991年2月,,,,
ikari-warriors-iii-the-rescue,,Ikari Warriors III: The Rescue,,否,NES,SNK,,1991年2月,,,,,
isolated-warrior,马克司战士 - 惑星戒严令,Isolated Warrior,マックスウォーリアー 惑星戒厳令,是,FC/NES,日本电视台 / VAP,1991年2月15日,1991年2月,,,【雷文】红白机游戏终极鉴赏91期-1991年2月下篇 | 4K,09:21,https://www.bilibili.com/video/BV1kCgD6GEDP/?t=561
magician,魔法师,Magician,,否,NES,Taxan,,1991年2月,,,【雷文】红白机游戏终极鉴赏90期-1991年2月上篇 | 4K,16:55,https://www.bilibili.com/video/BV14QK36fEFZ/?t=1015
metal-storm,重力装甲,Metal Storm,重力装甲メタルストーム,是,FC/NES,Irem,1992年4月24日,1991年2月,,,【雷文】红白机游戏终极鉴赏90期-1991年2月上篇 | 4K,20:01,https://www.bilibili.com/video/BV14QK36fEFZ/?t=1201
ski-or-die,滑雪生死斗,Ski or Die,,否,NES,Ultra Games,,1991年2月,1991年10月24日,,【雷文】红白机游戏终极鉴赏90期-1991年2月上篇 | 4K,27:04,https://www.bilibili.com/video/BV14QK36fEFZ/?t=1624
super-cars,超级赛车,Super Cars,,否,NES,Electro Brain,,1991年2月,,,【雷文】红白机游戏终极鉴赏90期-1991年2月上篇 | 4K,30:06,https://www.bilibili.com/video/BV14QK36fEFZ/?t=1806
the-last-ninja,,The Last Ninja,,否,NES,Jaleco,,1991年2月,,,,,
the-simpsons-bart-vs-the-space-mutants,,The Simpsons: Bart vs. the Space Mutants,,否,NES,Acclaim Entertainment,,1991年2月,1991年12月12日,,,,
akagawa-jirou-no-yuurei-ressha,幽灵列车,Akagawa Jirou no Yuurei Ressha,赤川次郎の幽霊列車,否,FC,キングレコード,1991年2月8日,,,,【雷文】红白机游戏终极鉴赏91期-1991年2月下篇 | 4K,00:37,https://www.bilibili.com/video/BV1kCgD6GEDP/?t=37
dark-lord,黑暗骑士,Dark Lord,ダークロード,否,FC,Data East,1991年2月8日,,,,,,
famicom-shougi-ryuuousen,将棋龙王赛,Famicom Shougi - Ryuuousen,ファミコン将棋竜王戦,否,FC,I'MAX,1991年2月15日,,,,【雷文】红白机游戏终极鉴赏91期-1991年2月下篇 | 4K,07:33,https://www.bilibili.com/video/BV1kCgD6GEDP/?t=453
mini-putt,迷你高尔夫,Mini Putt,ミニパット,否,FC/FDS,A-WAVE / パック・イン・ビデオ,1991年2月15日,,,,【雷文】红白机游戏终极鉴赏50期-1989年3月下篇 | 4K,20:41,https://www.bilibili.com/video/BV1rf48zBEY2/?t=1241
parasol-henbee,阳伞平平-刺激的童话世界,Parasol Henbee,パラソルヘンべえ おとぎの国は大さわぎ!,否,FC,エポック社,1991年2月15日,,,,,,
famimaga-disk-vol-3-all-one,法米杂志软盘系列03：棋类大集合,Famimaga Disk Vol.3 - All One,オール1,否,FDS,徳间书店,1991年2月22日,,,,,,
ide-yousuke-meijin-no-jissen-mahjong-2,井出洋介名人的实战麻雀2,Ide Yousuke Meijin no Jissen Mahjong 2,井出洋介名人の実戦麻雀II,否,FC,卡普空,1991年2月22日,,,,,,
niji-no-silk-road,彩虹丝路,Niji no Silk Road,虹のシルクロード,否,FC,Victor音乐产业,1991年2月22日,,,,【雷文】红白机游戏终极鉴赏91期-1991年2月下篇 | 4K,24:00,https://www.bilibili.com/video/BV1kCgD6GEDP/?t=1440
grand-master,守护剑士,Grand Master,グランドマスター,否,FC,バリエ,1991年2月26日,,,,,,
nantettatte-baseball-kogame-set-ob-all-star-hen,太阳电子棒球子卡OB全明星赛编,Nantettatte!! Baseball - Kogame Set OB All Star Hen,なんてったって!!ベースボール 子ガメカセットOBオールスター編,否,FC,Sun电子,1991年2月26日,,,,,,
harlem-globetrotters,哈林篮球队,Harlem Globetrotters,,否,NES,GameTek,,1991年3月,,,【雷文】红白机游戏终极鉴赏92期-1991年3月上篇 | 4K,09:16,https://www.bilibili.com/video/BV1km3i6KEsD/?t=556
indiana-jones-and-the-last-crusade,印地安纳琼斯 - 圣战奇兵,Indiana Jones and the Last Crusade,,否,NES,太东,,1991年3月,,,【雷文】红白机游戏终极鉴赏92期-1991年3月上篇 | 4K,11:12,https://www.bilibili.com/video/BV1km3i6KEsD/?t=672
kyuukyoku-harikiri-stadium-3,究极棒球3,Kyuukyoku Harikiri Stadium 3,究極ハリキリスタジアムIII,否,FC,太东,1991年3月1日,,,,【雷文】红白机游戏终极鉴赏92期-1991年3月上篇 | 4K,00:45,https://www.bilibili.com/video/BV1km3i6KEsD/?t=45
metal-mech,,Metal Mech,,否,NES,Jaleco,,1991年3月,,,,,
power-blade,刀锋斗士,Power Blade,,否,NES,太东,,1991年3月,1992年1月23日,,,,
super-chinese-3,超级中国人3,Super Chinese 3,スーパーチャイニーズ3,否,FC,Culture Brain,1991年3月1日,,,,,,
namcot-mahjong-3-mahjong-tengoku,南梦宫麻将3：麻将天国,Namcot Mahjong 3 - Mahjong Tengoku,ナムコット麻雀III マージャン天国,否,FC,南梦宫,1991年3月8日,,,,【雷文】红白机游戏终极鉴赏92期-1991年3月上篇 | 4K,14:59,https://www.bilibili.com/video/BV1km3i6KEsD/?t=899
fushigi-no-umi-no-nadia,冒险少女娜汀亚/海底两万里,Fushigi no Umi no Nadia,ふしぎの海のナディア,否,FC,东宝,1991年3月15日,,,,【雷文】红白机游戏终极鉴赏92期-1991年3月上篇 | 4K,17:07,https://www.bilibili.com/video/BV1km3i6KEsD/?t=1027
laser-invasion,救难任务,Laser Invasion,ガンサイト,是,FC/NES,Ultra Games / 科乐美,1991年3月15日,1991年6月,,,【雷文】红白机游戏终极鉴赏92期-1991年3月上篇 | 4K,20:44,https://www.bilibili.com/video/BV1km3i6KEsD/?t=1244
uncharted-waters,大航海时代,Uncharted Waters,大航海時代,是,FC/NES,光荣,1991年3月15日,1991年11月,,https://zh.wikipedia.org/wiki/%E5%A4%A7%E8%88%AA%E6%B5%B7%E6%99%82%E4%BB%A3_(%E9%81%8A%E6%88%B2),【雷文】红白机游戏终极鉴赏92期-1991年3月上篇 | 4K,24:26,https://www.bilibili.com/video/BV1km3i6KEsD/?t=1466
advanced-dungeons-dragons-hillsfar,高级地下城与龙 - 远山,Advanced Dungeons & Dragons: Hillsfar,Advanced Dungeons & Dragons ヒルズファー,是,FC/NES,FCI / 波丽佳音,1991年3月21日,1993年2月,,,【雷文】红白机游戏终极鉴赏93期-1991年3月下篇 | 4K,00:45,https://www.bilibili.com/video/BV1LL3o6UE1f/?t=45
itadaki-street-watashi-no-mise-ni-yottette,创业人生,Itadaki Street - Watashi no Mise ni Yottette,いただきストリート 〜私のお店によってって〜,否,FC,ASCII,1991年3月21日,,,,【雷文】红白机游戏终极鉴赏93期-1991年3月下篇 | 4K,05:06,https://www.bilibili.com/video/BV1LL3o6UE1f/?t=306
magical-taruruuto-kun-fantastic-world,魔法台风,Magical Taruruuto Kun - Fantastic World!!,まじかるタルるートくん FANTASTIC WORLD!!,否,FC,万代,1991年3月21日,,,,,,
shadow-brain,魅影智慧,Shadow Brain,シャドウブレイン,否,FC,波丽佳音,1991年3月21日,,,,【雷文】红白机游戏终极鉴赏93期-1991年3月下篇 | 4K,13:15,https://www.bilibili.com/video/BV1LL3o6UE1f/?t=795
bakushou-jinsei-gekijoh-2,爆笑人生剧场2,Bakushou!! Jinsei Gekijoh 2,爆笑!!人生劇場2,否,FC,太东,1991年3月22日,,,,,,
oeka-kids-anpanman-no-hiragana-daisuki,识字软体：面包超人的喜欢平假名,Oeka Kids - Anpanman no Hiragana Daisuki,アンパンマンのひらがなだいすき,否,FC,万代,1991年3月26日,,,,【雷文】红白机游戏终极鉴赏93期-1991年3月下篇 | 4K,20:37,https://www.bilibili.com/video/BV1LL3o6UE1f/?t=1237
hokuto-no-ken-4-shichisei-haken-den-hokuto-shinken-no-ka,北斗神拳4：七星霸拳传-北斗神拳的那方,Hokuto no Ken 4 - Shichisei Haken Den - Hokuto Shinken no Ka,北斗の拳4 七星覇拳伝 北斗神拳の彼方へ,否,FC,东映动画,1991年3月29日,,,,【雷文】红白机游戏终极鉴赏93期-1991年3月下篇 | 4K,22:50,https://www.bilibili.com/video/BV1LL3o6UE1f/?t=1370
kero-kero-keroppi-no-dai-bouken,青蛙大冒险,Kero Kero Keroppi no Dai Bouken,けろけろけろっぴの大冒険,否,FC,Character Soft,1991年3月29日,,,,,,
ninja-jajamaru-ginga-dai-sakusen,忍者茶茶丸：银河大作战,Ninja Jajamaru - Ginga Dai Sakusen,忍者じゃじゃ丸〜銀河大作戦〜,否,FC,Jaleco,1991年3月29日,,,,【雷文】红白机游戏终极鉴赏93期-1991年3月下篇 | 4K,29:03,https://www.bilibili.com/video/BV1LL3o6UE1f/?t=1743
bill-ted-s-excellent-video-game-adventure,阿比阿弟的冒险,Bill & Ted's Excellent Video Game Adventure,,否,NES,LJN,,1991年4月,,,,,
robocop-2,机器战警 2,RoboCop 2,ロボコップ2,是,FC/NES,Data East,1991年4月2日,1991年4月,,,,,
world-champ,世界冠军,World Champ,,否,NES,Romstar,,1991年4月,,,,,
obocchama-kun,敲竹杠君,Obocchama Kun,おぼっちゃまくん,否,FC,特库摩,1991年4月5日,,,,,,
rockin-kats,纽约摇滚猫,Rockin' Kats,N.Y.ニャンキーズ,是,FC/NES,Atlus / アトラス,1991年4月5日,1991年9月,1992年11月19日,,【雷文】红白机游戏终极鉴赏94期-1991年4月篇 | 4K,10:37,https://www.bilibili.com/video/BV1VagF6mEcu/?t=637
tenchi-wo-kurau-2-shokatsu-koumei-den,吞食天地II 诸葛孔明传,Tenchi wo Kurau 2 - Shokatsu Koumei Den,天地を喰らうII 諸葛孔明伝,否,FC,卡普空,1991年4月5日,,,https://zh.wikipedia.org/wiki/%E5%90%9E%E9%A3%9F%E5%A4%A9%E5%9C%B0II_%E8%AB%B8%E8%91%9B%E5%AD%94%E6%98%8E%E5%82%B3,【雷文】红白机游戏终极鉴赏94期-1991年4月篇 | 4K,14:56,https://www.bilibili.com/video/BV1VagF6mEcu/?t=896
gorby-no-pipeline-dai-sakusen,水管大作战,Gorby no Pipeline Dai Sakusen,ゴルビーのパイプライン大作戦,否,FC,德间书店,1991年4月12日,,,,【雷文】红白机游戏终极鉴赏94期-1991年4月篇 | 4K,19:21,https://www.bilibili.com/video/BV1VagF6mEcu/?t=1161
famimaga-disk-vol-4-clox,法米杂志软盘系列04：时间方块,Famimaga Disk Vol.4 - Clox,クロックス,否,FDS,徳间书店,1991年4月19日,,,,【雷文】红白机游戏终极鉴赏94期-1991年4月篇 | 4K,22:02,https://www.bilibili.com/video/BV1VagF6mEcu/?t=1322
mahjong-club-nagatachou,麻将俱乐部永田町：总裁战,Mahjong Club - Nagatachou,麻雀倶楽部永田町・総裁戦,否,FC,Hect,1991年4月25日,,,,【雷文】红白机游戏终极鉴赏94期-1991年4月篇 | 4K,25:27,https://www.bilibili.com/video/BV1VagF6mEcu/?t=1527
lagrange-point,拉格朗日点,Lagrange Point,ラグランジュポイント,否,FC,科乐美,1991年4月26日,,,https://zh.wikipedia.org/wiki/%E6%8B%89%E6%A0%BC%E6%9C%97%E6%97%A5%E7%82%B9_(%E6%B8%B8%E6%88%8F),【雷文】红白机游戏终极鉴赏94期-1991年4月篇 | 4K,30:00,https://www.bilibili.com/video/BV1VagF6mEcu/?t=1800
magic-darts,魔术飞镖,Magic Darts,マジック・ダーツ,是,FC/NES,Romstar / Seta,1991年4月26日,1991年9月,,,【雷文】红白机游戏终极鉴赏94期-1991年4月篇 | 4K,37:39,https://www.bilibili.com/video/BV1VagF6mEcu/?t=2259
shi-kin-jou,紫禁城,Shi Kin Jou,紫禁城,否,FC,东映动画,1991年4月26日,,,,【雷文】红白机游戏终极鉴赏94期-1991年4月篇 | 4K,39:55,https://www.bilibili.com/video/BV1VagF6mEcu/?t=2395
takahashi-meijin-no-boukenjima-2,高桥名人之冒险岛II,Takahashi Meijin no Boukenjima 2,高橋名人の冒険島II,否,FC,Hudson Soft,1991年4月26日,,,https://zh.wikipedia.org/wiki/%E9%AB%98%E6%A1%A5%E5%90%8D%E4%BA%BA%E4%B9%8B%E5%86%92%E9%99%A9%E5%B2%9BII,,,
vice-project-doom,GUN-DEC,Vice: Project Doom,ガンデック,是,FC/NES,American Sammy / Sammy,1991年4月26日,1991年11月,,https://zh.wikipedia.org/wiki/GUN-DEC,,,
beetlejuice,阴间大法师,Beetlejuice,,否,NES,LJN,,1991年5月,,,【雷文】红白机游戏终极鉴赏95期-1991年5月篇 | 4K,00:28,https://www.bilibili.com/video/BV1QA8z6BEMH/?t=28
family-feud,家庭对抗赛,Family Feud,,否,NES,GameTek,,1991年5月,,https://zh.wikipedia.org/wiki/Family_Feud#Home_versions,,,
flight-of-the-intruder,捍卫入侵者,Flight of the Intruder,,否,NES,Mindscape,,1991年5月,,,【雷文】红白机游戏终极鉴赏95期-1991年5月篇 | 4K,05:42,https://www.bilibili.com/video/BV1QA8z6BEMH/?t=342
monopoly,大富翁,Monopoly,モノポリー,是,FC/NES,Parker Brothers / Tomy,1991年11月1日,1991年5月,,,【雷文】红白机游戏终极鉴赏95期-1991年5月篇 | 4K,08:00,https://www.bilibili.com/video/BV1QA8z6BEMH/?t=480
the-rocketeer,,The Rocketeer,,否,NES,万代,,1991年5月,,,,,
cocoron,魔法世界,COCORON,ココロン,否,FC,タケル,1991年5月3日,,,,【雷文】红白机游戏终极鉴赏95期-1991年5月篇 | 4K,13:17,https://www.bilibili.com/video/BV1QA8z6BEMH/?t=797
palamedes-2-star-twinkles,骰子方块2,Palamedes 2 - Star Twinkles,パラメデスII,否,FC,HOT-B,1991年5月7日,,,,【雷文】红白机游戏终极鉴赏95期-1991年5月篇 | 4K,20:47,https://www.bilibili.com/video/BV1QA8z6BEMH/?t=1247
fuzzical-fighter,奇幻射击,Fuzzical Fighter,ファジカルファイター,否,FC,シグマ商事,1991年5月17日,,,,【雷文】红白机游戏终极鉴赏95期-1991年5月篇 | 4K,17:34,https://www.bilibili.com/video/BV1QA8z6BEMH/?t=1054
l-empereur,拿破仑,L'Empereur,ランペルール,是,FC/NES,光荣,1991年5月23日,1991年11月,,,【雷文】红白机游戏终极鉴赏95期-1991年5月篇 | 4K,24:22,https://www.bilibili.com/video/BV1QA8z6BEMH/?t=1462
metal-max,重装机兵,Metal Max,メタルマックス,否,FC,Data East,1991年5月24日,,,https://zh.wikipedia.org/wiki/%E9%87%8D%E8%A3%85%E6%9C%BA%E5%85%B5_(%E6%B8%B8%E6%88%8F),【雷文】红白机游戏终极鉴赏95期-1991年5月篇 | 4K,28:16,https://www.bilibili.com/video/BV1QA8z6BEMH/?t=1696
tetrastar-the-fighter,星际斗士,Tetrastar - The Fighter,テトラスター,否,FC,太东,1991年5月24日,,,,【雷文】红白机游戏终极鉴赏95期-1991年5月篇 | 4K,33:44,https://www.bilibili.com/video/BV1QA8z6BEMH/?t=2024
egypt,埃及历险记,Egypt,エジプト,否,FC,ヒューマン,1991年5月31日,,,,【雷文】红白机游戏终极鉴赏95期-1991年5月篇 | 4K,36:19,https://www.bilibili.com/video/BV1QA8z6BEMH/?t=2179
nantettatte-baseball-ko-game-set-91-kaimakuban,太阳电子棒球子卡91开幕编,Nantettatte!! Baseball Ko-Game Set '91 Kaimakuban,なんてったって!!ベースボール 子ガメカセット'91開幕編,否,FC,Sun电子,1991年5月31日,,,,,,
base-wars,,Base Wars,,否,NES,Ultra Games,,1991年6月,,,,,
battletoads,忍者蛙,Battletoads,バトルトード,是,FC/NES,Tradewest / Masaya[日本Computer System],1991年12月20日,1991年6月,1993年2月18日,https://zh.wikipedia.org/wiki/%E5%BF%8D%E8%80%85%E8%9B%99,【雷文】红白机游戏终极鉴赏96期-1991年6月篇 | 4K,00:17,https://www.bilibili.com/video/BV1DPtP6PEaY/?t=17
castelian,城堡猪,Castelian,キョロちゃんランド,是,FC/NES,北美：Triffix欧洲：Storm / ヒロ,1992年12月11日,1991年6月,,,【雷文】红白机游戏终极鉴赏96期-1991年6月篇 | 4K,05:19,https://www.bilibili.com/video/BV1DPtP6PEaY/?t=319
faria-a-world-of-mystery-and-danger,法利亚 - 神秘世界,Faria: A World of Mystery and Danger,,否,NES,ASCII,,1991年6月,,,,,
tombs-treasure,坟墓和宝藏,Tombs & Treasure,,否,NES,动视,,1991年6月,,,,,
videomation,动态视讯大师,Videomation,,否,NES,THQ,,1991年6月,,,,,
hiryuu-no-ken-special-fighting-wars,飞龙之拳特别版：格斗大战,Hiryuu no Ken Special - Fighting Wars,飛龍の拳スペシャル ファイティングウォーズ,否,FC,Culture Brain,1991年6月21日,,,,【雷文】红白机游戏终极鉴赏96期-1991年6月篇 | 4K,12:14,https://www.bilibili.com/video/BV1DPtP6PEaY/?t=734
ninja-ryukenden-3-yomi-no-hakobune,忍者龙剑传III 黄泉的方船,Ninja Ryukenden 3 - Yomi no Hakobune,忍者龍剣伝III 黄泉の方舟,否,FC,特库摩,1991年6月21日,,,https://zh.wikipedia.org/wiki/%E5%BF%8D%E8%80%85%E9%BE%99%E5%89%91%E4%BC%A0III_%E9%BB%84%E6%B3%89%E7%9A%84%E6%96%B9%E8%88%B9,,,
advanced-dungeons-dragons-pool-of-radiance,高级地下城与龙 - 光芒之池,Advanced Dungeons & Dragons: Pool of Radiance,AD&Dプール・オブ・レイディアンス,是,FC/NES,FCI / 波丽佳音,1991年6月28日,1992年4月,,,【雷文】红白机游戏终极鉴赏96期-1991年6月篇 | 4K,19:17,https://www.bilibili.com/video/BV1DPtP6PEaY/?t=1157
shin-4-nin-uchi-mahjong-yakuman-tengoku,役满天国,Shin 4 Nin Uchi Mahjong - Yakuman Tengoku,新4人打ちマージャン 役満天国,否,FC,任天堂,1991年6月28日,,,,【雷文】红白机游戏终极鉴赏96期-1991年6月篇 | 4K,26:06,https://www.bilibili.com/video/BV1DPtP6PEaY/?t=1566
sugoro-quest-dice-no-senshi-tachi,王者密令,Sugoro Quest - Dice no Senshi Tachi,すごろクエスト ダイスの戦士たち,否,FC,Technōs Japan,1991年6月28日,,,,【雷文】红白机游戏终极鉴赏96期-1991年6月篇 | 4K,28:15,https://www.bilibili.com/video/BV1DPtP6PEaY/?t=1695
tsuppari-wars,最佳反击,Tsuppari Wars,つっぱりウォーズ,否,FC,Sammy,1991年6月28日,,,,【雷文】红白机游戏终极鉴赏96期-1991年6月篇 | 4K,31:43,https://www.bilibili.com/video/BV1DPtP6PEaY/?t=1903
disney-s-the-little-mermaid,,Disney's The Little Mermaid,,否,NES,卡普空,,1991年7月,,,,,
frankenstein-the-monster-returns,科学怪人,Frankenstein: The Monster Returns,,否,NES,万代,,1991年7月,,,,,
high-speed,高速弹珠台,High Speed,,否,NES,Tradewest,,1991年7月,1994年4月28日,,【雷文】红白机游戏终极鉴赏97期-1991年7月上篇 | 4K,03:30,https://www.bilibili.com/video/BV18qtR6CEhh/?t=210
klashball,火爆钢球,KlashBall,,否,NES,SOFEL,,1991年7月,,https://zh.wikipedia.org/wiki/%E7%81%AB%E7%88%86%E9%8B%BC%E7%90%83,,,
baseball-fighter,棒球斗士,Baseball Fighter,ベースボールファイター,否,FC,VAP,1991年7月5日,,,,【雷文】红白机游戏终极鉴赏97期-1991年7月上篇 | 4K,11:51,https://www.bilibili.com/video/BV18qtR6CEhh/?t=711
igo-shinan-91,围棋指南91,Igo Shinan '91,囲碁指南'91,否,FC,Hect,1991年7月5日,,,,【雷文】红白机游戏终极鉴赏97期-1991年7月上篇 | 4K,14:19,https://www.bilibili.com/video/BV18qtR6CEhh/?t=859
cattou-ninden-teyandee,猫党忍者传/忍者猫,Cattou Ninden Teyandee,キャッ党忍伝てやんでえ,否,FC,特库摩,1991年7月19日,,,,【雷文】红白机游戏终极鉴赏97期-1991年7月上篇 | 4K,22:37,https://www.bilibili.com/video/BV18qtR6CEhh/?t=1357
die-hard,终极警探,Die Hard,ダイ・ハード,是,FC/NES,Activision / Pack-In-Video,1991年7月19日,1992年1月,1992年1月,,,,
family-circuit-91,南梦宫赛车91,Family Circuit '91,ファミリーサーキット'91,否,FC,南梦宫,1991年7月19日,,,,,,
little-mermaid-ningyo-hime,小美人鱼,Little Mermaid - Ningyo Hime,リトル・マーメイド,否,FC,卡普空,1991年7月19日,,,,【雷文】红白机游戏终极鉴赏97期-1991年7月上篇 | 4K,26:43,https://www.bilibili.com/video/BV18qtR6CEhh/?t=1603
pachinko-dai-sakusen,柏青哥大作战,Pachinko Dai Sakusen,パチンコ大作戦,否,FC,Coconuts Japan,1991年7月19日,,,,【雷文】红白机游戏终极鉴赏98期-1991年7-8月篇 | 4K,00:31,https://www.bilibili.com/video/BV1qRYL64EkD/?t=31
sd-keiji-blader,SD刑事,SD Keiji - Blader,SD刑事ブレイダー,否,FC,太东,1991年7月19日,,,,【雷文】红白机游戏终极鉴赏98期-1991年7-8月篇 | 4K,27:03,https://www.bilibili.com/video/BV1qRYL64EkD/?t=1623
toki,JUJU传说,Toki,JuJu伝説,是,FC/NES,太东,1991年7月19日,1991年12月,,,【雷文】红白机游戏终极鉴赏98期-1991年7-8月篇 | 4K,02:42,https://www.bilibili.com/video/BV1qRYL64EkD/?t=162
downtown-special-kunio-kun-no-jidaigeki-dayo-zenin-shuugou,热血时代剧,Downtown Special - Kunio Kun no Jidaigeki Dayo Zenin Shuugou,ダウンタウンスペシャル くにおくんの時代劇だよ全員集合!,否,FC,Technōs Japan,1991年7月26日,,,,【雷文】红白机游戏终极鉴赏98期-1991年7-8月篇 | 4K,05:43,https://www.bilibili.com/video/BV1qRYL64EkD/?t=343
time-twist-rekishi-no-katasumi-de-kouhen,时空扭曲：历史的先驱者（后编）,Time Twist - Rekishi no Katasumi de - Kouhen,タイムツイスト 歴史のかたすみで… 後編,否,FDS,任天堂,1991年7月26日,,,,【雷文】红白机游戏终极鉴赏98期-1991年7-8月篇 | 4K,09:56,https://www.bilibili.com/video/BV1qRYL64EkD/?t=596
time-twist-rekishi-no-katasumi-de-zenhen,时空扭曲：历史的先驱者（前编）,Time Twist - Rekishi no Katasumi de - Zenhen,タイムツイスト 歴史のかたすみで… 前編,否,FDS,任天堂,1991年7月26日,,,,,,
otaku-no-seiza-an-adventure-in-the-otaku-galaxy,星座之旅,Otaku no Seiza - An Adventure in the Otaku Galaxy,おたくの星座,否,FC,M&M,1991年7月31日,,,,【雷文】红白机游戏终极鉴赏98期-1991年7-8月篇 | 4K,14:04,https://www.bilibili.com/video/BV1qRYL64EkD/?t=844
ninja-gaiden-iii-the-ancient-ship-of-doom,忍者龙剑传III 黄泉的方船,Ninja Gaiden III: The Ancient Ship of Doom,,否,NES,特库摩,,1991年8月,,https://zh.wikipedia.org/wiki/%E5%BF%8D%E8%80%85%E9%BE%99%E5%89%91%E4%BC%A0III_%E9%BB%84%E6%B3%89%E7%9A%84%E6%96%B9%E8%88%B9,,,
the-lone-ranger,,The Lone Ranger,,否,NES,科乐美,,1991年8月,,,,,
robocco-wars,机器神童,Robocco Wars,ロボッ子ウォーズ,否,FC,アイジーエス,1991年8月2日,,,,【雷文】红白机游戏终极鉴赏98期-1991年7-8月篇 | 4K,24:22,https://www.bilibili.com/video/BV1qRYL64EkD/?t=1462
my-life-my-love-boku-no-yume-watashi-no-negai,我的志愿,My Life My Love - Boku no Yume - Watashi no Negai,マイライフ・マイラブ ぼくの夢わたしの願い,否,FC,帕布雷斯特,1991年8月3日,,,,【雷文】红白机游戏终极鉴赏98期-1991年7-8月篇 | 4K,30:35,https://www.bilibili.com/video/BV1qRYL64EkD/?t=1835
super-sprint,超级冲刺赛,Super Sprint,スーパースプリント,否,FC,Arutoron,1991年8月3日,,,,【雷文】红白机游戏终极鉴赏98期-1991年7-8月篇 | 4K,34:32,https://www.bilibili.com/video/BV1qRYL64EkD/?t=2072
armadillo,穿山甲小子,Armadillo,アルマジロ,否,FC,アイジーエス,1991年8月9日,,,,,,
deblock,立体方块,Deblock,デ・ブロック,否,FC,アテナ,1991年8月9日,,,,,,
doki-doki-yuuenchi,游园地,Doki! Doki! Yuuenchi,ドキ!ドキ!遊園地,否,FC,VAP,1991年8月9日,,,,,,
dragon-wars,龙之战争,Dragon Wars,ドラゴンウォーズ,否,FC,KEMCO,1991年8月9日,,,,,,
hyaku-no-sekai-no-monogatari-the-tales-on-a-watery-wildern,百世界的故事,Hyaku no Sekai no Monogatari - The Tales on a Watery Wildern,百の世界の物語,否,FC,アスク讲谈社,1991年8月9日,,,,,,
dragon-ball-z-2-gekishin-freeza,七龙珠ZII 激神弗利萨！！,Dragon Ball Z 2 - Gekishin Freeza!!,ドラゴンボールZII 激神フリーザ!!,否,FC,万代,1991年8月10日,,,https://zh.wikipedia.org/wiki/%E4%B8%83%E9%BE%99%E7%8F%A0ZII_%E6%BF%80%E7%A5%9E%E5%BC%97%E5%88%A9%E8%90%A8%EF%BC%81%EF%BC%81,,,
a-ressha-de-ikou,A列车,A Ressha de Ikou,A列車で行こう,否,FC,波丽佳音,1991年8月21日,,,,,,
crisis-force,宇宙神鹰/危机武力,Crisis Force,クライシスフォース,否,FC,科乐美,1991年8月27日,,,,,,
gemfire,欧洲战记,Gemfire,ロイヤルブラッド,是,FC/NES,光荣,1991年8月29日,1992年3月,,,,,
kaiketsu-yanchamaru-2-karakuri-land,快杰洋枪2,Kaiketsu Yanchamaru 2 - Karakuri Land,快傑ヤンチャ丸2 からくりランド,否,FC,Irem,1991年8月30日,,,,,,
metal-slader-glory,金属之光/金属荣耀,Metal Slader Glory,メタルスレイダーグローリー,否,FC,HAL研究所,1991年8月30日,,,https://zh.wikipedia.org/wiki/%E9%87%91%E5%B1%9E%E4%B9%8B%E5%85%89,,,
adventures-of-lolo-3,蛋王子大冒险 3,Adventures of Lolo 3,,否,NES,HAL America Inc,,1991年9月,1992年5月27日,,,,
captain-planet-and-the-planeteers,星球拯救队,Captain Planet and the Planeteers,,否,NES,Mindscape,,1991年9月,1992年8月20日,,,,
monster-truck-rally,大卡车越野赛,Monster Truck Rally,,否,NES,INTV,,1991年9月,,,,,
nes-open-tournament-golf,马力欧高尔夫公开赛,NES Open Tournament Golf,マリオオープンゴルフ,是,FC/NES,任天堂,1991年9月20日,1991年9月,1992年6月18日,https://zh.wikipedia.org/wiki/%E9%A9%AC%E5%8A%9B%E6%AC%A7%E9%AB%98%E5%B0%94%E5%A4%AB%E5%85%AC%E5%BC%80%E8%B5%9B,,,
smash-tv,电视斗士,Smash TV,,否,NES,Acclaim Entertainment,,1991年9月,,,,,
super-jeopardy,电视问答游戏 危机超级版,Super Jeopardy!,,否,NES,GameTek,,1991年9月,,,,,
where-s-waldo,眼力训练游戏 - 瓦德在哪里,Where's Waldo?,,否,NES,THQ,,1991年9月,,,,,
cowboy-kid,西部小子,Cowboy Kid,ウエスタンキッズ,是,FC/NES,Romstar / ビスコ,1991年9月13日,1992年1月,,,,,
dezaemon,绘描卫门,Dezaemon,絵描衛門,否,FC,アテナ,1991年9月13日,,,,,,
ufouria-the-saga,迷糊蛋,Ufouria: The Saga,へべれけ,是,FC/NES,Sun电子,1991年9月20日,,1992年11月19日,,,,
nakajima-satoru-f-1-hero-2,中屿悟F1英雄2,Nakajima Satoru - F-1 Hero 2,中嶋悟F-1ヒーロー2,否,FC,バリエ,1991年9月27日,,,,,,
spartan-x-2,成龙踢馆2,Spartan X 2,スパルタンX2,否,FC,Irem,1991年9月27日,,,,,,
super-spy-hunter,超级间谍猎人,Super Spy Hunter,バトルフォーミュラ,是,FC/NES,Sun电子,1991年9月27日,1992年2月,,,,,
ys-3-wanderers-from-ys,伊苏III 来自伊苏的冒险者,Ys 3 - Wanderers From Ys,イースIII ワンダラーズフロムイース,否,FC,Victor音乐产业,1991年9月27日,,,https://zh.wikipedia.org/wiki/%E6%9D%A5%E8%87%AA%E4%BC%8A%E8%8B%8F%E7%9A%84%E5%86%92%E9%99%A9%E8%80%85,,,
american-gladiators,美国斗士,American Gladiators,,否,NES,GameTek,,1991年10月,,,,,
bo-jackson-baseball,波杰克森棒球,Bo Jackson Baseball,,否,NES,Data East,,1991年10月,,,,,
darkman,变形黑侠,Darkman,,否,NES,Ocean Software,,1991年10月,,,,,
home-alone,小鬼当家,Home Alone,,否,NES,THQ,,1991年10月,,,,,
pirates,海盗,Pirates!,,否,NES,Ultra Games,,1991年10月,,,,,
roger-clemens-mvp-baseball,罗杰克莱门斯之MVP棒球,Roger Clemens' MVP Baseball,,否,NES,LJN,,1991年10月,,,,,
trog,抢救龙蛋大作战,Trog!,,否,NES,Acclaim Entertainment,,1991年10月,,,,,
where-in-time-is-carmen-sandiego,卡门圣地牙哥时刻,Where in Time Is Carmen Sandiego?,,否,NES,科乐美,,1991年10月,,,,,
wolverine,特异功能组 - 金刚狼,Wolverine,,否,NES,LJN,,1991年10月,,,,,
chibi-maruko-chan-uki-uki-shopping,樱桃小丸子,Chibi Maruko Chan - Uki Uki Shopping,ちびまる子ちゃん うきうきショッピング,否,FC,南梦宫,1991年10月4日,,,,,,
karakuri-kengou-den-musashi-road-karakuri-nin-hashiru,忍者剑豪传,Karakuri Kengou Den - Musashi Road - Karakuri Nin Hashiru!,からくり剣豪伝ムサシロード,否,FC,Yutaka,1991年10月5日,,,,,,
sd-gundam-gaiden-knight-gundam-monogatari-2-hikari-no-ki,SD钢弹外传2：光之骑士,SD Gundam Gaiden - Knight Gundam Monogatari 2 - Hikari no Ki,SDガンダム外伝 ナイトガンダム物語2 光の騎士,否,FC,万代,1991年10月12日,,,,,,
chaos-world,混沌世界,Chaos World,カオスワールド,否,FC,Natsume,1991年10月25日,,,,,,
famimaga-disk-vol-5-puyo-puyo,法米杂志软盘系列05：魔法气泡,Famimaga Disk Vol.5 - Puyo Puyo,ぷよぷよ,否,FDS,徳间书店,1991年10月25日,,,,,,
great-deal,纸牌游戏,Great Deal,グレートディール,否,FC,Hect,1991年10月25日,,,,,,
time-zone,时空地带,Time Zone,たいむゾーン,否,FC,シグマ商事,1991年10月25日,,,,,,
shatterhand,特救指令,Shatterhand,特救指令ソルブレイン,是,FC/NES,Jaleco / Angel,1991年10月26日,1991年12月,1992年11月19日,,,,
barbie,芭比娃娃,Barbie,,否,NES,Hi Tech Expressions,,1991年11月,,https://zh.wikipedia.org/wiki/%E8%8A%AD%E6%AF%94%E5%A8%83%E5%A8%83_(1991%E5%B9%B4%E6%B8%B8%E6%88%8F),,,
eliminator-boat-duel,赛艇决斗,Eliminator Boat Duel,,否,NES,Electro Brain,,1991年11月,1993年4月29日,,,,
robin-hood-prince-of-thieves,罗宾汉 - 侠盗王子,Robin Hood: Prince of Thieves,,否,NES,Virgin Interactive,,1991年11月,1992年12月10日,,,,
sesame-street-a-b-c-1-2-3,,Sesame Street: A-B-C/1-2-3,,否,NES,Hi Tech Expressions,,1991年11月,,,,,
snow-brothers,雪人兄弟,Snow Brothers,スノーブラザーズ,是,FC/NES,卡普空 / 东亜プラン,1991年12月6日,1991年11月,,https://zh.wikipedia.org/wiki/%E9%9B%AA%E4%BA%BA%E5%85%84%E5%BC%9F,,,
space-shuttle-project,太空梭计划,Space Shuttle Project,,否,NES,Absolute Entertainment,,1991年11月,,,,,
star-wars,星际大战,Star Wars,,否,NES,北美：JVC欧洲：LucasArts,,1991年11月,1992年3月26日,,,,
the-bard-s-tale,,The Bard's Tale,,否,NES,FCI,,1991年11月,,,,,
wurm-journey-to-the-center-of-the-earth,地底大作战,Wurm: Journey to the Center of the Earth,地底戦空バゾルダー,是,FC/NES,Asmik / ソフエル,1991年11月15日,1991年11月,,,,,
hammerin-harry,大力工头,Hammerin' Harry,大工の源さん,是,FC/NES,Irem,1991年11月15日,,1992年,https://zh.wikipedia.org/wiki/%E5%A4%A7%E5%8A%9B%E5%B7%A5%E9%A0%AD,,,
radia-senki-reimei-hen,拉迪亚战记：黎明篇,Radia Senki - Reimei Hen,ラディア戦記 黎明篇,否,FC,特库摩,1991年11月15日,,,,,,
shounen-ashibe-nepal-dai-bouken-no-maki,少年亚吉具：尼泊尔大冒险之卷,Shounen Ashibe - Nepal Dai Bouken no Maki,少年アシベ ネパール大冒険の巻,否,FC,特佳丽,1991年11月15日,,,,,,
star-wars-victor-ongaku-sangyou,星球大战,Star Wars (Victor Ongaku Sangyou),スター・ウォーズ,否,FC,Victor音乐产业,1991年11月15日,,,https://zh.wikipedia.org/wiki/%E6%98%9F%E9%9A%9B%E5%A4%A7%E6%88%B0_(1991%E5%B9%B4%E9%81%8A%E6%88%B2),【雷文】红白机游戏终极鉴赏30期-1987年12月上篇 | 4K,10:31,https://www.bilibili.com/video/BV1VigSzME8z/?t=631
bases-loaded-4,满垒王 4,Bases Loaded 4,燃えプロ最強編,是,FC/NES,Jaleco,1991年11月22日,1993年4月,,,,,
minna-no-taabou-no-nakayoshi-dai-sakusen,大家一起连连看,Minna no Taabou no Nakayoshi Dai Sakusen,みんなのたあ坊なかよし大作戦,否,FC,Character Soft,1991年11月22日,,,,,,
pachio-kun-4,帕青夫君4,Pachio Kun 4,パチ夫くん4,否,FC,Coconuts Japan,1991年11月22日,,,,,,
america-oudan-ultra-quiz-shijou-saidai-no-tatakai,横贯美国大猜谜,America Oudan Ultra Quiz - Shijou Saidai no Tatakai,アメリカ横断ウルトラクイズ,否,FC,Tomy,1991年11月29日,,,,,,
famicom-igo-nyuumon,围棋入门,Famicom Igo Nyuumon,ファミコン囲碁入門,否,FC,アイマックス,1991年11月29日,,,,,,
rampart,领国战役,Rampart,ランパート,是,FC/NES,Jaleco / 科乐美,1991年11月29日,1992年1月,,,,,
batman-return-of-the-joker,蝙蝠侠 2 - 小丑的复仇,Batman: Return of the Joker,ダイナマイトバットマン,是,FC/NES,Sun电子,1991年12月20日,1991年12月,1992年11月19日,,,,
bill-elliott-s-nascar-challenge,比尔埃略特之云斯顿赛车锦标赛,Bill Elliott's NASCAR Challenge,,否,NES,科乐美,,1991年12月,,,,,
captain-america-and-the-avengers,美国队长与复仇者,Captain America and The Avengers,,否,NES,Data East,,1991年12月,,,,,
talespin,航空小英雄,TaleSpin,,否,NES,卡普空,,1991年12月,1992年9月24日,,,,
tecmo-super-bowl,Tecmo超级美式足球,Tecmo Super Bowl,テクモスーパーボウル,是,FC/NES,特库摩,1991年12月13日,1991年12月,,,,,
the-flintstones-the-rescue-of-dino-hoppy,摩登原始人,The Flintstones: The Rescue of Dino & Hoppy,フリントストーン,是,FC/NES,北美：太东欧洲：太东澳洲：美泰 / 太东,1992年8月7日,1991年12月,1992年4月30日,,,,
the-simpsons-bart-vs-the-world,,The Simpsons: Bart vs. the World,,否,NES,Acclaim Entertainment,,1991年12月,1992年10月22日,,,,
tiny-toon-adventures,兔宝宝大冒险,Tiny Toon Adventures,タイニートゥーン アドベンチャーズ,是,FC/NES,科乐美,1991年12月20日,1991年12月,1992年10月22日,,,,
tom-and-jerry,猫和老鼠,Tom and Jerry,トムとジェリー&タッフィー,是,FC/NES,Hi Tech Expressions / Arutoron,1992年11月13日,1991年12月,1992年10月22日,,,,
treasure-master,寻宝大师,Treasure Master,,否,NES,American Softworks,,1991年12月,,,,,
famicom-jump-2-saikyou-no-7-nin,任天堂JUMP：最强的七人/英雄列传2,Famicom Jump 2 - Saikyou no 7 Nin,ファミコンジャンプII 最強の7人,否,FC,万代,1991年12月2日,,,,,,
heisei-tensai-bakabon,平成天才：笨蛋波恩,Heisei Tensai Bakabon,平成天才バカボン,否,FC,南梦宫,1991年12月6日,,,,,,
mega-man-4,洛克人4 新的野心！！,Mega Man 4,ロックマン4 新たなる野望!!,是,FC/NES,卡普空,1991年12月6日,1992年1月,1993年1月21日,https://zh.wikipedia.org/wiki/%E6%B4%9B%E5%85%8B%E4%BA%BA4_%E6%96%B0%E7%9A%84%E9%87%8E%E5%BF%83%EF%BC%81%EF%BC%81,,,
gimmi-a-break-shijou-saikyou-no-quiz-ou-ketteisen,史上最强问题王,Gimmi a Break - Shijou Saikyou no Quiz Ou Ketteisen,ギミアぶれいく 史上最強のクイズ王決定戦,否,FC,Party Room 21[ヨネザワ],1991年12月13日,,,,,,
teenage-mutant-ninja-turtles-2,忍者神龟 曼哈顿计划,Teenage Mutant Ninja Turtles 2,T.M.N.T.2 ザ・マンハッタンプロジェクト,否,FC,科乐美,1991年12月13日,,,,,,
tetris-2-bombliss,俄罗斯方块2,Tetris 2 + Bombliss,テトリス2+ボンブリス,否,FC,BPS,1991年12月13日,,,,,,
toukyou-pachi-slot-adventure,东京帕青哥大冒险,Toukyou Pachi Slot Adventure,東京パチスロアドベンチャー,否,FC,Coconuts Japan,1991年12月13日,,,,,,
tsuru-pika-hagemaru-mezase-tsuru-seko-no-akashi,光头王子闯天关,Tsuru Pika Hagemaru - Mezase! Tsuru Seko no Akashi,つるピカハゲ丸 めざせ!つるセコの証,否,FC,Jaleco,1991年12月13日,,,,,,
yoshi,耀西的蛋,Yoshi,ヨッシーのたまご,是,FC/NES,任天堂,1991年12月14日,1992年6月,1992年12月30日,https://zh.wikipedia.org/wiki/%E8%80%80%E8%A5%BF%E7%9A%84%E8%9B%8B,,,
2nd-super-robot-wars,第2次超级机器人大战,2nd Super Robot Wars,第2次スーパーロボット大戦,否,FC,帕布雷斯特,1991年12月19日,,,https://zh.wikipedia.org/wiki/%E7%AC%AC2%E6%AC%A1%E8%B6%85%E7%B4%9A%E6%A9%9F%E5%99%A8%E4%BA%BA%E5%A4%A7%E6%88%B0,,,
asmik-kun-land,阿兹米克君,Asmik Kun Land,アスミッくんランド,否,FC,Asmik,1991年12月20日,,,,,,
bakushou-jinsei-gekijoh-3,爆笑人生剧场3,Bakushou Jinsei Gekijoh 3,爆笑!!人生劇場3,否,FC,太东,1991年12月20日,,,,,,
banana-prince,香蕉王子大冒险,Banana Prince,バナナン王子の大冒険,是,FC/NES,欧洲：Takara / 特佳丽,1991年12月20日,,1992年2月,,,,
famista-92,明星职棒92年度版,Famista '92,ファミスタ'92,否,FC,南梦宫,1991年12月20日,,,,,,
monster-maker-7-tsu-no-hihou,怪兽制造场：七个大密宝,Monster Maker - 7 Tsu no Hihou,モンスターメーカー 7つの秘宝,否,FC,ソフエル,1991年12月20日,,,,,,
paaman-part-2-himitsu-kessha-madoodan-wo-taose,叮当超人2/小超人帕门2,Paaman Part 2 - Himitsu Kessha Madoodan wo Taose!,パーマンPART2 秘密結社マドー団を倒せ!,否,FC,Irem,1991年12月20日,,,,,,
battle-storm,战斗风暴,Battle Storm,バトルストーム,否,FC,Party Room 21[ヨネザワ],1991年12月21日,,,,,,
best-keiba-derby-stallion,亚斯基德贝赛马,Best Keiba - Derby Stallion,ベスト競馬ダービースタリオン,否,FC,ASCII,1991年12月21日,,,,,,
choujin-sentai-jetman,鸟人战队：Jetman,Choujin Sentai - Jetman,鳥人戦隊ジェットマン,否,FC,Angel,1991年12月21日,,,,,,
nobunaga-no-yabou-bushou-fuuun-roku,信长之野望·武将风云录,Nobunaga no Yabou - Bushou Fuuun Roku,信長の野望・武将風雲録,否,FC,光荣,1991年12月21日,,,https://zh.wikipedia.org/wiki/%E4%BF%A1%E9%95%B7%E4%B9%8B%E9%87%8E%E6%9C%9B%C2%B7%E6%AD%A6%E5%B0%87%E9%A2%A8%E9%9B%B2%E9%8C%84,,,
sd-gundam-gachapon-senshi-4-new-type-story,SD钢弹扭蛋战士4：新类型故事,SD Gundam - Gachapon Senshi 4 - New Type Story,SDガンダムワールド ガチャポン戦士4 ニュータイプストーリー,否,FC,Yutaka,1991年12月21日,,,,,,
wacky-races,顽皮狗,Wacky Races,チキチキマシン猛レース,是,FC/NES,Atlus / アトラス,1991年12月25日,1992年5月,,,,,
hudson-hawk,终极神鹰,Hudson Hawk,ハドソン・ホーク,是,FC/NES,北美：Sony Imagesoft欧洲：Ocean Software / Epic-Sony,1991年12月27日,1992年2月,,,,,
the-blue-marlin,钓鱼模拟游戏：海钓王,The Blue Marlin,ザ・ブルーマリーン,是,FC/NES,Hot-B / HOT-B,1991年12月27日,1992年7月,,,,,
ultraman-club-3-matamata-shutsugeki-ultra-kyodai,怪兽超人俱乐部3：再次出击！超人兄弟,Ultraman Club 3 - Matamata Shutsugeki! Ultra Kyodai,ウルトラマン倶楽部3,否,FC,Yutaka,1991年12月29日,,,,,,
attack-of-the-killer-tomatoes,蕃茄杀手,Attack of the Killer Tomatoes,,否,NES,THQ,,1992年1月,,,,,
bucky-o-hare,月球英雄,Bucky O'Hare,バッキーオヘア,是,FC/NES,科乐美,1992年1月31日,1992年1月,1993年2月18日,,,,
cyberball,机器人橄榄球大赛,Cyberball,,否,NES,Jaleco,,1992年,,,,,
dropzone,降落区,Dropzone,,否,NES,Mindscape,,,1992年,https://zh.wikipedia.org/wiki/%E9%99%8D%E8%90%BD%E5%8C%BA,,,
goal-two,足球得点王 2,Goal! Two,GOAL!!,是,FC/NES,Jaleco,1992年9月25日,1992年11月,1992年,,,,
international-cricket,国际板球赛,International Cricket,,否,NES,美泰,,,1992年,,,,
kick-master,踢王,Kick Master,,否,NES,太东,,1992年1月,,,,,
konami-hyper-soccer,科乐美超级足球,Konami Hyper Soccer,,否,NES,科乐美,,,1992年,,,,
legends-of-the-diamond,,Legends of the Diamond,,否,NES,Bandai,,1992年1月,,,,,
monster-in-my-pocket,魔鬼总动员,Monster in My Pocket,,否,NES,科乐美,,1992年1月,,,,,
motor-city-patrol,都市赛车,Motor City Patrol,,否,NES,Matchbox,,1992年1月,,,,,
nightshade,百花百狼,Nightshade,,否,NES,Ultra Games,,1992年1月,,,,,
noah-s-ark,诺亚方舟,Noah's Ark,,否,NES,科乐美,,,1992年,,,,
the-addams-family,,The Addams Family,,否,NES,Ocean Software,,1992年1月,1992年12月,,,,
the-addams-family-pugsley-s-scavenger-hunt,,The Addams Family: Pugsley's Scavenger Hunt,,否,NES,Ocean Software,,1993年8月,1992年,,,,
the-legend-of-prince-valiant,,The Legend of Prince Valiant,,否,NES,Ocean Software,,,1992年,,,,
wheel-of-fortune-featuring-vanna-white,幸运之轮 凡娜·怀特版,Wheel of Fortune: Featuring Vanna White,,否,NES,GameTek,,1992年1月,,,,,
ganbare-goemon-gaiden-2-tenka-no-zaihou,大盗伍佑卫门外传2：天下的财宝,Ganbare Goemon Gaiden 2 - Tenka no Zaihou,がんばれゴエモン外伝2〜天下の財宝〜,否,FC,科乐美,1992年1月3日,,,,,,
pizza-pop,批萨大战,Pizza Pop!,ピザ・ポップ,否,FC,Jaleco,1992年1月7日,,,,,,
taiyou-no-yuusha-fighbird,太阳勇者,Taiyou no Yuusha Fighbird,太陽の勇者ファイバード,否,FC,Irem,1992年1月11日,,,,,,
business-wars,商场战争,Business Wars,ビジネス・ウォーズ,否,FC,Hect,1992年1月24日,,,,,,
fire-n-ice,所罗门之钥 2,Fire 'n Ice,ソロモンの鍵2,是,FC/NES,特库摩,1992年1月24日,1993年3月,1993年3月18日,,,,
the-bard-s-tale-2-the-destiny-knight,冰城传奇2：命运骑士,The Bard's Tale 2 - The Destiny Knight,バーズテイルII,否,FC,波丽佳音,1992年1月25日,,,,,,
shougi-meikan-92,将棋名鉴92,Shougi Meikan '92,将棋名鑑'92,否,FC,Hect,1992年1月30日,,,,,,
don-doko-don-2,木匠兄弟2,Don Doko Don 2,ドンドコドン2,否,FC,太东,1992年1月31日,,,,,,
mr-gimmick,吉米克！,Mr. Gimmick!,ギミック!,是,FC/NES,Sunsoft / Sun电子,1992年1月31日,,1993年5月19日,https://zh.wikipedia.org/wiki/%E5%90%89%E7%B1%B3%E5%85%8B%EF%BC%81,,,
f-15-strike-eagle,F-15打击之鹰,F-15 Strike Eagle,,否,NES,MicroProse,,1992年2月,1993年2月18日,,,,
godzilla-2-war-of-the-monsters,哥斯拉 2 - 怪兽之战争,Godzilla 2: War of the Monsters,,否,NES,东宝,,1992年2月,,,,,
m-c-kids,麦当劳小子,M.C. Kids,,否,NES,北美：Virgin Interactive欧洲：Ocean Software,,1992年2月,1993年5月19日,,,,
sesame-street-countdown,芝麻街 - 倒计时,Sesame Street: Countdown,,否,NES,Hi Tech Expressions,,1992年2月,,,,,
star-trek-25th-anniversary,星舰迷航记 25周年纪念版,Star Trek: 25th Anniversary,,否,NES,Ultra Games,,1992年2月,,,,,
teenage-mutant-ninja-turtles-iii-the-manhattan-project,忍者神龟 3 - 曼哈顿计划,Teenage Mutant Ninja Turtles III: The Manhattan Project,,否,NES,科乐美,,1992年2月,,,,,
terminator-2-judgment-day,终结者 2 - 审判日,Terminator 2: Judgment Day,,否,NES,LJN,,1992年2月,,,,,
f1-circus,F1竞赛场,F1 Circus,F1サーカス,否,FC,日本物产,1992年2月7日,,,,,,
ike-ike-nekketsu-hockey-bu-subette-koronde-dai-rantou,热血曲棍球,Ike Ike! Nekketsu Hockey Bu - Subette Koronde Dai Rantou,いけいけ熱血ホッケー部 すべってころんで大乱闘,否,FC,Technōs Japan,1992年2月7日,,,,,,
navy-blue,大海军战,Navy Blue,ネイビーブルー,否,FC,I'MAX,1992年2月14日,,,,,,
advanced-dungeons-dragons-dragons-of-flame,龙与地下城：神龙之谜,Advanced Dungeons & Dragons - Dragons of Flame,AD&Dドラゴンオブフレイム,否,FC,波丽佳音,1992年2月21日,,,,,,
puzslot,帕青嫂,Puzslot,パズロット,否,FC,Sammy,1992年2月28日,,,,,,
fisher-price-firehouse-rescue,营救消防站,Fisher-Price: Firehouse Rescue,,否,NES,GameTek,,1992年3月,,,,,
g-i-joe-the-atlantis-factor,G.I.JOE - 特种部队,G.I. Joe: The Atlantis Factor,,否,NES,卡普空,,1992年3月,,,,,
ghoul-school,幽灵学校,Ghoul School,,否,NES,Electro Brain,,1992年3月,,,,,
star-wars-the-empire-strikes-back,星际大战 - 帝国大反击,Star Wars: The Empire Strikes Back,スターウォーズ 帝国の逆襲,是,FC/NES,JVC / Victor音乐产业,1993年3月12日,1992年3月,,,,,
town-country-ii-thrilla-s-surfari,,Town & Country II: Thrilla's Surfari,,否,NES,Acclaim Entertainment,,1992年3月,,,,,
wizards-warriors-iii-kuros-visions-of-power,巫术 3 - 看见力量,Wizards & Warriors III: Kuros: Visions of Power,,否,NES,Acclaim Entertainment,,1992年3月,1993年1月21日,,,,
the-magic-candle,魔烛,The Magic Candle,マジックキャンドル,否,FC,Sammy,1992年3月6日,,,,,,
utsurun-desu,传染总动员,Utsurun Desu,伝染るんです。 かわうそハワイへ行く,否,FC,特佳丽,1992年3月6日,,,,,,
igo-shinan-92,围棋指南92,Igo Shinan '92,囲碁指南'92,否,FC,Hect,1992年3月10日,,,,,,
namco-classic-2,南梦宫高尔夫2,Namco Classic 2,ナムコクラシック2,否,FC,南梦宫,1992年3月13日,,,,,,
fire-emblem-gaiden,火焰之纹章外传,Fire Emblem Gaiden,ファイアーエムブレム外伝,否,FC,任天堂,1992年3月14日,,,https://zh.wikipedia.org/wiki/%E7%81%AB%E7%84%B0%E4%B9%8B%E7%BA%B9%E7%AB%A0%E5%A4%96%E4%BC%A0,,,
kyuukyoku-harikiri-koushien,究极甲子园,Kyuukyoku Harikiri Koushien,究極ハリキリ甲子園,否,FC,太东,1992年3月19日,,,,,,
soreike-anpanman-minna-de-hiking-game,徒步旅行游戏：面包超人,Soreike! Anpanman - Minna de Hiking Game!,それいけ!アンパンマン みんなでハイキングゲーム!,否,FC,Angel,1992年3月20日,,,,,,
super-momotarou-dentetsu,超级桃太郎电铁,Super Momotarou Dentetsu,SUPER桃太郎電鉄,否,FC,Hudson Soft,1992年3月20日,,,,,,
hello-kitty-world,凯蒂猫世界,Hello Kitty World,ハローキティワールド,否,FC,Character Soft,1992年3月27日,,,,,,
hook,铁钩船长,Hook,Hook(フック),是,FC/NES,北美：Sony Imagesoft欧洲：Ocean Software / Epic-Sony,1992年3月27日,1992年4月,,https://zh.wikipedia.org/wiki/%E9%93%81%E9%92%A9%E8%88%B9%E9%95%BF_(%E6%B8%B8%E6%88%8F),,,
plasma-ball,机器人弹珠柜,Plasma Ball,プラズマ・ボール,否,FC,Jaleco,1992年3月27日,,,,,,
honoo-no-toukyuuji-dodge-danpei,火炎斗球儿弹平,Honoo no Toukyuuji - Dodge Danpei,炎の闘球児 ドッジ弾平,否,FC,Sun电子,1992年3月28日,,,,,,
paperboy-2,送报童 2,Paperboy 2,,否,NES,Mindscape,,1992年4月,,,,,
the-mutant-virus-crisis-in-a-computer-world,,The Mutant Virus: Crisis in a Computer World,,否,NES,American Softworks,,1992年4月,,,,,
toxic-crusaders,毒魔侠,Toxic Crusaders,,否,NES,万代,,1992年4月,,,,,
ultimate-air-combat,铁鹰战士 3 - 终极空战,Ultimate Air Combat,,否,NES,动视,,1992年4月,,,,,
wizardry-ii-the-knight-of-diamonds,巫术II：钻石骑士,Wizardry II: The Knight of Diamonds,,否,NES,ASCII,,1992年4月,,https://zh.wikipedia.org/wiki/%E5%B7%AB%E6%9C%AFII%EF%BC%9A%E9%92%BB%E7%9F%B3%E9%AA%91%E5%A3%AB,,,
masuzoe-youichi-asa-made-famicom,舛添要一,Masuzoe Youichi - Asa Made Famicom,舛添要一 朝までファミコン,否,FC,Coconuts Japan,1992年4月17日,,,,,,
play-school-soft-hirake-ponkikki,幼儿教育软体：打开吧！朋基基,Play School Soft - Hirake! Ponkikki,プレスクールソフト ひらけ!ポンキッキ,否,FC,特佳丽,1992年4月17日,,,,,,
panic-restaurant,超级厨师之美食家世界,Panic Restaurant,わんぱくコックンのグルメワールド,是,FC/NES,太东,1992年4月24日,1992年8月,1994年5月26日,,,,
hyokkori-hyoutan-jima-nazo-no-kaizokusen,葫芦岛之旅,Hyokkori Hyoutan Jima - Nazo no Kaizokusen,ひょっこりひょうたん島 -なぞのかいぞくせん-,否,FC,Yutaka,1992年4月25日,,,,,,
clu-clu-land-welcome-to-new-cluclu-land,豆豆迷魂阵,Clu Clu Land - Welcome to New Cluclu Land,クルクルランド,否,FDS,任天堂,1992年4月28日,,,,,,
race-america,,Race America,,否,NES,北美：Absolute Entertainment欧洲：Milton Bradley Company,,1992年5月,,,,,
roundball-2-on-2-challenge,二对二篮球挑战赛,Roundball: 2 on 2 Challenge,,否,NES,Mindscape,,1992年5月,,,,,
mahjong-taisen,麻将大战,Mahjong Taisen,麻雀大戦,否,FC,日本物产,1992年5月20日,,,,,,
project-q,猜谜项目Q,Project Q,プロジェクトQ,否,FC,Hect,1992年5月29日,,,,,,
day-dreamin-davey,大卫之幻想历险记,Day Dreamin' Davey,,否,NES,HAL America Inc,,1992年6月,,,,,
disney-s-darkwing-duck,,Disney's Darkwing Duck,,否,NES,卡普空,,1992年6月,1993年12月9日,,,,
ferrari-grand-prix-challenge,法拉利挑战赛,Ferrari Grand Prix Challenge,フェラーリ Grand Prix Challenge,是,FC/NES,Acclaim Entertainment / Coconuts Japan,1992年11月13日,1992年6月,1992年6月,,,,
king-s-quest-v-absence-makes-the-heart-go-yonder,,King's Quest V: Absence Makes the Heart Go Yonder!,,否,NES,科乐美,,1992年6月,,,,,
power-punch-ii,威力拳击 2,Power Punch II,,否,NES,American Softworks,,1992年6月,,,,,
capcom-s-gold-medal-challenge-92,卡普空的金牌挑战 '92,Capcom's Gold Medal Challenge '92,CAPCOMバルセロナ'92,是,FC/NES,卡普空,1992年6月5日,1992年8月,1993年6月17日,,,,
sangokushi-2-haou-no-tairiku,三国志II 霸王的大陆,Sangokushi 2 - Haou no Tairiku,三国志II 覇王の大陸,否,FC,南梦宫,1992年6月10日,,,https://zh.wikipedia.org/wiki/%E4%B8%89%E5%9B%BD%E5%BF%97II_%E9%9C%B8%E7%8E%8B%E7%9A%84%E5%A4%A7%E9%99%86,,,
magical-taruruuto-kun-2-mahou-dai-bouken,魔法台风2,Magical Taruruuto Kun 2 - Mahou Dai Bouken,まじかるタルるートくん2 まほうだいぼうけん,否,FC,万代,1992年6月19日,,,,,,
crash-n-the-boys-street-challenge,热血新纪录,Crash 'n the Boys: Street Challenge,びっくり熱血新記録 はるかなる金メダル,是,FC/NES,Technōs Japan,1992年6月26日,1992年10月,,https://zh.wikipedia.org/wiki/%E7%86%B1%E8%A1%80%E6%96%B0%E7%B4%80%E9%8C%84,,,
esper-dream-2-aratanaru-tatakai,小超人2：新的战斗,Esper Dream 2 - Aratanaru Tatakai,エスパードリーム2 新たなる戦い,否,FC,科乐美,1992年6月26日,,,,,,
little-samson,圣铃传说,Little Samson,聖鈴伝説リックル,是,FC/NES,太东,1992年6月26日,1992年11月,1993年3月18日,,,,
seiryaku-simulation-inbou-no-wakusei-shancara,阴谋惑星,Seiryaku Simulation - Inbou no Wakusei - Shancara,陰謀の惑星 シャンカラ,否,FC,アイジーエス,1992年6月26日,,,,,,
terminator-2-judgement-day,魔鬼终结者2,Terminator 2 - Judgement Day,ターミネーター2,否,FC,Pack-In-Video,1992年6月26日,,,,,,
advanced-dungeons-dragons-dragonstrike,高级地下城与龙 - 龙击,Advanced Dungeons & Dragons: DragonStrike,,否,NES,FCI,,1992年7月,,,,,
baseball-stars-2,,Baseball Stars 2,,否,NES,Romstar,,1992年7月,,,,,
defenders-of-dynatron-city,城市保卫战,Defenders of Dynatron City,,否,NES,JVC,,1992年7月,,,,,
greg-norman-s-golf-power,葛瑞诺曼的威力高尔夫,Greg Norman's Golf Power,,否,NES,Virgin Interactive,,1992年7月,,,,,
the-golf-92,高尔夫92,The Golf '92,THE GOLF'92,否,FC,ジーオーワン,1992年7月3日,,,,,,
mitsume-ga-tooru,三目童子,Mitsume ga Tooru,三つ目がとおる,否,FC,Tomy,1992年7月17日,,,https://zh.wikipedia.org/wiki/%E4%B8%89%E7%9B%AE%E7%AB%A5%E5%AD%90,,,
red-ariimaa-2,红魔冒险II/魔界村外传,Red Ariimaa 2,レッドアリーマーII,否,FC,卡普空,1992年7月17日,,,,,,
sanrio-cup-pon-pon-volley,动物排球赛/三立鸥杯排球赛,Sanrio Cup - Pon Pon Volley,サンリオカップポンポンバレー,否,FC,Character Soft,1992年7月17日,,,,,,
summer-carnival-92-recca,夏日嘉年华'92 烈火,Summer Carnival '92 - Recca,サマーカーニバル'92烈火,否,FC,加贺电子,1992年7月17日,,,https://zh.wikipedia.org/wiki/%E5%A4%8F%E6%97%A5%E5%98%89%E5%B9%B4%E8%8F%AF%2792_%E7%83%88%E7%81%AB,,,
pachinko-dai-sakusen-2,柏青哥大作战2,Pachinko Dai Sakusen 2,パチンコ大作戦2,否,FC,Coconuts Japan,1992年7月19日,,,,,,
kick-off,足球,Kick Off,,否,NES,Imagineer,,,1992年7月22日,,,,
silva-saga,魔界佣兵,Silva Saga,シルヴァ・サーガ,否,FC,Seta,1992年7月24日,,,,,,
toukon-club,斗魂俱乐部,Toukon Club,闘魂倶楽部,否,FC,Jaleco,1992年7月24日,,,,,,
mahou-no-princess-minky-momo-remember-dream,魔法公主,Mahou no Princess Minky Momo - Remember Dream,魔法のプリンセス ミンキーモモ,否,FC,Yutaka,1992年7月29日,,,,,,
adventure-island-3,高桥名人之冒险岛III,Adventure Island 3,高橋名人の冒険島III,是,FC/NES,Hudson Soft,1992年7月31日,1992年9月,,https://zh.wikipedia.org/wiki/%E9%AB%98%E6%A1%A5%E5%90%8D%E4%BA%BA%E4%B9%8B%E5%86%92%E9%99%A9%E5%B2%9BIII,,,
danny-sullivan-s-indy-heat,丹尼苏利凡之印地赛车,Danny Sullivan's Indy Heat,,否,NES,Tradewest,,1992年8月,,,,,
robocop-3,机器战警 3,RoboCop 3,,否,NES,Ocean Software,,1992年8月,1994年7月28日,,,,
aces-iron-eagle-3,铁鹰战士,Aces - Iron Eagle 3,エイセス・アイアンイーグル3,否,FC,Pack-In-Video,1992年8月7日,,,,,,
dragon-ball-z-3-ressen-jinzou-ningen,七龙珠ZIII 烈战人造人,Dragon Ball Z 3 - Ressen Jinzou Ningen,ドラゴンボールZIII 烈戦人造人間,否,FC,万代,1992年8月7日,,,https://zh.wikipedia.org/wiki/%E4%B8%83%E9%BE%8D%E7%8F%A0ZIII_%E7%83%88%E6%88%B0%E4%BA%BA%E9%80%A0%E4%BA%BA,,,
gimmi-a-break-shijou-saikyou-no-quiz-ou-ketteisen-2,史上最强问题王2,Gimmi a Break - Shijou Saikyou no Quiz Ou Ketteisen 2,ギミアぶれいく 史上最強のクイズ王決定戦2,否,FC,Party Room 21[ヨネザワ],1992年8月28日,,,,,,
moon-crystal,月水晶,Moon Crystal,ムーンクリスタル,否,FC,Hect,1992年8月28日,,,,,,
derby-stallion-zenkoku-ban,德贝赛马全国版,Derby Stallion - Zenkoku Ban,ダービースタリオン 全国版,否,FC,ASCII,1992年8月29日,,,,,,
contra-force,魂斗罗 Force,Contra Force,,否,NES,科乐美,,1992年9月,,https://zh.wikipedia.org/wiki/%E9%AD%82%E6%96%97%E7%BE%85_Force,,,
krusty-s-fun-house,辛普森一家 - 超级欢乐屋,Krusty's Fun House,,否,NES,Acclaim Entertainment,,1992年9月,,,【雷文】红白机游戏终极鉴赏90期-1991年2月上篇 | 4K,23:41,https://www.bilibili.com/video/BV14QK36fEFZ/?t=1421
the-blues-brothers,,The Blues Brothers,,否,NES,Titus Software,,1992年9月,,,,,
wwf-wrestlemania-steel-cage-challenge,WWF摔跤 - 铁笼挑战赛,WWF WrestleMania: Steel Cage Challenge,,否,NES,Acclaim Entertainment,,1992年9月,,,,,
1999-hore-mitakotoka-seikimatsu,1999世纪末,"1999 - Hore, Mitakotoka! Seikimatsu",1999ほれ、見たことか!世紀末,否,FC,Coconuts Japan,1992年9月18日,,,,,,
dream-master,梦境之王,Dream Master,ドリームマスター,否,FC,南梦宫,1992年9月22日,,,,,,
power-blade-2,刀锋斗士 2,Power Blade 2,キャプテンセイバー,是,FC/NES,太东,1992年9月29日,1992年10月,,,,,
mickey-mouse-3-yume-fuusen,米老鼠3,Mickey Mouse 3 - Yume Fuusen,ミッキーマウスIII 夢ふうせん,否,FC,KEMCO,1992年9月30日,,,,,,
felix-the-cat,菲力猫,Felix the Cat,,否,NES,Hudson Soft,,1992年10月,,,,,
gargoyle-s-quest-ii,石像鬼之谜 2,Gargoyle's Quest II,,否,NES,卡普空,,1992年10月,1993年6月17日,,,,
home-alone-2-lost-in-new-york,小鬼当家 2 - 纽约迷途记,Home Alone 2: Lost in New York,,否,NES,THQ,,1992年10月,,,,,
legend-of-the-ghost-lion,,Legend of the Ghost Lion,,否,NES,Kemco,,1992年10月,,,,,
spider-man-return-of-the-sinister-six,蜘蛛人 - 凶恶六人组的复仇,Spider-Man: Return of the Sinister Six,,否,NES,LJN,,1992年10月,,,,,
stanley-the-search-for-dr-livingston,大探险家史丹立 - 李文斯顿的足迹追踪,Stanley: The Search for Dr. Livingston,,否,NES,Electro Brain,,1992年10月,,,,,
shaffle-fight,英雄大战,Shaffle Fight,シャッフルファイト,否,FC,帕布雷斯特,1992年10月9日,,,,,,
best-play-pro-yakyuu-special,亚斯基职业棒球特别版,Best Play Pro Yakyuu Special,ベストプレープロ野球スペシャル,否,FC,ASCII,1992年10月16日,,,,,,
top-striker,顶级足球员,Top Striker,トップストライカー,否,FC,南梦宫,1992年10月22日,,,,,,
sd-gundam-gaiden-knight-gundam-monogatari-3-densetsu-no,SD钢弹外传3：骑士钢弹物语,SD Gundam Gaiden - Knight Gundam Monogatari 3 - Densetsu no,SDガンダム外伝 ナイトガンダム物語3 伝説の騎士団,否,FC,万代,1992年10月23日,,,,,,
double-moon-densetsu,变月传说,Double Moon Densetsu,ダブルムーン伝説,否,FC,Masaya[日本Computer System],1992年10月30日,,,,,,
james-bond-jr,少年詹姆斯·庞德,James Bond Jr.,,否,NES,THQ,,1992年11月,,,,,
lemmings,百战小旅鼠,Lemmings,,否,NES,Sun电子,,1992年11月,1993年5月19日,https://zh.wikipedia.org/wiki/%E7%99%BE%E6%88%B0%E5%B0%8F%E6%97%85%E9%BC%A0,,,
prince-of-persia,波斯王子,Prince of Persia,,否,NES,Virgin Interactive,,1992年11月,1993年4月29日,https://zh.wikipedia.org/wiki/%E6%B3%A2%E6%96%AF%E7%8E%8B%E5%AD%90_(1989%E5%B9%B4%E9%81%8A%E6%88%B2),,,
tecmo-nba-basketball,Tecmo美国职篮,Tecmo NBA Basketball,,否,NES,特库摩,,1992年11月,,,,,
widget,威奇精灵,Widget,,否,NES,Atlus,,1992年11月,,,,,
kyouryuu-sentai-juuranger,恐龙战队,Kyouryuu Sentai Juuranger,恐竜戦隊ジュウレンジャー,否,FC,Angel,1992年11月6日,,,,,,
columbus-ougon-no-yoake,哥伦布传：黄金的拂晓,Columbus - Ougon no Yoake,コロンブス,否,FC,Tomy,1992年11月20日,,,,,,
igo-shinan-93,围棋指南93,Igo Shinan '93,囲碁指南'93,否,FC,Hect,1992年11月20日,,,,,,
yoshi-s-cookie,耀西的饼干,Yoshi's Cookie,ヨッシーのクッキー,是,FC/NES,任天堂,1992年11月21日,1993年4月,1994年4月28日,https://zh.wikipedia.org/wiki/%E8%80%80%E8%A5%BF%E7%9A%84%E9%A4%85%E4%B9%BE,,,
tiny-toon-adventures-2-montana-land-he-youkoso,兔宝宝历险记2,Tiny Toon Adventures 2 - Montana Land he Youkoso,タイニートゥーン アドベンチャーズ2 モンタナランドへようこそ,否,FC,科乐美,1992年11月27日,,,,,,
best-of-the-best-championship-karate,精英份子 - 自由搏击冠军赛,Best of the Best: Championship Karate,,否,NES,北美：Electro Brain欧洲：Loriciels,,1992年12月,,,,,
caesars-palace,凯萨宫大饭店,Caesars Palace,,否,NES,Virgin Interactive,,1992年12月,,,,,
f-117a-stealth-fighter,F-117A战斗机,F-117A Stealth Fighter,,否,NES,MicroProse,,1992年12月,,,,,
george-foreman-s-ko-boxing,乔治福尔曼的击倒拳击,George Foreman's KO Boxing,,否,NES,Acclaim Entertainment,,1992年12月,1992年12月,,,,
joe-mac,战斗原始人,Joe & Mac,,否,NES,Data East,,1992年12月,,https://zh.wikipedia.org/wiki/%E6%88%98%E6%96%97%E5%8E%9F%E5%A7%8B%E4%BA%BA,,,
mega-man-5,洛克人5 布鲁斯的陷阱！？,Mega Man 5,ロックマン5 ブルースの罠!?,是,FC/NES,卡普空,1992年12月4日,1992年12月,1993年11月18日,https://zh.wikipedia.org/wiki/%E6%B4%9B%E5%85%8B%E4%BA%BA5_%E5%B8%83%E9%AD%AF%E6%96%AF%E7%9A%84%E9%99%B7%E9%98%B1%EF%BC%81%EF%BC%9F,,,
r-c-pro-am-ii,遥控车混合赛 2,R.C. Pro-Am II,,否,NES,Tradewest,,1992年12月,1993年9月23日,,,,
swamp-thing,沼泽怪,Swamp Thing,,否,NES,THQ,,1992年12月,,,,,
the-adventures-of-rocky-and-bullwinkle-and-friends,,The Adventures of Rocky and Bullwinkle and Friends,,否,NES,THQ,,1992年12月,,,,,
the-great-waldo-search,,The Great Waldo Search,,否,NES,THQ,,1992年12月,,,,,
the-jetsons-cogswell-s-caper,杰森一家,The Jetsons: Cogswell's Caper!,ジェットソン Cogswell's Caper!,是,FC/NES,太东,1993年4月23日,1992年12月,1993年8月26日,,,,
the-simpsons-bartman-meets-radioactive-man,,The Simpsons: Bartman Meets Radioactive Man,,否,NES,Acclaim Entertainment,,1992年12月,,,,,
the-terminator,,The Terminator,,否,NES,Mindscape,,1992年12月,,,,,
tiny-toon-adventures-cartoon-workshop,兔宝宝大冒险 - 卡通工作室,Tiny Toon Adventures Cartoon Workshop,,否,NES,科乐美,,1992年12月,,,,,
young-indiana-jones-chronicles,少年印第安纳琼斯大冒险,Young Indiana Jones Chronicles,,否,NES,Jaleco,,1992年12月,,https://zh.wikipedia.org/wiki/%E5%B0%91%E5%B9%B4%E5%8D%B0%E7%AC%AC%E5%AE%89%E7%BA%B3%E7%90%BC%E6%96%AF%E5%A4%A7%E5%86%92%E9%99%A9_(%E6%B8%B8%E6%88%8F),,,
chiisana-obake-acchi-socchi-kocchi,小小妖怪阿奇、柯奇、索奇,Chiisana Obake - Acchi Socchi Kocchi,ちいさなおばけアッチコッチソッチ,否,FC,VAP,1992年12月4日,,,,,,
shougi-meikan-93,将棋名鉴93,Shougi Meikan '93,将棋名鑑'93,否,FC,Hect,1992年12月4日,,,,,,
wagan-land-3,瓦强世界3,Wagan Land 3,ワギャンランド3,否,FC,南梦宫,1992年12月8日,,,,,,
hello-kitty-no-ohanabatake,凯蒂猫的花园,Hello Kitty no Ohanabatake,ハローキティのおはなばたけ,否,FC,Character Soft,1992年12月11日,,,,,,
rod-land,罗德大陆,Rod Land,妖精物語ロッドランド,是,FC/NES,Jaleco,1992年12月11日,,1993年,,,,
just-breed,光荣圣战,Just Breed,ジャストブリード,否,FC,史克威尔,1992年12月15日,,,,,,
barcode-world,条码世界,Barcode World,バーコードワールド,否,FC,Sun电子,1992年12月18日,,,,,,
famimaga-disk-vol-6-janken-disk-jou,法米杂志软盘系列06：软盘之城,Famimaga Disk Vol. 6 - Janken Disk Jou,じゃんけんディスク城,否,FDS,徳间书店,1992年12月22日,,,,,,
famista-93,明星职棒93年度版,Famista '93,ファミスタ'93,否,FC,南梦宫,1992年12月22日,,,,,,
sd-gundam-gachapon-senshi-5-battle-of-universal-century,SD钢弹扭蛋战士5：宇宙世纪的战斗,SD Gundam - Gachapon Senshi 5 - Battle of Universal Century,SDガンダムワールド ガチャポン戦士5 BATTLE OF UNIVERSAL CENTURY,否,FC,Yutaka,1992年12月22日,,,,,,
nekketsu-kakutou-densetsu,热血格斗传说,Nekketsu Kakutou Densetsu,熱血格闘伝説,否,FC,Technōs Japan,1992年12月23日,,,https://zh.wikipedia.org/wiki/%E7%86%B1%E8%A1%80%E6%A0%BC%E9%AC%A5%E5%82%B3%E8%AA%AA,,,
aa-yakyuu-jinsei-icchokusen,野球人生,Aa! Yakyuu Jinsei Icchokusen,嗚呼!野球人生一直線,否,FC,Sammy,1992年12月25日,,,,,,
great-battle-cyber,英雄挑战,Great Battle Cyber,グレイトバトルサイバー,否,FC,帕布雷斯特,1992年12月25日,,,,,,
ultraman-club-kaijuu-dai-kessen,怪兽超人俱乐部：怪兽大决战,Ultraman Club - Kaijuu Dai Kessen!,ウルトラマン倶楽部,否,FC,Angel,1992年12月25日,,,,,,
datach-dragon-ball-z-gekitou-tenkaichi-budou-kai,读卡机系列：七龙珠Z-天下武道会,Datach - Dragon Ball Z - Gekitou Tenkaichi Budou Kai,ドラゴンボールZ 激闘天下一武道会,否,FC,万代,1992年12月29日,,,,,,
alfred-chicken,神鸡艾烈佛,Alfred Chicken,,否,NES,Mindscape,,1994年2月,1993年,,,,
asterix,美丽新世界,Asterix,,否,NES,欧洲：英宝格,,,1993年,,,,
batman-returns,蝙蝠侠 3 - 大显神威,Batman Returns,,否,NES,科乐美,,1993年1月,,,,,
battleship,海战风云,Battleship,,否,NES,Mindscape,,1993年9月,1993年,,,,
break-time-the-national-pool-tour,休闲时间 - 全国撞球巡回赛,Break Time: The National Pool Tour,,否,NES,FCI,,1993年1月,,,,,
formula-one-sensation,,Formula One Sensation,,否,NES,Palcom,,,1993年,,,,
overlord,领主之战,Overlord,,否,NES,Virgin Interactive,,1993年1月,,,,,
rackets-rivals,网球联赛,Rackets & Rivals,,否,NES,Palcom,,,1993年,,,,
ultima-v-warriors-of-destiny,,Ultima V: Warriors of Destiny,,否,NES,FCI,,1993年1月,,,,,
sanrio-carnival-2,动物方块2/三立鸥嘉年华会2,Sanrio Carnival 2,サンリオカーニバル2,否,FC,Character Soft,1993年1月14日,,,,,,
wily-light-no-rockboard-that-s-paradise,洛克人大富翁,Wily & Light no Rockboard - That's Paradise,ワイリー&ライトのロックボード ザッツパラダイス,否,FC,卡普空,1993年1月15日,,,,,,
kamen-rider-sd-guranshokkaa-no-yabou,SD假面骑士,Kamen Rider SD - Guranshokkaa no Yabou,仮面ライダーSD グランショッカーの野望,否,FC,Angel,1993年1月22日,,,,,,
f-1-sensation,F1赛车,F-1 Sensation,F-1 SENSATION,否,FC,科乐美,1993年1月29日,,,,,,
rollerblade-racer,直排轮大挑战,Rollerblade Racer,,否,NES,Hi Tech Expressions,,1993年2月,,,,,
battle-baseball,战斗棒球,Battle Baseball,バトルベースボール,否,FC,帕布雷斯特,1993年2月19日,,,,【雷文】红白机游戏终极鉴赏86期-1990年12月中篇 | 4K,20:31,https://www.bilibili.com/video/BV11Tjz6fEYQ/?t=1231
kero-kero-keroppi-no-dai-bouken-2-donuts-ike-ha-oosawagi,青蛙大冒险,Kero Kero Keroppi no Dai Bouken 2 - Donuts Ike ha Oosawagi,けろけろけろっぴの大冒険2 ドーナツ池はおおさわぎ!,否,FC,Character Soft,1993年2月19日,,,,,,
alien3,异形 3,Alien3,,否,NES,LJN,,1993年3月,,,,,
mickey-s-safari-in-letterland,米老鼠之字母岛大冒险,Mickey's Safari in Letterland,,否,NES,Hi Tech Expressions,,1993年3月,,,,,
zen-the-intergalactic-ninja,,Zen the Intergalactic Ninja,,否,NES,科乐美,,1993年3月,,,,,
bubble-bobble-part-2,泡泡龙 2,Bubble Bobble Part 2,バブルボブル2,是,FC/NES,太东,1993年3月5日,1993年8月,,,,,
mezase-top-pro-green-ni-kakeru-yume,职业高尔夫,Mezase Top Pro - Green ni Kakeru Yume,めざせ!トッププロ グリーンに賭ける夢,否,FC,Jaleco,1993年3月5日,,,,,,
pro-sport-hockey,美国冰上曲棍球,Pro Sport Hockey,USA ICE HOCKEY in FC,是,FC/NES,Jaleco,1993年3月6日,1993年11月,,,,,
casino-derby,竞马大赛场,Casino Derby,カジノダービー,否,FC,Party Room 21[ヨネザワ],1993年3月19日,,,,,,
pyokotan-no-dai-meiro,大迷路,Pyokotan no Dai Meiro,ぴょこたんの大迷路,否,FC,Sun电子,1993年3月19日,,,,,,
kirby-s-adventure,星之卡比 梦之泉物语,Kirby's Adventure,星のカービィ 夢の泉の物語,是,FC/NES,任天堂 HAL America Inc / 任天堂,1993年3月23日,1993年5月,1993年12月9日,https://zh.wikipedia.org/wiki/%E6%98%9F%E4%B9%8B%E5%8D%A1%E6%AF%94_%E5%A4%A2%E4%B9%8B%E6%B3%89%E7%89%A9%E8%AA%9E,,,
aoki-ookami-to-shiroki-mejika-genchou-hishi,苍狼与白鹿 元朝秘史,Aoki Ookami to Shiroki Mejika - Genchou Hishi,蒼き狼と白き牝鹿・元朝秘史,否,FC,光荣,1993年3月25日,,,https://zh.wikipedia.org/wiki/%E8%8B%8D%E7%8B%BC%E4%B8%8E%E7%99%BD%E9%B9%BF_%E5%85%83%E6%9C%9D%E7%A7%98%E5%8F%B2,,,
ai-sensei-no-oshiete-watashi-no-hoshi,爱先生,Ai Sensei no Oshiete - Watashi no Hoshi,愛先生のO・SHI・E・TEわたしの星,否,FC,Irem,1993年3月26日,,,,,,
honoo-no-toukyuuji-dodge-danpei-2,火炎斗球儿-弹平2,Honoo no Toukyuuji - Dodge Danpei 2,炎の闘球児 ドッジ弾平2,否,FC,Sun电子,1993年3月26日,,,,,,
moero-twinbee-cinnamon-hakase-wo-sukue,兵蜂2：拯救西那蒙博士,Moero TwinBee - Cinnamon Hakase wo Sukue!,もえろツインビー シナモン博士を救え!,否,FC/FDS,科乐美,1993年3月26日,,,,,,
kaiketsu-yanchamaru-3-taiketsu-zouringen,快杰洋枪3,Kaiketsu Yanchamaru 3 - Taiketsu! Zouringen,快傑ヤンチャ丸3 対決!ゾウリンゲン,否,FC,Irem,1993年3月30日,,,,,,
casino-kid-2,,Casino Kid 2,,否,NES,SOFEL,,1993年4月,,,,,
kid-klown-in-night-mayor-world,小丑王子大冒险,Kid Klown in Night Mayor World,,否,NES,Kemco,,1993年4月,,,,,
lethal-weapon,致命武器,Lethal Weapon,,否,NES,Ocean Software,,1993年4月,,,,,
tiny-toon-adventures-2-trouble-in-wackyland,兔宝宝大冒险 2 - 蒙大拿岛历险记,Tiny Toon Adventures 2: Trouble in Wackyland,,否,NES,科乐美,,1993年4月,1994年1月27日,,,,
datach-sd-gundam-gundam-wars,读卡机系列：SD钢弹-钢弹大战,Datach - SD Gundam - Gundam Wars,データック SDガンダム ガンダムウォーズ,否,FC,万代,1993年4月23日,,,,,,
datach-ultraman-club-supokon-fight,读卡机系列：超人俱乐部,Datach - Ultraman Club - Supokon Fight!,ウルトラマン倶楽部 スポ根ファイト!,否,FC,万代,1993年4月23日,,,,,,
ducktales-2,唐老鸭梦冒险2,DuckTales 2,ダックテイルズ2,是,FC/NES,卡普空,1993年4月23日,1993年6月,1993年11月18日,https://zh.wikipedia.org/wiki/%E5%94%90%E8%80%81%E9%B8%AD%E6%A2%A6%E5%86%92%E9%99%A92,,,
kunio-kun-no-nekketsu-soccer-league,热血足球2,Kunio Kun no Nekketsu Soccer League,くにおくんの熱血サッカーリーグ,否,FC,Technōs Japan,1993年4月23日,,,,【雷文】红白机游戏终极鉴赏69期-1990年5月篇 | 4K,09:19,https://www.bilibili.com/video/BV18L6iBJEdx/?t=559
gorilla-man,猩猩男,Gorilla Man,ゴリラーマン,否,FC,Party Room 21[ヨネザワ],1993年4月28日,,,,,,
joy-mecha-fight,机器人战斗,Joy Mecha Fight,ジョイメカファイト,否,FC,任天堂,1993年5月21日,,,,,,
battletoads-double-dragon,忍者蛙与双截龙,Battletoads & Double Dragon,,否,NES,Tradewest,,1993年6月,,https://zh.wikipedia.org/wiki/%E5%BF%8D%E8%80%85%E8%9B%99%E4%B8%8E%E5%8F%8C%E6%88%AA%E9%BE%99,,,
cool-world,美女闯天关,Cool World,,否,NES,Ocean Software,,1993年6月,,,,,
jurassic-park,侏罗纪公园,Jurassic Park,,否,NES,Ocean Software,,1993年6月,1993年12月28日,,,,
mighty-final-fight,Mighty 快打旋风,Mighty Final Fight,マイティファイナルファイト,是,FC/NES,卡普空,1993年6月11日,1993年7月,,https://zh.wikipedia.org/wiki/Mighty_%E5%BF%AB%E6%89%93%E6%97%8B%E9%A3%8E,,,
pachio-kun-5,帕青夫君5,Pachio Kun 5,パチ夫くん5,否,FC,Coconuts Japan,1993年6月18日,,,,,,
j-league-fighting-soccer-the-king-of-ace-strikers,J联盟战斗足球,J League Fighting Soccer - The King of Ace Strikers,Jリーグファイティングサッカー,否,FC,アイジーエス,1993年6月19日,,,,,,
color-a-dinosaur,恐龙着色家,Color a Dinosaur,,否,NES,Virgin Interactive,,1993年7月,,,,,
mario-is-missing,失踪马里奥,Mario Is Missing!,,否,NES,Mindscape,,1993年7月,,,,,
ushio-to-tora-shinen-no-daiyou,魔力大马：深渊的大妖,Ushio to Tora - Shinen no Daiyou,うしおととら 深淵の大妖,否,FC,Yutaka,1993年7月9日,,,,,,
super-turrican,超级星际战士,Super Turrican,,否,NES,Imagineer,,,1993年7月22日,,,,
puyo-puyo,魔法气泡,Puyo Puyo,ぷよぷよ,否,FC,德间书店,1993年7月23日,,,,,,
bonk-s-adventure,FC原人,Bonk's Adventure,FC原人,是,FC/NES,Hudson Soft,1993年7月30日,1994年1月,,https://zh.wikipedia.org/wiki/PC%E5%8E%9F%E4%BA%BA,,,
kouryuu-densetsu-villgust-gaiden,甲龙传说外传,Kouryuu Densetsu Villgust Gaiden,甲竜伝説ヴィルガスト外伝,否,FC,Angel,1993年7月30日,,,,,,
dragon-ball-z-gaiden-saiya-jin-zetsumetsu-keikaku,七龙珠Z外传 赛亚人灭绝计划,Dragon Ball Z Gaiden - Saiya Jin Zetsumetsu Keikaku,ドラゴンボールZ外伝 サイヤ人絶滅計画,否,FC,万代,1993年8月6日,,,https://zh.wikipedia.org/wiki/%E4%B8%83%E9%BE%8D%E7%8F%A0Z%E5%A4%96%E5%82%B3_%E8%B3%BD%E4%BA%9E%E4%BA%BA%E6%BB%85%E7%B5%95%E8%A8%88%E7%95%AB,,,
crayon-shin-chan-ora-to-poi-poi,蜡笔小新,Crayon Shin Chan - Ora to Poi Poi,クレヨンしんちゃん オラとポイポイ,否,FC,万代,1993年8月27日,,,,,,
datach-crayon-shin-chan-ora-to-poi-poi,读卡机系列：蜡笔小新,Datach - Crayon Shin Chan - Ora to Poi Poi,クレヨンしんちゃん オラとポイポイ（データック版）,否,FC,万代,1993年8月27日,,,,,,
bram-stoker-s-dracula,吸血鬼德古拉,Bram Stoker's Dracula,,否,NES,Sony Imagesoft,,1993年9月,,,,,
star-trek-the-next-generation,星舰迷航记 - 银河飞龙,Star Trek: The Next Generation,,否,NES,Absolute Entertainment,,1993年9月,,,,,
pachi-slot-adventure-2-sorotta-kun-no-pachi-slot-tanteidan,帕青哥冒险2,Pachi Slot Adventure 2 - Sorotta Kun no Pachi Slot Tanteidan,パチスロアドベンチャー2 そろっ太くんのパチスロ探偵団,否,FC,Coconuts Japan,1993年9月17日,,,,,,
tetris-2,俄罗斯方块Flash,Tetris 2,テトリスフラッシュ,是,FC/NES,任天堂,1993年9月21日,1993年10月,,https://zh.wikipedia.org/wiki/%E4%BF%84%E7%BD%97%E6%96%AF%E6%96%B9%E5%9D%97Flash,,,
championship-pool,撞球锦标赛,Championship Pool,,否,NES,Mindscape,,1993年10月,,,,,
last-action-hero,最后魔鬼英雄,Last Action Hero,,否,NES,Sony Imagesoft,,1993年10月,,,,,
nigel-mansell-s-world-championship-racing,尼基·曼赛尔之世界锦标赛,Nigel Mansell's World Championship Racing,,否,NES,GameTek,,1993年10月,,,,,
the-incredible-crash-dummies,,The Incredible Crash Dummies,,否,NES,LJN,,1994年8月,1993年10月21日,,,,
daiku-no-gen-san-2-akage-no-dan-no-gyakushuu,大力工头2：红毛丹的反击,Daiku no Gen San 2 - Akage no Dan no Gyakushuu,大工の源さん2 赤毛のダンの逆襲,否,FC,Irem,1993年10月22日,,,,,,
datach-yuu-yuu-hakusho-bakutou-ankoku-bujutsu-kai,读卡机系列：幽游白书爆斗暗黑武术会,Datach - Yuu Yuu Hakusho - Bakutou Ankoku Bujutsu Kai,幽遊白書 爆闘暗黒武術会,否,FC,万代,1993年10月22日,,,,,,
rokudenashi-blues,铁拳对钢拳,Rokudenashi Blues,ろくでなしBLUES,否,FC,万代,1993年10月29日,,,,,,
cliffhanger,巅峰战士,Cliffhanger,,否,NES,Sony Imagesoft,,1993年11月,,,,,
jimmy-connors-tennis,吉米康诺网球,Jimmy Connors Tennis,,否,NES,育碧软件,,1993年11月,,,,,
ms-pac-man,吃豆人小姐,Ms. Pac-Man,,否,NES,南梦宫,,1993年11月,,https://zh.wikipedia.org/wiki/%E5%90%83%E8%B1%86%E4%BA%BA%E5%B0%8F%E5%A7%90,,,
the-ren-stimpy-show-buckaroo,,The Ren & Stimpy Show: Buckaroo$!,,否,NES,THQ,,1993年11月,,,,,
wayne-s-world,反斗智多星,Wayne's World,,否,NES,THQ,,1993年11月,,,,,
wwf-king-of-the-ring,世界摔角联盟 - 冠军之路,WWF King of the Ring,,否,NES,LJN,,1993年11月,,,,,
mega-man-6,洛克人6 史上最大战争！！,Mega Man 6,ロックマン6 史上最大の戦い!!,是,FC/NES,日本：卡普空北美：任天堂 / 卡普空,1993年11月5日,1994年3月,,https://zh.wikipedia.org/wiki/%E6%B4%9B%E5%85%8B%E4%BA%BA6_%E5%8F%B2%E4%B8%8A%E6%9C%80%E5%A4%A7%E6%88%B0%E7%88%AD%EF%BC%81%EF%BC%81,,,
datach-battle-rush-build-up-robot-tournament,读卡机系列：机器人大战,Datach - Battle Rush - Build Up Robot Tournament,バトルラッシュ Build Up Robot Tournament,否,FC,ビーアイ,1993年11月13日,,,,,,
rpg-jinsei-game,人生游戏,RPG Jinsei Game,RPG人生ゲーム,否,FC,特佳丽,1993年11月26日,,,,,,
famista-94,明星职棒94年度版,Famista '94,ファミスタ'94,否,FC,南梦宫,1993年12月1日,,,,,,
indiana-jones-and-the-last-crusade-1,印地安纳琼斯 - 圣战奇兵,Indiana Jones and the Last Crusade,,否,NES,育碧软件,,1993年12月,,,,,
keroppi-to-keroriinu-no-splash-bomb,青蛙方块,Keroppi to Keroriinu no Splash Bomb!,けろっぴとけろりーぬのスプラッシュボム!,否,FC,Character Soft,1993年12月1日,,,,,,
chip-n-dale-rescue-rangers-2,松鼠大作战2,Chip 'n Dale Rescue Rangers 2,チップとデールの大作戦2,是,FC/NES,卡普空,1993年12月10日,1994年1月,1994年9月29日,https://zh.wikipedia.org/wiki/%E6%9D%BE%E9%BC%A0%E5%A4%A7%E4%BD%9C%E6%88%982,,,
nakayoshi-to-issho,和月野兔在一起,Nakayoshi to Issho,なかよしといっしょ,否,FC,Yutaka,1993年12月10日,,,,,,
igo-shinan-94,围棋指南94,Igo Shinan '94,囲碁指南'94,否,FC,Hect,1993年12月17日,,,,,,
momotarou-densetsu-gaiden,桃太郎传说外传,Momotarou Densetsu Gaiden,桃太郎伝説外伝,否,FC,Hudson Soft,1993年12月17日,,,https://zh.wikipedia.org/wiki/%E6%A1%83%E5%A4%AA%E9%83%8E%E4%BC%A0%E8%AF%B4%E5%A4%96%E4%BC%A0,,,
nekketsu-street-basket-ganbare-dunk-heroes,热血篮球,Nekketsu! Street Basket - Ganbare Dunk Heroes,熱血!すとりーとバスケット,否,FC,Technōs Japan,1993年12月22日,,,https://zh.wikipedia.org/wiki/%E7%83%AD%E8%A1%80%E7%AF%AE%E7%90%83,,,
disney-s-beauty-and-the-beast,美女与野兽,Disney's Beauty and the Beast,,否,NES,欧洲：Hudson Soft,,,1994年,,,,
the-smurfs,蓝精灵,The Smurfs,,否,NES,英宝格,,,1994年,,,,
teenage-mutant-ninja-turtles-tournament-fighters,忍者神龟 - 格斗大会,Teenage Mutant Ninja Turtles: Tournament Fighters,,否,NES,科乐美,,1994年2月,,,,,
wario-s-woods,瓦力欧之森,Wario's Woods,ワリオの森,是,FC/NES,任天堂,1994年2月19日,1994年12月10日,1995年,https://zh.wikipedia.org/wiki/%E7%93%A6%E9%87%8C%E5%A5%A5%E4%B9%8B%E6%A3%AE,,,
the-flintstones-surprise-at-dinosaur-peak,,The Flintstones: Surprise at Dinosaur Peak,,否,NES,太东,,1994年8月,1994年2月24日,,,,
final-fantasy-1-2,最终幻想I·II合辑,Final Fantasy 1 & 2,ファイナルファンタジーI・II,否,FC,史克威尔,1994年2月27日,,,,,,
mickey-s-adventures-in-numberland,,Mickey's Adventures in Numberland,,否,NES,Hi Tech Expressions,,1994年3月,,,,,
zoda-s-revenge-startropics-ii,佐达的复仇 - 热带之星 2,Zoda's Revenge: StarTropics II,,否,NES,任天堂,,1994年3月,,,【雷文】红白机游戏终极鉴赏87期-1990年12月下篇 | 4K,20:59,https://www.bilibili.com/video/BV1Nu7V6xEuf/?t=1259
datach-j-league-super-top-players,读卡机系列：J联盟足球,Datach - J League Super Top Players,Jリーグ スーパートッププレイヤーズ,否,FC,万代,1994年4月22日,,,,,,
pachi-slot-adventure-3-bitaoshii-7-kenzan,帕青哥冒险3,Pachi Slot Adventure 3 - Bitaoshii 7 Kenzan!,パチスロアドベンチャー3 ビタオシー7見参,否,FC,Coconuts Japan,1994年5月13日,,,,,,
j-league-winning-goal,J联盟足球,J League Winning Goal,Jリーグウイニングゴール,否,FC,Electronic Arts Victor,1994年5月27日,,,https://zh.wikipedia.org/wiki/J%E8%81%94%E7%9B%9F%E8%B6%B3%E7%90%83,,,
mario-s-time-machine,马里奥的时光机器,Mario's Time Machine,,否,NES,Mindscape,,1994年6月,,,,,
takahashi-meijin-no-boukenjima-4,高桥名人之冒险岛IV,Takahashi Meijin no Boukenjima 4,高橋名人の冒険島IV,否,FC,Hudson Soft,1994年6月24日,,,https://zh.wikipedia.org/wiki/%E9%AB%98%E6%A1%A5%E5%90%8D%E4%BA%BA%E4%B9%8B%E5%86%92%E9%99%A9%E5%B2%9BIV,,,
disney-s-the-jungle-book,,Disney's The Jungle Book,,否,NES,Virgin Interactive,,1994年8月,1994年8月25日,,,,
disney-s-aladdin,,Disney's Aladdin,,否,NES,欧洲：Virgin Interactive,,,1995年2月23日,,,,
disney-s-the-lion-king,,Disney's The Lion King,,否,NES,Virgin Interactive,,,1995年5月25日,,,,
