platform,platform_name,title_zh,title_en,title_ja,release_date,release_date_na,release_date_pal,publisher,wiki_url,publisher_wiki_url
NES,Nintendo Entertainment System,十码大战,10-Yard Fight,,1985年10月18日,1985年10月18日,1985年12月,任天堂,https://zh.wikipedia.org/wiki/%E5%8D%81%E7%A0%81%E5%A4%A7%E6%88%98,https://zh.wikipedia.org/wiki/%E4%BB%BB%E5%A4%A9%E5%A0%82
NES,Nintendo Entertainment System,1942,1942,,1986年11月,1986年11月,,卡普空,https://zh.wikipedia.org/wiki/1942_(%E6%B8%B8%E6%88%8F),https://zh.wikipedia.org/wiki/%E5%8D%A1%E6%99%AE%E7%A9%BA
NES,Nintendo Entertainment System,1943 中途岛海战,1943: The Battle of Midway,,1988年10月,1988年10月,,卡普空,https://zh.wikipedia.org/wiki/1943_%E4%B8%AD%E9%80%94%E5%B3%B6%E6%B5%B7%E6%88%B0,https://zh.wikipedia.org/wiki/%E5%8D%A1%E6%99%AE%E7%A9%BA
NES,Nintendo Entertainment System,,3-D WorldRunner,,1987年9月,1987年9月,,Acclaim Entertainment,,
NES,Nintendo Entertainment System,,720°,,1989年11月,1989年11月,,Mindscape,,
NES,Nintendo Entertainment System,,8 Eyes,,1990年1月,1990年1月,,Taxan,,
NES,Nintendo Entertainment System,,Abadox,,1990年3月,1990年3月,1988年4月,Milton Bradley Company,,
NES,Nintendo Entertainment System,,The Addams Family,,1992年1月,1992年1月,1992年12月,Ocean Software,,
NES,Nintendo Entertainment System,,The Addams Family: Pugsley's Scavenger Hunt,,1993年8月,1993年8月,1992年,Ocean Software,,
NES,Nintendo Entertainment System,,Advanced Dungeons & Dragons: DragonStrike,,1992年7月,1992年7月,,FCI,,
NES,Nintendo Entertainment System,,Advanced Dungeons & Dragons: Heroes of the Lance,,1991年1月,1991年1月,,FCI,,
NES,Nintendo Entertainment System,,Advanced Dungeons & Dragons: Hillsfar,,1993年2月,1993年2月,,FCI,,
NES,Nintendo Entertainment System,,Advanced Dungeons & Dragons: Pool of Radiance,,1992年4月,1992年4月,,FCI,,
NES,Nintendo Entertainment System,高桥名人之冒险岛,Adventure Island,,1988年9月,1988年9月,1992年,Hudson Soft,https://zh.wikipedia.org/wiki/%E9%AB%98%E6%A9%8B%E5%90%8D%E4%BA%BA%E4%B9%8B%E5%86%92%E9%9A%AA%E5%B3%B6,https://zh.wikipedia.org/wiki/Hudson_Soft
NES,Nintendo Entertainment System,高桥名人之冒险岛II,Adventure Island II,,1991年2月,1991年2月,1992年7月22日,北美：Hudson Soft欧洲：Hudson Soft澳洲：美泰,https://zh.wikipedia.org/wiki/%E9%AB%98%E6%A1%A5%E5%90%8D%E4%BA%BA%E4%B9%8B%E5%86%92%E9%99%A9%E5%B2%9BII,https://zh.wikipedia.org/wiki/Hudson_Soft
NES,Nintendo Entertainment System,高桥名人之冒险岛III,Adventure Island 3,,1992年9月,1992年9月,,Hudson Soft,https://zh.wikipedia.org/wiki/%E9%AB%98%E6%A1%A5%E5%90%8D%E4%BA%BA%E4%B9%8B%E5%86%92%E9%99%A9%E5%B2%9BIII,https://zh.wikipedia.org/wiki/Hudson_Soft
NES,Nintendo Entertainment System,,Adventures in the Magic Kingdom,,1990年6月,1990年6月,1992年12月10日,卡普空,,https://zh.wikipedia.org/wiki/%E5%8D%A1%E6%99%AE%E7%A9%BA
NES,Nintendo Entertainment System,,The Adventures of Bayou Billy,,1989年6月,1989年6月,1991年1月24日,科乐美,,https://zh.wikipedia.org/wiki/%E7%A7%91%E6%A8%82%E7%BE%8E
NES,Nintendo Entertainment System,新人类,Adventures of Dino Riki,,1989年9月,1989年9月,,Hudson Soft,https://zh.wikipedia.org/wiki/%E6%96%B0%E4%BA%BA%E7%B1%BB_(%E6%B8%B8%E6%88%8F),https://zh.wikipedia.org/wiki/Hudson_Soft
NES,Nintendo Entertainment System,,The Adventures of Gilligan's Island,,1990年7月,1990年7月,,万代,,https://zh.wikipedia.org/wiki/%E8%90%AC%E4%BB%A3
NES,Nintendo Entertainment System,,Adventures of Lolo,,1989年4月,1989年4月,,HAL America Inc,,
NES,Nintendo Entertainment System,,Adventures of Lolo 2,,1990年3月,1990年3月,1991年2月21日,HAL America Inc,,
NES,Nintendo Entertainment System,,Adventures of Lolo 3,,1991年9月,1991年9月,1992年5月27日,HAL America Inc,,
NES,Nintendo Entertainment System,,The Adventures of Rad Gravity,,1990年12月,1990年12月,1991年5月30日,北美：动视澳洲：美泰,,https://zh.wikipedia.org/wiki/%E5%8A%A8%E8%A7%86
NES,Nintendo Entertainment System,,The Adventures of Rocky and Bullwinkle and Friends,,1992年12月,1992年12月,,THQ,,https://zh.wikipedia.org/wiki/THQ
NES,Nintendo Entertainment System,,The Adventures of Tom Sawyer,,1989年8月,1989年8月,,SETA,,
NES,Nintendo Entertainment System,空中要塞,Air Fortress,,1989年9月,1989年9月,,HAL America Inc,https://zh.wikipedia.org/wiki/%E7%A9%BA%E4%B8%AD%E8%A6%81%E5%A1%9E,
NES,Nintendo Entertainment System,,Airwolf,,1989年6月,1989年6月,1988年,Acclaim Entertainment,,
NES,Nintendo Entertainment System,,Al Unser Jr.'s Turbo Racing,,1990年3月,1990年3月,,Data East,,https://zh.wikipedia.org/wiki/Data_East
NES,Nintendo Entertainment System,,Alfred Chicken,,1994年2月,1994年2月,1993年,Mindscape,,
NES,Nintendo Entertainment System,,Alien3,,1993年3月,1993年3月,,LJN,,https://zh.wikipedia.org/wiki/LJN
NES,Nintendo Entertainment System,,All-Pro Basketball,,1989年12月,1989年12月,,Vic Tokai,,
NES,Nintendo Entertainment System,,Alpha Mission,,1987年10月,1987年10月,,SNK,,https://zh.wikipedia.org/wiki/SNK
NES,Nintendo Entertainment System,,Amagon,,1989年4月,1989年4月,,American Sammy,,
NES,Nintendo Entertainment System,,American Gladiators,,1991年10月,1991年10月,,GameTek,,
NES,Nintendo Entertainment System,,Anticipation,,1988年11月,1988年11月,1989年10月25日,任天堂,,https://zh.wikipedia.org/wiki/%E4%BB%BB%E5%A4%A9%E5%A0%82
NES,Nintendo Entertainment System,,Arch Rivals,,1990年11月,1990年11月,,Acclaim Entertainment,,
NES,Nintendo Entertainment System,,Archon,,1989年12月,1989年12月,,动视,,https://zh.wikipedia.org/wiki/%E5%8A%A8%E8%A7%86
NES,Nintendo Entertainment System,快打砖块,Arkanoid,,1987年8月,1987年8月,,太东,https://zh.wikipedia.org/wiki/%E5%BF%AB%E6%89%93%E7%A3%9A%E5%A1%8A,https://zh.wikipedia.org/wiki/%E5%A4%AA%E6%9D%B1
NES,Nintendo Entertainment System,,Arkista's Ring,,1990年6月,1990年6月,,American Sammy,,
NES,Nintendo Entertainment System,,Asterix,,1993年,,1993年,欧洲：英宝格,,https://zh.wikipedia.org/wiki/%E8%8B%B1%E5%AF%B6%E6%A0%BC
NES,Nintendo Entertainment System,,Astyanax,,1990年3月,1990年3月,,Jaleco,,https://zh.wikipedia.org/wiki/Jaleco
NES,Nintendo Entertainment System,,Athena,,1987年8月,1987年8月,,SNK,,https://zh.wikipedia.org/wiki/SNK_Playmore
NES,Nintendo Entertainment System,,Athletic World,,1987年7月,1987年7月,1988年6月15日,北美：万代欧洲：任天堂,,https://zh.wikipedia.org/wiki/%E8%90%AC%E4%BB%A3
NES,Nintendo Entertainment System,,Attack of the Killer Tomatoes,,1992年1月,1992年1月,,THQ,,https://zh.wikipedia.org/wiki/THQ
NES,Nintendo Entertainment System,,Aussie Rules Footy,,1991年,,1991年,澳洲：Laser Beam Entertainment,,
NES,Nintendo Entertainment System,,Back to the Future,,1989年9月,1989年9月,,LJN,,https://zh.wikipedia.org/wiki/LJN
NES,Nintendo Entertainment System,,Back to the Future Part II & III,,1990年9月,1990年9月,,LJN,,https://zh.wikipedia.org/wiki/LJN
NES,Nintendo Entertainment System,,Bad Dudes Vs. DragonNinja,,1990年7月,1990年7月,,北美：Data East欧洲：Ocean Software,,https://zh.wikipedia.org/wiki/Data_East
NES,Nintendo Entertainment System,,Bad News Baseball,,1990年6月,1990年6月,,特库摩,,https://zh.wikipedia.org/wiki/%E7%89%B9%E5%BA%93%E6%91%A9
NES,Nintendo Entertainment System,,Bad Street Brawler,,1989年9月,1989年9月,,美泰,,https://zh.wikipedia.org/wiki/%E7%BE%8E%E6%B3%B0%E5%85%92
NES,Nintendo Entertainment System,气球大战,Balloon Fight,,1986年6月3日,1986年6月3日,1986年12月15日,任天堂,https://zh.wikipedia.org/wiki/%E6%B0%94%E7%90%83%E5%A4%A7%E6%88%98,https://zh.wikipedia.org/wiki/%E4%BB%BB%E5%A4%A9%E5%A0%82
NES,Nintendo Entertainment System,,Banana Prince,,1992年2月,,1992年2月,欧洲：Takara,,https://zh.wikipedia.org/wiki/Takara
NES,Nintendo Entertainment System,,Bandai Golf: Challenge Pebble Beach,,1989年2月,1989年2月,,万代,,https://zh.wikipedia.org/wiki/%E8%90%AC%E4%BB%A3
NES,Nintendo Entertainment System,,Bandit Kings of Ancient China,,1990年12月,1990年12月,,光荣,,https://zh.wikipedia.org/wiki/%E5%85%89%E6%A6%AE
NES,Nintendo Entertainment System,芭比娃娃,Barbie,,1991年11月,1991年11月,,Hi Tech Expressions,https://zh.wikipedia.org/wiki/%E8%8A%AD%E6%AF%94%E5%A8%83%E5%A8%83_(1991%E5%B9%B4%E6%B8%B8%E6%88%8F),
NES,Nintendo Entertainment System,,The Bard's Tale,,1991年11月,1991年11月,,FCI,,
NES,Nintendo Entertainment System,,Barker Bill's Trick Shooting,,1990年8月,1990年8月,1991年6月27日,任天堂,,https://zh.wikipedia.org/wiki/%E4%BB%BB%E5%A4%A9%E5%A0%82
NES,Nintendo Entertainment System,,Base Wars,,1991年6月,1991年6月,,Ultra Games,,
NES,Nintendo Entertainment System,棒球,Baseball,,1985年10月18日,1985年10月18日,1986年9月1日,任天堂,https://zh.wikipedia.org/wiki/%E6%A3%92%E7%90%83_(%E6%B8%B8%E6%88%8F),https://zh.wikipedia.org/wiki/%E4%BB%BB%E5%A4%A9%E5%A0%82
NES,Nintendo Entertainment System,,Baseball Simulator 1.000,,1990年3月,1990年3月,,Culture Brain,,
NES,Nintendo Entertainment System,,Baseball Stars,,1989年7月,1989年7月,,SNK,,https://zh.wikipedia.org/wiki/SNK
NES,Nintendo Entertainment System,,Baseball Stars 2,,1992年7月,1992年7月,,Romstar,,
NES,Nintendo Entertainment System,,Bases Loaded,,1988年7月,1988年7月,,Jaleco,,https://zh.wikipedia.org/wiki/Jaleco
NES,Nintendo Entertainment System,,Bases Loaded II: Second Season,,1990年1月,1990年1月,,Jaleco,,https://zh.wikipedia.org/wiki/Jaleco
NES,Nintendo Entertainment System,,Bases Loaded 3,,1991年9月,1991年9月,,Jaleco,,https://zh.wikipedia.org/wiki/Jaleco
NES,Nintendo Entertainment System,,Bases Loaded 4,,1993年4月,1993年4月,,Jaleco,,https://zh.wikipedia.org/wiki/Jaleco
NES,Nintendo Entertainment System,蝙蝠侠：电子游戏,Batman,,1990年2月,1990年2月,1990年9月14日,Sun电子,https://zh.wikipedia.org/wiki/%E8%9D%99%E8%9D%A0%E4%BE%A0%EF%BC%9A%E7%94%B5%E5%AD%90%E6%B8%B8%E6%88%8F,https://zh.wikipedia.org/wiki/Sun%E7%94%B5%E5%AD%90
NES,Nintendo Entertainment System,,Batman Returns,,1993年1月,1993年1月,,科乐美,,https://zh.wikipedia.org/wiki/%E7%A7%91%E6%A8%82%E7%BE%8E
NES,Nintendo Entertainment System,,Batman: Return of the Joker,,1991年12月,1991年12月,1992年11月19日,Sun电子,,https://zh.wikipedia.org/wiki/Sun%E7%94%B5%E5%AD%90
NES,Nintendo Entertainment System,,Battle Chess,,1990年7月,1990年7月,,Data East,,https://zh.wikipedia.org/wiki/Data_East
NES,Nintendo Entertainment System,,The Battle of Olympus,,1989年12月,1989年12月,1991年9月26日,北美：Brøderbund欧洲：Imagineer,,https://zh.wikipedia.org/wiki/Br%C3%B8derbund
NES,Nintendo Entertainment System,,Battle Tank,,1990年9月,1990年9月,,Absolute Entertainment,,
NES,Nintendo Entertainment System,,Battleship,,1993年9月,1993年9月,1993年,Mindscape,,
NES,Nintendo Entertainment System,忍者蛙,Battletoads,,1991年6月,1991年6月,1993年2月18日,Tradewest,https://zh.wikipedia.org/wiki/%E5%BF%8D%E8%80%85%E8%9B%99,
NES,Nintendo Entertainment System,忍者蛙与双截龙,Battletoads & Double Dragon,,1993年6月,1993年6月,,Tradewest,https://zh.wikipedia.org/wiki/%E5%BF%8D%E8%80%85%E8%9B%99%E4%B8%8E%E5%8F%8C%E6%88%AA%E9%BE%99,
NES,Nintendo Entertainment System,,Beetlejuice,,1991年5月,1991年5月,,LJN,,https://zh.wikipedia.org/wiki/LJN
NES,Nintendo Entertainment System,,Best of the Best: Championship Karate,,1992年12月,1992年12月,,北美：Electro Brain欧洲：Loriciels,,
NES,Nintendo Entertainment System,,Bigfoot,,1990年8月,1990年8月,1991年1月24日,Acclaim Entertainment,,
NES,Nintendo Entertainment System,,Bill & Ted's Excellent Video Game Adventure,,1991年4月,1991年4月,,LJN,,https://zh.wikipedia.org/wiki/LJN
NES,Nintendo Entertainment System,,Bill Elliott's NASCAR Challenge,,1991年12月,1991年12月,,科乐美,,https://zh.wikipedia.org/wiki/%E7%A7%91%E6%A8%82%E7%BE%8E
NES,Nintendo Entertainment System,,Bionic Commando,,1988年12月,1988年12月,1990年10月26日,卡普空,,https://zh.wikipedia.org/wiki/%E5%8D%A1%E6%99%AE%E7%A9%BA
NES,Nintendo Entertainment System,,The Black Bass,,1989年9月,1989年9月,,Hot B,,
NES,Nintendo Entertainment System,,Blades of Steel,,1988年12月,1988年12月,1990年11月23日,北美：科乐美欧洲：科乐美澳洲：美泰,,https://zh.wikipedia.org/wiki/%E7%A7%91%E6%A8%82%E7%BE%8E
NES,Nintendo Entertainment System,超惑星战记,Blaster Master,,1988年11月,1988年11月,1991年4月25日,Sun电子,https://zh.wikipedia.org/wiki/%E8%B6%85%E6%83%91%E6%98%9F%E6%88%98%E8%AE%B0,https://zh.wikipedia.org/wiki/Sun%E7%94%B5%E5%AD%90
NES,Nintendo Entertainment System,,The Blue Marlin,,1992年7月,1992年7月,,Hot-B,,
NES,Nintendo Entertainment System,,The Blues Brothers,,1992年9月,1992年9月,,Titus Software,,
NES,Nintendo Entertainment System,,Bo Jackson Baseball,,1991年10月,1991年10月,,Data East,,https://zh.wikipedia.org/wiki/Data_East
NES,Nintendo Entertainment System,炸弹人,Bomberman,,1989年1月,1989年1月,,Hudson Soft,https://zh.wikipedia.org/wiki/%E7%82%B8%E5%BD%88%E4%BA%BA_(%E9%81%8A%E6%88%B2),https://zh.wikipedia.org/wiki/Hudson_Soft
NES,Nintendo Entertainment System,炸弹人II,Bomberman II,,1992年3月,1992年3月,1991年,Hudson Soft,https://zh.wikipedia.org/wiki/%E7%82%B8%E5%BC%B9%E4%BA%BAII,https://zh.wikipedia.org/wiki/Hudson_Soft
NES,Nintendo Entertainment System,,Bonk's Adventure,,1994年1月,1994年1月,,Hudson Soft,,https://zh.wikipedia.org/wiki/Hudson_Soft
NES,Nintendo Entertainment System,,Boulder Dash,,1990年6月,1990年6月,,JVC,,https://zh.wikipedia.org/wiki/JVC
NES,Nintendo Entertainment System,,A Boy and His Blob: Trouble on Blobolonia,,1990年1月,1990年1月,,Absolute Entertainment,,
NES,Nintendo Entertainment System,,Bram Stoker's Dracula,,1993年9月,1993年9月,,Sony Imagesoft,,
NES,Nintendo Entertainment System,,Break Time: The National Pool Tour,,1993年1月,1993年1月,,FCI,,
NES,Nintendo Entertainment System,,BreakThru,,1987年11月,1987年11月,,Data East,,https://zh.wikipedia.org/wiki/Data_East
NES,Nintendo Entertainment System,泡泡龙,Bubble Bobble,,1988年11月,1988年11月,1990年10月26日,北美：太东欧洲：太东澳洲：美泰,https://zh.wikipedia.org/wiki/%E6%B3%A1%E6%B3%A1%E9%BE%99_(1986%E5%B9%B4%E6%B8%B8%E6%88%8F),https://zh.wikipedia.org/wiki/%E5%A4%AA%E6%9D%B1
NES,Nintendo Entertainment System,,Bubble Bobble Part 2,,1993年8月,1993年8月,,太东,,https://zh.wikipedia.org/wiki/%E5%A4%AA%E6%9D%B1
NES,Nintendo Entertainment System,,Bucky O'Hare,,1992年1月,1992年1月,1993年2月18日,科乐美,,https://zh.wikipedia.org/wiki/%E7%A7%91%E6%A8%82%E7%BE%8E
NES,Nintendo Entertainment System,,The Bugs Bunny Birthday Blowout,,1990年9月,1990年9月,,Kemco,,
NES,Nintendo Entertainment System,兔子罗杰,The Bugs Bunny Crazy Castle,,1989年8月,1989年8月,,Seika,https://zh.wikipedia.org/wiki/%E5%85%94%E5%AD%90%E7%BE%85%E5%82%91_(%E9%9B%BB%E5%AD%90%E9%81%8A%E6%88%B2),
NES,Nintendo Entertainment System,金龟跳车,Bump 'n' Jump,,1988年12月,1988年12月,,Vic Tokai,https://zh.wikipedia.org/wiki/%E9%87%91%E9%BE%9C%E8%B7%B3%E8%BB%8A,
NES,Nintendo Entertainment System,,Burai Fighter,,1990年3月,1990年3月,,Taxan,,
NES,Nintendo Entertainment System,汉堡世界,BurgerTime,,1987年5月,1987年5月,,Data East,https://zh.wikipedia.org/wiki/%E6%B1%89%E5%A0%A1%E4%B8%96%E7%95%8C,https://zh.wikipedia.org/wiki/Data_East
NES,Nintendo Entertainment System,,Cabal,,1990年6月,1990年6月,,Milton Bradley Company,,
NES,Nintendo Entertainment System,,Caesars Palace,,1992年12月,1992年12月,,Virgin Interactive,,https://zh.wikipedia.org/wiki/Virgin_Interactive
NES,Nintendo Entertainment System,,California Games,,1989年6月,1989年6月,,Milton Bradley Company,,
NES,Nintendo Entertainment System,,Capcom's Gold Medal Challenge '92,,1992年8月,1992年8月,1993年6月17日,卡普空,,https://zh.wikipedia.org/wiki/%E5%8D%A1%E6%99%AE%E7%A9%BA
NES,Nintendo Entertainment System,,Captain America and The Avengers,,1991年12月,1991年12月,,Data East,,https://zh.wikipedia.org/wiki/Data_East
NES,Nintendo Entertainment System,,Captain Planet and the Planeteers,,1991年9月,1991年9月,1992年8月20日,Mindscape,,
NES,Nintendo Entertainment System,,Captain Skyhawk,,1990年6月,1990年6月,1994年5月26日,北美：Milton Bradley Company欧洲：Rare,,
NES,Nintendo Entertainment System,,Casino Kid,,1989年10月,1989年10月,,SOFEL,,
NES,Nintendo Entertainment System,,Casino Kid 2,,1993年4月,1993年4月,,SOFEL,,
NES,Nintendo Entertainment System,,Castelian,,1991年6月,1991年6月,,北美：Triffix欧洲：Storm,,
NES,Nintendo Entertainment System,,Castle of Dragon,,1990年6月,1990年6月,,SETA,,
NES,Nintendo Entertainment System,,Castlequest,,1989年9月,1989年9月,,ASCII,,https://zh.wikipedia.org/wiki/ASCII_(%E5%85%AC%E5%8F%B8)
NES,Nintendo Entertainment System,恶魔城,Castlevania,,1987年5月,1987年5月,1988年12月19日,科乐美,https://zh.wikipedia.org/wiki/%E6%83%A1%E9%AD%94%E5%9F%8E_(%E9%81%8A%E6%88%B2),https://zh.wikipedia.org/wiki/%E7%A7%91%E6%A8%82%E7%BE%8E
NES,Nintendo Entertainment System,恶魔城II 诅咒的封印,Castlevania II: Simon's Quest,,1988年12月,1988年12月,1990年4月27日,科乐美,https://zh.wikipedia.org/wiki/%E6%81%B6%E9%AD%94%E5%9F%8EII_%E8%AF%85%E5%92%92%E7%9A%84%E5%B0%81%E5%8D%B0,https://zh.wikipedia.org/wiki/%E7%A7%91%E6%A8%82%E7%BE%8E
NES,Nintendo Entertainment System,恶魔城传说,Castlevania III: Dracula's Curse,,1990年9月,1990年9月,1992年12月10日,科乐美,https://zh.wikipedia.org/wiki/%E6%83%A1%E9%AD%94%E5%9F%8E%E5%82%B3%E8%AA%AA,https://zh.wikipedia.org/wiki/%E7%A7%91%E6%A8%82%E7%BE%8E
NES,Nintendo Entertainment System,,Caveman Games,,1990年10月,1990年10月,,Data East,,https://zh.wikipedia.org/wiki/Data_East
NES,Nintendo Entertainment System,,Championship Bowling,,1989年12月,1989年12月,,Romstar,,
NES,Nintendo Entertainment System,,Championship Pool,,1993年10月,1993年10月,,Mindscape,,
NES,Nintendo Entertainment System,,Championship Rally,,1991年,,1991年,澳洲：HAL America Inc,,
NES,Nintendo Entertainment System,Chessmaster,Chessmaster,,1990年1月,1990年1月,1992年3月26日,Hi Tech Expressions,https://zh.wikipedia.org/wiki/Chessmaster,
NES,Nintendo Entertainment System,松鼠大作战,Chip 'n Dale: Rescue Rangers,,1990年6月,1990年6月,1991年12月12日,卡普空,https://zh.wikipedia.org/wiki/%E6%9D%BE%E9%BC%A0%E5%A4%A7%E4%BD%9C%E6%88%B0,https://zh.wikipedia.org/wiki/%E5%8D%A1%E6%99%AE%E7%A9%BA
NES,Nintendo Entertainment System,松鼠大作战2,Chip 'n Dale Rescue Rangers 2,,1994年1月,1994年1月,1994年9月29日,卡普空,https://zh.wikipedia.org/wiki/%E6%9D%BE%E9%BC%A0%E5%A4%A7%E4%BD%9C%E6%88%982,https://zh.wikipedia.org/wiki/%E5%8D%A1%E6%99%AE%E7%A9%BA
NES,Nintendo Entertainment System,,Chubby Cherub,,1986年10月,1986年10月,,万代,,https://zh.wikipedia.org/wiki/%E8%90%AC%E4%BB%A3
NES,Nintendo Entertainment System,,Circus Caper,,1990年7月,1990年7月,,东宝,,https://zh.wikipedia.org/wiki/%E6%9D%B1%E5%AF%B6
NES,Nintendo Entertainment System,碰碰车,City Connection,,1988年5月,1988年5月,,Jaleco,https://zh.wikipedia.org/wiki/%E7%A2%B0%E7%A2%B0%E8%BD%A6_(%E7%94%B5%E5%AD%90%E6%B8%B8%E6%88%8F),https://zh.wikipedia.org/wiki/Jaleco
NES,Nintendo Entertainment System,,Clash at Demonhead,,1990年1月,1990年1月,,Vic Tokai,,
NES,Nintendo Entertainment System,,Classic Concentration,,1990年9月,1990年9月,,GameTek,,
NES,Nintendo Entertainment System,,Cliffhanger,,1993年11月,1993年11月,,Sony Imagesoft,,
NES,Nintendo Entertainment System,转转乐园,Clu Clu Land,,1985年10月18日,1985年10月18日,1987年2月15日,任天堂,https://zh.wikipedia.org/wiki/%E8%BD%89%E8%BD%89%E6%A8%82%E5%9C%92,https://zh.wikipedia.org/wiki/%E4%BB%BB%E5%A4%A9%E5%A0%82
NES,Nintendo Entertainment System,,Cobra Command,,1988年11月,1988年11月,,Data East,,https://zh.wikipedia.org/wiki/Data_East
NES,Nintendo Entertainment System,眼镜蛇快艇,Cobra Triangle,,1989年7月,1989年7月,1989年10月25日,任天堂,https://zh.wikipedia.org/wiki/%E7%9C%BC%E9%95%9C%E8%9B%87%E5%BF%AB%E8%89%87,https://zh.wikipedia.org/wiki/%E4%BB%BB%E5%A4%A9%E5%A0%82
NES,Nintendo Entertainment System,人间兵器,Code Name: Viper,,1990年3月,1990年3月,,卡普空,https://zh.wikipedia.org/wiki/%E4%BA%BA%E9%97%B4%E5%85%B5%E5%99%A8,https://zh.wikipedia.org/wiki/%E5%8D%A1%E6%99%AE%E7%A9%BA
NES,Nintendo Entertainment System,,Color a Dinosaur,,1993年7月,1993年7月,,Virgin Interactive,,https://zh.wikipedia.org/wiki/Virgin_Interactive
NES,Nintendo Entertainment System,战场之狼,Commando,,1986年11月,1986年11月,,卡普空,https://zh.wikipedia.org/wiki/%E6%88%98%E5%9C%BA%E4%B9%8B%E7%8B%BC,https://zh.wikipedia.org/wiki/%E5%8D%A1%E6%99%AE%E7%A9%BA
NES,Nintendo Entertainment System,,Conan: The Mysteries of Time,,1991年2月,1991年2月,,Mindscape,,
NES,Nintendo Entertainment System,,Conflict,,1990年3月,1990年3月,,Vic Tokai,,
NES,Nintendo Entertainment System,,Conquest of the Crystal Palace,,1990年11月,1990年11月,,Asmik,,
NES,Nintendo Entertainment System,魂斗罗,Contra,,1988年2月,1988年2月,1990年12月28日,科乐美,https://zh.wikipedia.org/wiki/%E9%AD%82%E6%96%97%E7%BD%97,https://zh.wikipedia.org/wiki/%E7%A7%91%E6%A8%82%E7%BE%8E
NES,Nintendo Entertainment System,魂斗罗 Force,Contra Force,,1992年9月,1992年9月,,科乐美,https://zh.wikipedia.org/wiki/%E9%AD%82%E6%96%97%E7%BE%85_Force,https://zh.wikipedia.org/wiki/%E7%A7%91%E6%A8%82%E7%BE%8E
NES,Nintendo Entertainment System,,Cool World,,1993年6月,1993年6月,,Ocean Software,,
NES,Nintendo Entertainment System,,Cowboy Kid,,1992年1月,1992年1月,,Romstar,,
NES,Nintendo Entertainment System,,Crackout,,1991年,,1991年,Palcom,,
NES,Nintendo Entertainment System,热血新纪录,Crash 'n the Boys: Street Challenge,,1992年10月,1992年10月,,Technōs Japan,https://zh.wikipedia.org/wiki/%E7%86%B1%E8%A1%80%E6%96%B0%E7%B4%80%E9%8C%84,https://zh.wikipedia.org/wiki/Techn%C5%8Ds_Japan
NES,Nintendo Entertainment System,,Crystalis,,1990年7月,1990年7月,,SNK,,https://zh.wikipedia.org/wiki/SNK_Playmore
NES,Nintendo Entertainment System,,Cyberball,,1992年,1992年,,Jaleco,,https://zh.wikipedia.org/wiki/Jaleco
NES,Nintendo Entertainment System,,Cybernoid: The Fighting Machine,,1989年12月,1989年12月,,Acclaim Entertainment,,
NES,Nintendo Entertainment System,,Dance Aerobics,,1989年3月,1989年3月,,任天堂,,https://zh.wikipedia.org/wiki/%E4%BB%BB%E5%A4%A9%E5%A0%82
NES,Nintendo Entertainment System,,Danny Sullivan's Indy Heat,,1992年8月,1992年8月,,Tradewest,,
NES,Nintendo Entertainment System,,Darkman,,1991年10月,1991年10月,,Ocean Software,,
NES,Nintendo Entertainment System,,Dash Galaxy in the Alien Asylum,,1990年2月,1990年2月,,Data East,,https://zh.wikipedia.org/wiki/Data_East
NES,Nintendo Entertainment System,,Day Dreamin' Davey,,1992年6月,1992年6月,,HAL America Inc,,
NES,Nintendo Entertainment System,,Days of Thunder,,1990年10月,1990年10月,1991年4月25日,Mindscape,,
NES,Nintendo Entertainment System,,Deadly Towers,,1987年9月,1987年9月,,Brøderbund,,https://zh.wikipedia.org/wiki/Br%C3%B8derbund
NES,Nintendo Entertainment System,,Defender II,,1988年7月,1988年7月,,HAL America Inc,,
NES,Nintendo Entertainment System,,Defender of the Crown,,1989年7月,1989年7月,1991年7月25日,Ultra Games,,
NES,Nintendo Entertainment System,,Defenders of Dynatron City,,1992年7月,1992年7月,,JVC,,https://zh.wikipedia.org/wiki/JVC
NES,Nintendo Entertainment System,,Déjà Vu,,1990年12月,1990年12月,1992年9月24日,Seika,,
NES,Nintendo Entertainment System,不动明王传,Demon Sword,,1990年1月,1990年1月,,太东,https://zh.wikipedia.org/wiki/%E4%B8%8D%E5%8A%A8%E6%98%8E%E7%8E%8B%E4%BC%A0,https://zh.wikipedia.org/wiki/%E5%A4%AA%E6%9D%B1
NES,Nintendo Entertainment System,,Desert Commander,,1989年6月,1989年6月,,Seika,,
NES,Nintendo Entertainment System,,Destination Earthstar,,1990年2月,1990年2月,,Acclaim Entertainment,,
NES,Nintendo Entertainment System,吞食天地,Destiny of an Emperor,,1990年9月,1990年9月,,卡普空,https://zh.wikipedia.org/wiki/%E5%90%9E%E9%A3%9F%E5%A4%A9%E5%9C%B0_(FC),https://zh.wikipedia.org/wiki/%E5%8D%A1%E6%99%AE%E7%A9%BA
NES,Nintendo Entertainment System,恶魔世界,Devil World,,1987年7月15日,,1987年7月15日,任天堂,https://zh.wikipedia.org/wiki/%E6%81%B6%E9%AD%94%E4%B8%96%E7%95%8C,https://zh.wikipedia.org/wiki/%E4%BB%BB%E5%A4%A9%E5%A0%82
NES,Nintendo Entertainment System,,Dick Tracy,,1990年8月,1990年8月,,万代,,https://zh.wikipedia.org/wiki/%E8%90%AC%E4%BB%A3
NES,Nintendo Entertainment System,,Die Hard,,1992年1月,1992年1月,1992年1月,Activision,,https://zh.wikipedia.org/wiki/%E5%8A%A8%E8%A7%86
NES,Nintendo Entertainment System,打空气II,Dig Dug II,,1989年12月,1989年12月,,万代,https://zh.wikipedia.org/wiki/%E6%89%93%E7%A9%BA%E6%B0%94II,https://zh.wikipedia.org/wiki/%E8%90%AC%E4%BB%A3
NES,Nintendo Entertainment System,,Digger T. Rock: Legend of the Lost City,,1990年12月,1990年12月,,Milton Bradley Company,,
NES,Nintendo Entertainment System,,Dirty Harry: The War Against Drugs,,1990年12月,1990年12月,,Mindscape,,
NES,Nintendo Entertainment System,,Disney's Aladdin,,1995年2月23日,,1995年2月23日,欧洲：Virgin Interactive,,https://zh.wikipedia.org/wiki/Virgin_Interactive
NES,Nintendo Entertainment System,美女与野兽,Disney's Beauty and the Beast,,1994年,,1994年,欧洲：Hudson Soft,,https://zh.wikipedia.org/wiki/Hudson_Soft
NES,Nintendo Entertainment System,,Disney's Darkwing Duck,,1992年6月,1992年6月,1993年12月9日,卡普空,,https://zh.wikipedia.org/wiki/%E5%8D%A1%E6%99%AE%E7%A9%BA
NES,Nintendo Entertainment System,,Disney's The Jungle Book,,1994年8月,1994年8月,1994年8月25日,Virgin Interactive,,https://zh.wikipedia.org/wiki/Virgin_Interactive
NES,Nintendo Entertainment System,,Disney's The Lion King,,1995年5月25日,,1995年5月25日,Virgin Interactive,,https://zh.wikipedia.org/wiki/Virgin_Interactive
NES,Nintendo Entertainment System,,Disney's The Little Mermaid,,1991年7月,1991年7月,,卡普空,,https://zh.wikipedia.org/wiki/%E5%8D%A1%E6%99%AE%E7%A9%BA
NES,Nintendo Entertainment System,大金刚,Donkey Kong,,1986年6月1日,1986年6月1日,1986年10月15日,任天堂,https://zh.wikipedia.org/wiki/%E5%A4%A7%E9%87%91%E5%88%9A_(%E6%B8%B8%E6%88%8F),https://zh.wikipedia.org/wiki/%E4%BB%BB%E5%A4%A9%E5%A0%82
NES,Nintendo Entertainment System,大金刚3,Donkey Kong 3,,1986年6月,1986年6月,1987年9月,任天堂,https://zh.wikipedia.org/wiki/%E5%A4%A7%E9%87%91%E5%88%9A3,https://zh.wikipedia.org/wiki/%E4%BB%BB%E5%A4%A9%E5%A0%82
NES,Nintendo Entertainment System,大金刚经典合辑,Donkey Kong Classics,,1988年10月,1988年10月,1989年8月10日,任天堂,,https://zh.wikipedia.org/wiki/%E4%BB%BB%E5%A4%A9%E5%A0%82
NES,Nintendo Entertainment System,大金刚Jr.,Donkey Kong Jr.,,1986年6月,1986年6月,1987年6月15日,任天堂,https://zh.wikipedia.org/wiki/%E5%A4%A7%E9%87%91%E5%88%9AJr.,https://zh.wikipedia.org/wiki/%E4%BB%BB%E5%A4%A9%E5%A0%82
NES,Nintendo Entertainment System,小金刚算数,Donkey Kong Jr. Math,,1985年10月18日,1985年10月18日,1986年,任天堂,https://zh.wikipedia.org/wiki/%E5%B0%8F%E9%87%91%E5%89%9B%E7%AE%97%E6%95%B8,https://zh.wikipedia.org/wiki/%E4%BB%BB%E5%A4%A9%E5%A0%82
NES,Nintendo Entertainment System,,Double Dare,,1990年4月,1990年4月,,GameTek,,
NES,Nintendo Entertainment System,双截龙,Double Dragon,,1988年6月,1988年6月,1994年11月24日,Tradewest,https://zh.wikipedia.org/wiki/%E5%8F%8C%E6%88%AA%E9%BE%99_(%E6%B8%B8%E6%88%8F),
NES,Nintendo Entertainment System,双截龙II 复仇,Double Dragon II: The Revenge,,1990年1月,1990年1月,,Acclaim Entertainment,https://zh.wikipedia.org/wiki/%E9%9B%99%E6%88%AA%E9%BE%8DII_%E5%BE%A9%E4%BB%87,
NES,Nintendo Entertainment System,双截龙III 罗塞塔之石,Double Dragon III: The Sacred Stones,,1991年2月,1991年2月,1994年11月24日,Acclaim Entertainment,https://zh.wikipedia.org/wiki/%E5%8F%8C%E6%88%AA%E9%BE%99III_%E7%BD%97%E5%A1%9E%E5%A1%94%E4%B9%8B%E7%9F%B3,
NES,Nintendo Entertainment System,,Double Dribble,,1987年9月,1987年9月,1988年,科乐美,,https://zh.wikipedia.org/wiki/%E7%A7%91%E6%A8%82%E7%BE%8E
NES,Nintendo Entertainment System,,Dr. Chaos,,1988年11月,1988年11月,,FCI,,
NES,Nintendo Entertainment System,化身博士,Dr. Jekyll and Mr. Hyde,,1989年4月,1989年4月,,万代,https://zh.wikipedia.org/wiki/%E5%8C%96%E8%BA%AB%E5%8D%9A%E5%A3%AB_(%E6%B8%B8%E6%88%8F),https://zh.wikipedia.org/wiki/%E8%90%AC%E4%BB%A3
NES,Nintendo Entertainment System,马力欧医生,Dr. Mario,,1990年10月,1990年10月,1991年6月27日,任天堂,https://zh.wikipedia.org/wiki/%E9%A9%AC%E9%87%8C%E5%A5%A5%E5%8C%BB%E7%94%9F,https://zh.wikipedia.org/wiki/%E4%BB%BB%E5%A4%A9%E5%A0%82
NES,Nintendo Entertainment System,,Dragon Fighter,,1992年1月,1992年1月,,SOFEL,,
NES,Nintendo Entertainment System,七龙珠 神龙之谜,Dragon Power,,1988年3月,1988年3月,,万代,https://zh.wikipedia.org/wiki/%E4%B8%83%E9%BE%99%E7%8F%A0_%E7%A5%9E%E9%BE%99%E4%B9%8B%E8%B0%9C,https://zh.wikipedia.org/wiki/%E8%90%AC%E4%BB%A3
NES,Nintendo Entertainment System,,Dragon Spirit,,1990年6月,1990年6月,,万代,,https://zh.wikipedia.org/wiki/%E8%90%AC%E4%BB%A3
NES,Nintendo Entertainment System,勇者斗恶龙,Dragon Warrior,,1989年8月,1989年8月,,任天堂,https://zh.wikipedia.org/wiki/%E5%8B%87%E8%80%85%E6%96%97%E6%81%B6%E9%BE%99_(%E6%B8%B8%E6%88%8F),https://zh.wikipedia.org/wiki/%E4%BB%BB%E5%A4%A9%E5%A0%82
NES,Nintendo Entertainment System,勇者斗恶龙II 恶灵的众神,Dragon Warrior II,,1990年9月,1990年9月,,艾尼克斯,https://zh.wikipedia.org/wiki/%E5%8B%87%E8%80%85%E6%96%97%E6%81%B6%E9%BE%99II_%E6%81%B6%E7%81%B5%E7%9A%84%E4%BC%97%E7%A5%9E,https://zh.wikipedia.org/wiki/%E8%89%BE%E5%B0%BC%E5%85%8B%E6%96%AF
NES,Nintendo Entertainment System,勇者斗恶龙III 接着迈向传说,Dragon Warrior III,,1992年3月,1992年3月,,艾尼克斯,https://zh.wikipedia.org/wiki/%E5%8B%87%E8%80%85%E9%AC%A5%E6%83%A1%E9%BE%8DIII_%E6%8E%A5%E8%91%97%E9%82%81%E5%90%91%E5%82%B3%E8%AA%AA,https://zh.wikipedia.org/wiki/%E8%89%BE%E5%B0%BC%E5%85%8B%E6%96%AF
NES,Nintendo Entertainment System,勇者斗恶龙IV 被引导的人们,Dragon Warrior IV,,1992年10月,1992年10月,,艾尼克斯,https://zh.wikipedia.org/wiki/%E5%8B%87%E8%80%85%E6%96%97%E6%81%B6%E9%BE%99IV_%E8%A2%AB%E5%BC%95%E5%AF%BC%E7%9A%84%E4%BA%BA%E4%BB%AC,https://zh.wikipedia.org/wiki/%E8%89%BE%E5%B0%BC%E5%85%8B%E6%96%AF
NES,Nintendo Entertainment System,龙穴历险记,Dragon's Lair,,1990年12月,1990年12月,1992年1月3日,北美：Sony Imagesoft欧洲：Elite Systems,https://zh.wikipedia.org/wiki/%E9%BE%8D%E7%A9%B4%E6%AD%B7%E9%9A%AA%E8%A8%98,
NES,Nintendo Entertainment System,降落区,Dropzone,,1992年,,1992年,Mindscape,https://zh.wikipedia.org/wiki/%E9%99%8D%E8%90%BD%E5%8C%BA,
NES,Nintendo Entertainment System,打鸭子,Duck Hunt,,1985年10月18日,1985年10月18日,1987年8月15日,任天堂,https://zh.wikipedia.org/wiki/%E6%89%93%E9%B8%AD%E5%AD%90,https://zh.wikipedia.org/wiki/%E4%BB%BB%E5%A4%A9%E5%A0%82
NES,Nintendo Entertainment System,唐老鸭梦冒险,DuckTales,,1989年9月,1989年9月,1990年12月14日,卡普空,https://zh.wikipedia.org/wiki/%E5%94%90%E8%80%81%E9%B8%AD%E6%A2%A6%E5%86%92%E9%99%A9,https://zh.wikipedia.org/wiki/%E5%8D%A1%E6%99%AE%E7%A9%BA
NES,Nintendo Entertainment System,唐老鸭梦冒险2,DuckTales 2,,1993年6月,1993年6月,1993年11月18日,卡普空,https://zh.wikipedia.org/wiki/%E5%94%90%E8%80%81%E9%B8%AD%E6%A2%A6%E5%86%92%E9%99%A92,https://zh.wikipedia.org/wiki/%E5%8D%A1%E6%99%AE%E7%A9%BA
NES,Nintendo Entertainment System,,Dungeon Magic: Sword of the Elements,,1990年7月,1990年7月,,太东,,https://zh.wikipedia.org/wiki/%E5%A4%AA%E6%9D%B1
NES,Nintendo Entertainment System,,Dusty Diamond's All-Star Softball,,1990年7月,1990年7月,,Brøderbund,,https://zh.wikipedia.org/wiki/Br%C3%B8derbund
NES,Nintendo Entertainment System,,Dynowarz: Destruction of Spondylus,,1989年4月,1989年4月,,万代,,https://zh.wikipedia.org/wiki/%E8%90%AC%E4%BB%A3
NES,Nintendo Entertainment System,电梯迷宫,Elevator Action,,1987年8月,1987年8月,,太东,https://zh.wikipedia.org/wiki/%E7%94%B5%E6%A2%AF%E8%BF%B7%E5%AE%AB,https://zh.wikipedia.org/wiki/%E5%A4%AA%E6%9D%B1
NES,Nintendo Entertainment System,,Eliminator Boat Duel,,1991年11月,1991年11月,1993年4月29日,Electro Brain,,
NES,Nintendo Entertainment System,Elite (电子游戏),Elite,,1991年,,1991年,Imagineer,https://zh.wikipedia.org/wiki/Elite_(%E9%9B%BB%E5%AD%90%E9%81%8A%E6%88%B2),
NES,Nintendo Entertainment System,越野机车,Excitebike,,1985年10月18日,1985年10月18日,1986年9月1日,任天堂,https://zh.wikipedia.org/wiki/%E8%B6%8A%E9%87%8E%E6%9C%BA%E8%BD%A6,https://zh.wikipedia.org/wiki/%E4%BB%BB%E5%A4%A9%E5%A0%82
NES,Nintendo Entertainment System,,F-117A Stealth Fighter,,1992年12月,1992年12月,,MicroProse,,https://zh.wikipedia.org/wiki/MicroProse
NES,Nintendo Entertainment System,,F-15 Strike Eagle,,1992年2月,1992年2月,1993年2月18日,MicroProse,,https://zh.wikipedia.org/wiki/MicroProse
NES,Nintendo Entertainment System,,Family Feud,,1991年5月,1991年5月,,GameTek,https://zh.wikipedia.org/wiki/Family_Feud#Home_versions,
NES,Nintendo Entertainment System,,Faria: A World of Mystery and Danger,,1991年6月,1991年6月,,ASCII,,https://zh.wikipedia.org/wiki/ASCII_(%E5%85%AC%E5%8F%B8)
NES,Nintendo Entertainment System,,Faxanadu,,1989年8月,1989年8月,1990年12月28日,任天堂,,https://zh.wikipedia.org/wiki/%E4%BB%BB%E5%A4%A9%E5%A0%82
NES,Nintendo Entertainment System,,Felix the Cat,,1992年10月,1992年10月,,Hudson Soft,,https://zh.wikipedia.org/wiki/Hudson_Soft
NES,Nintendo Entertainment System,,Ferrari Grand Prix Challenge,,1992年6月,1992年6月,1992年6月,Acclaim Entertainment,,
NES,Nintendo Entertainment System,,Fester's Quest,,1989年9月,1989年9月,1990年9月14日,Sun电子,,https://zh.wikipedia.org/wiki/Sun%E7%94%B5%E5%AD%90
NES,Nintendo Entertainment System,最终幻想,Final Fantasy,,1990年5月,1990年5月,,任天堂,https://zh.wikipedia.org/wiki/%E6%9C%80%E7%BB%88%E5%B9%BB%E6%83%B3_(%E6%B8%B8%E6%88%8F),https://zh.wikipedia.org/wiki/%E4%BB%BB%E5%A4%A9%E5%A0%82
NES,Nintendo Entertainment System,,Fire 'n Ice,,1993年3月,1993年3月,1993年3月18日,特库摩,,https://zh.wikipedia.org/wiki/%E7%89%B9%E5%BA%93%E6%91%A9
NES,Nintendo Entertainment System,,Fisher-Price: Firehouse Rescue,,1992年3月,1992年3月,,GameTek,,
NES,Nintendo Entertainment System,,Fisher-Price: I Can Remember,,1990年3月,1990年3月,,GameTek,,
NES,Nintendo Entertainment System,,Fisher-Price: Perfect Fit,,1990年3月,1990年3月,,GameTek,,
NES,Nintendo Entertainment System,北斗神拳2 世纪末救世主传说,Fist of the North Star,,1989年4月,1989年4月,,Taxan,https://zh.wikipedia.org/wiki/%E5%8C%97%E6%96%97%E7%A5%9E%E6%8B%B32_%E4%B8%96%E7%BA%AA%E6%9C%AB%E6%95%91%E4%B8%96%E4%B8%BB%E4%BC%A0%E8%AF%B4,
NES,Nintendo Entertainment System,,Flight of the Intruder,,1991年5月,1991年5月,,Mindscape,,
NES,Nintendo Entertainment System,,The Flintstones: The Rescue of Dino & Hoppy,,1991年12月,1991年12月,1992年4月30日,北美：太东欧洲：太东澳洲：美泰,,https://zh.wikipedia.org/wiki/%E5%A4%AA%E6%9D%B1
NES,Nintendo Entertainment System,,The Flintstones: Surprise at Dinosaur Peak,,1994年8月,1994年8月,1994年2月24日,太东,,https://zh.wikipedia.org/wiki/%E5%A4%AA%E6%9D%B1
NES,Nintendo Entertainment System,飞龙之拳 奥义之书,Flying Dragon: The Secret Scroll,,1989年8月,1989年8月,,Culture Brain,https://zh.wikipedia.org/wiki/%E9%A3%9E%E9%BE%99%E4%B9%8B%E6%8B%B3_%E5%A5%A5%E4%B9%89%E4%B9%8B%E4%B9%A6,
NES,Nintendo Entertainment System,,Flying Warriors,,1991年2月,1991年2月,,Culture Brain,,
NES,Nintendo Entertainment System,,Formula One: Built to Win,,1990年11月,1990年11月,,SETA,,
NES,Nintendo Entertainment System,,Formula One Sensation,,1993年,,1993年,Palcom,,
NES,Nintendo Entertainment System,,Frankenstein: The Monster Returns,,1991年7月,1991年7月,,万代,,https://zh.wikipedia.org/wiki/%E8%90%AC%E4%BB%A3
NES,Nintendo Entertainment System,,Freedom Force,,1988年4月,1988年4月,,Sun电子,,https://zh.wikipedia.org/wiki/Sun%E7%94%B5%E5%AD%90
NES,Nintendo Entertainment System,13号星期五,Friday the 13th,,1989年2月,1989年2月,,LJN,https://zh.wikipedia.org/wiki/13%E8%99%9F%E6%98%9F%E6%9C%9F%E4%BA%94_(%E9%81%8A%E6%88%B2),https://zh.wikipedia.org/wiki/LJN
NES,Nintendo Entertainment System,,Fun House,,1991年1月,1991年1月,,Hi Tech Expressions,,
NES,Nintendo Entertainment System,,G.I. Joe: A Real American Hero,,1991年1月,1991年1月,,Taxan,,
NES,Nintendo Entertainment System,,G.I. Joe: The Atlantis Factor,,1992年3月,1992年3月,,卡普空,,https://zh.wikipedia.org/wiki/%E5%8D%A1%E6%99%AE%E7%A9%BA
NES,Nintendo Entertainment System,大蜜蜂,Galaga,,1988年9月,1988年9月,,万代,https://zh.wikipedia.org/wiki/%E5%A4%A7%E8%9C%9C%E8%9C%82_(%E6%B8%B8%E6%88%8F),https://zh.wikipedia.org/wiki/%E8%90%AC%E4%BB%A3
NES,Nintendo Entertainment System,,Galaxy 5000,,1991年2月,1991年2月,1991年2月,Activision,,https://zh.wikipedia.org/wiki/%E5%8A%A8%E8%A7%86
NES,Nintendo Entertainment System,,Gargoyle's Quest II,,1992年10月,1992年10月,1993年6月17日,卡普空,,https://zh.wikipedia.org/wiki/%E5%8D%A1%E6%99%AE%E7%A9%BA
NES,Nintendo Entertainment System,,Gauntlet,,1987年1月,1987年1月,,Tengen,,https://zh.wikipedia.org/wiki/Tengen
NES,Nintendo Entertainment System,,Gauntlet II,,1990年9月,1990年9月,1991年4月25日,Mindscape,,
NES,Nintendo Entertainment System,,Gemfire,,1992年3月,1992年3月,,光荣,,https://zh.wikipedia.org/wiki/%E5%85%89%E6%A6%AE
NES,Nintendo Entertainment System,苍狼与白鹿 成吉思汗,Genghis Khan,,1990年1月,1990年1月,,光荣,https://zh.wikipedia.org/wiki/%E8%8B%8D%E7%8B%BC%E4%B8%8E%E7%99%BD%E9%B9%BF_%E6%88%90%E5%90%89%E6%80%9D%E6%B1%97,https://zh.wikipedia.org/wiki/%E5%85%89%E6%A6%AE
NES,Nintendo Entertainment System,,George Foreman's KO Boxing,,1992年12月,1992年12月,1992年12月,Acclaim Entertainment,,
NES,Nintendo Entertainment System,魔鬼克星,Ghostbusters,,1988年10月,1988年10月,,动视,https://zh.wikipedia.org/wiki/%E9%AD%94%E9%AC%BC%E5%85%8B%E6%98%9F_(%E6%B8%B8%E6%88%8F),https://zh.wikipedia.org/wiki/%E5%8A%A8%E8%A7%86
NES,Nintendo Entertainment System,,Ghostbusters II,,1990年4月,1990年4月,1990年12月7日,动视,,https://zh.wikipedia.org/wiki/%E5%8A%A8%E8%A7%86
NES,Nintendo Entertainment System,魔界村,Ghosts'n Goblins,,1986年11月,1986年11月,1989年3月23日,Capcom,https://zh.wikipedia.org/wiki/%E9%AD%94%E7%95%8C%E6%9D%91,https://zh.wikipedia.org/wiki/%E5%8D%A1%E6%99%AE%E7%A9%BA
NES,Nintendo Entertainment System,,Ghoul School,,1992年3月,1992年3月,,Electro Brain,,
NES,Nintendo Entertainment System,,Goal!,,1989年10月,1989年10月,1994年3月24日,Jaleco,,https://zh.wikipedia.org/wiki/Jaleco
NES,Nintendo Entertainment System,,Goal! Two,,1992年11月,1992年11月,1992年,Jaleco,,https://zh.wikipedia.org/wiki/Jaleco
NES,Nintendo Entertainment System,,Godzilla: Monster of Monsters,,1989年10月,1989年10月,,东宝,,https://zh.wikipedia.org/wiki/%E6%9D%B1%E5%AF%B6
NES,Nintendo Entertainment System,,Godzilla 2: War of the Monsters,,1992年2月,1992年2月,,东宝,,https://zh.wikipedia.org/wiki/%E6%9D%B1%E5%AF%B6
NES,Nintendo Entertainment System,高尔夫,Golf,,1985年10月18日,1985年10月18日,1986年11月15日,任天堂,https://zh.wikipedia.org/wiki/%E9%AB%98%E5%B0%94%E5%A4%AB_(%E6%B8%B8%E6%88%8F),https://zh.wikipedia.org/wiki/%E4%BB%BB%E5%A4%A9%E5%A0%82
NES,Nintendo Entertainment System,,Golf Grand Slam,,1991年11月,1991年11月,,Atlus,,https://zh.wikipedia.org/wiki/Atlus
NES,Nintendo Entertainment System,,Golgo 13: Top Secret Episode,,1988年9月,1988年9月,,Vic Tokai,,
NES,Nintendo Entertainment System,七宝奇谋2 弗雷泰利最后的挑战,The Goonies II,,1987年11月,1987年11月,1988年12月19日,科乐美,https://zh.wikipedia.org/wiki/%E4%B8%83%E5%AE%9D%E5%A5%87%E8%B0%8B2_%E5%BC%97%E9%9B%B7%E6%B3%B0%E5%88%A9%E6%9C%80%E5%90%8E%E7%9A%84%E6%8C%91%E6%88%98,https://zh.wikipedia.org/wiki/%E7%A7%91%E6%A8%82%E7%BE%8E
NES,Nintendo Entertainment System,,Gotcha! The Sport!,,1987年11月,1987年11月,,LJN,,https://zh.wikipedia.org/wiki/LJN
NES,Nintendo Entertainment System,宇宙巡航舰,Gradius,,1986年12月,1986年12月,1988年11月30日,科乐美,https://zh.wikipedia.org/wiki/%E5%AE%87%E5%AE%99%E5%B7%A1%E8%88%AA%E8%89%A6_(%E9%81%8A%E6%88%B2),https://zh.wikipedia.org/wiki/%E7%A7%91%E6%A8%82%E7%BE%8E
NES,Nintendo Entertainment System,,The Great Waldo Search,,1992年12月,1992年12月,,THQ,,https://zh.wikipedia.org/wiki/THQ
NES,Nintendo Entertainment System,,Greg Norman's Golf Power,,1992年7月,1992年7月,,Virgin Interactive,,https://zh.wikipedia.org/wiki/Virgin_Interactive
NES,Nintendo Entertainment System,,Gremlins 2: The New Batch,,1990年10月,1990年10月,1991年2月21日,Sun电子,,https://zh.wikipedia.org/wiki/Sun%E7%94%B5%E5%AD%90
NES,Nintendo Entertainment System,,The Guardian Legend,,1989年4月,1989年4月,1992年2月20日,北美：Brøderbund北美、欧洲：任天堂,,https://zh.wikipedia.org/wiki/Br%C3%B8derbund
NES,Nintendo Entertainment System,古巴战士,Guerrilla War,,1989年6月,1989年6月,,SNK,https://zh.wikipedia.org/wiki/%E5%8F%A4%E5%B7%B4%E6%88%98%E5%A3%AB,https://zh.wikipedia.org/wiki/SNK_Playmore
NES,Nintendo Entertainment System,,Gumshoe,,1986年6月6日,1986年6月6日,1988年6月15日,任天堂,,https://zh.wikipedia.org/wiki/%E4%BB%BB%E5%A4%A9%E5%A0%82
NES,Nintendo Entertainment System,加纳战机,Gun-Nac,,1991年9月,1991年9月,,ASCII,https://zh.wikipedia.org/wiki/%E5%8A%A0%E7%BA%B3%E6%88%98%E6%9C%BA,https://zh.wikipedia.org/wiki/ASCII_(%E5%85%AC%E5%8F%B8)
NES,Nintendo Entertainment System,,Gun.Smoke,,1988年2月,1988年2月,1988年12月23日,卡普空,,https://zh.wikipedia.org/wiki/%E5%8D%A1%E6%99%AE%E7%A9%BA
NES,Nintendo Entertainment System,,Gyromite,,1985年10月18日,1985年10月18日,1986年9月1日,任天堂,,https://zh.wikipedia.org/wiki/%E4%BB%BB%E5%A4%A9%E5%A0%82
NES,Nintendo Entertainment System,,Gyruss,,1989年2月,1989年2月,,Ultra Games,,
NES,Nintendo Entertainment System,大力工头,Hammerin' Harry,,1992年,,1992年,Irem,https://zh.wikipedia.org/wiki/%E5%A4%A7%E5%8A%9B%E5%B7%A5%E9%A0%AD,https://zh.wikipedia.org/wiki/Irem
NES,Nintendo Entertainment System,,Harlem Globetrotters,,1991年3月,1991年3月,,GameTek,,
NES,Nintendo Entertainment System,,Hatris,,1992年4月,1992年4月,,Bullet-Proof Software,,
NES,Nintendo Entertainment System,,Heavy Barrel,,1990年3月,1990年3月,,Data East,,https://zh.wikipedia.org/wiki/Data_East
NES,Nintendo Entertainment System,,Heavy Shreddin',,1990年6月,1990年6月,,Parker Brothers,,https://zh.wikipedia.org/wiki/Parker_Brothers
NES,Nintendo Entertainment System,,High Speed,,1991年7月,1991年7月,1994年4月28日,Tradewest,,
NES,Nintendo Entertainment System,警技射击,Hogan's Alley,,1985年10月18日,1985年10月18日,1987年12月15日,任天堂,https://zh.wikipedia.org/wiki/%E8%AD%A6%E6%8A%80%E5%B0%84%E5%87%BB,https://zh.wikipedia.org/wiki/%E4%BB%BB%E5%A4%A9%E5%A0%82
NES,Nintendo Entertainment System,,Hollywood Squares,,1989年9月,1989年9月,,GameTek,,
NES,Nintendo Entertainment System,,Home Alone,,1991年10月,1991年10月,,THQ,,https://zh.wikipedia.org/wiki/THQ
NES,Nintendo Entertainment System,,Home Alone 2: Lost in New York,,1992年10月,1992年10月,,THQ,,https://zh.wikipedia.org/wiki/THQ
NES,Nintendo Entertainment System,铁钩船长,Hook,,1992年4月,1992年4月,,北美：Sony Imagesoft欧洲：Ocean Software,https://zh.wikipedia.org/wiki/%E9%93%81%E9%92%A9%E8%88%B9%E9%95%BF_(%E6%B8%B8%E6%88%8F),
NES,Nintendo Entertainment System,,Hoops,,1989年6月,1989年6月,,Jaleco,,https://zh.wikipedia.org/wiki/Jaleco
NES,Nintendo Entertainment System,,Hudson Hawk,,1992年2月,1992年2月,,北美：Sony Imagesoft欧洲：Ocean Software,,
NES,Nintendo Entertainment System,猎杀红色十月号,The Hunt for Red October,,1991年1月,1991年1月,,Hi Tech Expressions,https://zh.wikipedia.org/wiki/%E7%8C%8E%E6%9D%80%E7%BA%A2%E8%89%B2%E5%8D%81%E6%9C%88%E5%8F%B7_(1991%E5%B9%B4%E6%B8%B8%E6%88%8F),
NES,Nintendo Entertainment System,,Hydlide,,1989年6月,1989年6月,,FCI,https://zh.wikipedia.org/wiki/Hydlide,
NES,Nintendo Entertainment System,敲冰块,Ice Climber,,1985年10月18日,1985年10月18日,1986年9月1日,任天堂,https://zh.wikipedia.org/wiki/%E6%95%B2%E5%86%B0%E5%9D%97,https://zh.wikipedia.org/wiki/%E4%BB%BB%E5%A4%A9%E5%A0%82
NES,Nintendo Entertainment System,,Ice Hockey,,1988年3月,1988年3月,1988年4月15日,任天堂,,https://zh.wikipedia.org/wiki/%E4%BB%BB%E5%A4%A9%E5%A0%82
NES,Nintendo Entertainment System,怒,Ikari Warriors,,1987年5月,1987年5月,1989年8月10日,SNK,https://zh.wikipedia.org/wiki/%E6%80%92_(%E6%B8%B8%E6%88%8F),https://zh.wikipedia.org/wiki/SNK_Playmore
NES,Nintendo Entertainment System,,Ikari Warriors II: Victory Road,,1988年4月,1988年4月,,SNK,,https://zh.wikipedia.org/wiki/SNK
NES,Nintendo Entertainment System,,Ikari Warriors III: The Rescue,,1991年2月,1991年2月,,SNK,,https://zh.wikipedia.org/wiki/SNK
NES,Nintendo Entertainment System,,Image Fight,,1990年6月,1990年6月,,Irem,,https://zh.wikipedia.org/wiki/Irem
NES,Nintendo Entertainment System,,The Immortal,,1990年11月,1990年11月,,艺电,,https://zh.wikipedia.org/wiki/%E8%89%BA%E7%94%B5
NES,Nintendo Entertainment System,,The Incredible Crash Dummies,,1994年8月,1994年8月,1993年10月21日,LJN,,https://zh.wikipedia.org/wiki/LJN
NES,Nintendo Entertainment System,,Indiana Jones and the Last Crusade,,1991年3月,1991年3月,,太东,,https://zh.wikipedia.org/wiki/%E5%A4%AA%E6%9D%B1
NES,Nintendo Entertainment System,,Indiana Jones and the Last Crusade,,1993年12月,1993年12月,,育碧软件,,https://zh.wikipedia.org/wiki/%E8%82%B2%E7%A2%A7%E8%BD%AF%E4%BB%B6
NES,Nintendo Entertainment System,,Indiana Jones and the Temple of Doom,,1988年12月,1988年12月,,Mindscape,,
NES,Nintendo Entertainment System,,Infiltrator,,1990年1月,1990年1月,,Mindscape,,
NES,Nintendo Entertainment System,,International Cricket,,1992年,,1992年,美泰,,https://zh.wikipedia.org/wiki/%E7%BE%8E%E6%B3%B0%E5%85%92
NES,Nintendo Entertainment System,,Iron Tank,,1988年7月,1988年7月,,SNK,,https://zh.wikipedia.org/wiki/SNK_Playmore
NES,Nintendo Entertainment System,,Ironsword: Wizards & Warriors II,,1989年12月,1989年12月,1991年3月27日,Acclaim Entertainment,,
NES,Nintendo Entertainment System,,Isolated Warrior,,1991年2月,1991年2月,,日本电视台,,https://zh.wikipedia.org/wiki/%E6%97%A5%E6%9C%AC%E9%9B%BB%E8%A6%96%E5%8F%B0
NES,Nintendo Entertainment System,,Ivan 'Ironman' Stewart's Super Off Road,,1990年4月,1990年4月,1991年3月14日,Tradewest,,
NES,Nintendo Entertainment System,,Jack Nicklaus' Greatest 18 Holes of Major Championship Golf,,1990年3月,1990年3月,1991年6月27日,科乐美,,https://zh.wikipedia.org/wiki/%E7%A7%91%E6%A8%82%E7%BE%8E
NES,Nintendo Entertainment System,赤色要塞,Jackal,,1988年9月,1988年9月,,科乐美,https://zh.wikipedia.org/wiki/%E8%B5%A4%E8%89%B2%E8%A6%81%E5%A1%9E,https://zh.wikipedia.org/wiki/%E7%A7%91%E6%A8%82%E7%BE%8E
NES,Nintendo Entertainment System,,Jackie Chan's Action Kung Fu,,1990年12月,1990年12月,1991年,Hudson Soft,,https://zh.wikipedia.org/wiki/Hudson_Soft
NES,Nintendo Entertainment System,,James Bond Jr.,,1992年11月,1992年11月,,THQ,,https://zh.wikipedia.org/wiki/THQ
NES,Nintendo Entertainment System,,Jaws,,1987年11月,1987年11月,,LJN,,https://zh.wikipedia.org/wiki/LJN
NES,Nintendo Entertainment System,,Jeopardy!,,1988年9月,1988年9月,,GameTek,,
NES,Nintendo Entertainment System,,Jeopardy! 25th Anniversary Edition,,1990年6月,1990年6月,,GameTek,,
NES,Nintendo Entertainment System,,Jeopardy! Junior Edition,,1989年10月,1989年10月,,GameTek,,
NES,Nintendo Entertainment System,,The Jetsons: Cogswell's Caper!,,1992年12月,1992年12月,1993年8月26日,太东,,https://zh.wikipedia.org/wiki/%E5%A4%AA%E6%9D%B1
NES,Nintendo Entertainment System,,Jimmy Connors Tennis,,1993年11月,1993年11月,,育碧软件,,https://zh.wikipedia.org/wiki/%E8%82%B2%E7%A2%A7%E8%BD%AF%E4%BB%B6
NES,Nintendo Entertainment System,战斗原始人,Joe & Mac,,1992年12月,1992年12月,,Data East,https://zh.wikipedia.org/wiki/%E6%88%98%E6%96%97%E5%8E%9F%E5%A7%8B%E4%BA%BA,https://zh.wikipedia.org/wiki/Data_East
NES,Nintendo Entertainment System,,John Elway's Quarterback,,1989年3月,1989年3月,,Tradewest,,
NES,Nintendo Entertainment System,,Jordan vs. Bird: One on One,,1989年8月,1989年8月,,Milton Bradley Company,,
NES,Nintendo Entertainment System,星际魂斗罗,Journey to Silius,,1990年9月,1990年9月,1991年2月21日,Sun电子,https://zh.wikipedia.org/wiki/%E6%98%9F%E9%99%85%E9%AD%82%E6%96%97%E7%BD%97,https://zh.wikipedia.org/wiki/Sun%E7%94%B5%E5%AD%90
NES,Nintendo Entertainment System,鸵鸟骑士,Joust,,1988年10月,1988年10月,,HAL America Inc,https://zh.wikipedia.org/wiki/%E9%B4%95%E9%B3%A5%E9%A8%8E%E5%A3%AB,
NES,Nintendo Entertainment System,,Jurassic Park,,1993年6月,1993年6月,1993年12月28日,Ocean Software,,
NES,Nintendo Entertainment System,,Kabuki Quantum Fighter,,1991年1月,1991年1月,1992年2月20日,HAL America Inc,,
NES,Nintendo Entertainment System,,Karate Champ,,1986年11月,1986年11月,,Data East,,https://zh.wikipedia.org/wiki/Data_East
NES,Nintendo Entertainment System,,The Karate Kid,,1987年11月,1987年11月,,LJN,,https://zh.wikipedia.org/wiki/LJN
NES,Nintendo Entertainment System,,Karnov,,1988年1月,1988年1月,,Data East,,https://zh.wikipedia.org/wiki/Data_East
NES,Nintendo Entertainment System,,Kick Master,,1992年1月,1992年1月,,太东,,https://zh.wikipedia.org/wiki/%E5%A4%AA%E6%9D%B1
NES,Nintendo Entertainment System,,Kick Off,,1992年7月22日,,1992年7月22日,Imagineer,,
NES,Nintendo Entertainment System,,Kickle Cubicle,,1990年9月,1990年9月,,Irem,,https://zh.wikipedia.org/wiki/Irem
NES,Nintendo Entertainment System,光神话 帕尔提娜之镜,Kid Icarus,,1987年7月,1987年7月,1988年2月15日,任天堂,https://zh.wikipedia.org/wiki/%E5%85%89%E7%A5%9E%E8%AF%9D_%E5%B8%95%E5%B0%94%E6%8F%90%E5%A8%9C%E4%B9%8B%E9%95%9C,https://zh.wikipedia.org/wiki/%E4%BB%BB%E5%A4%A9%E5%A0%82
NES,Nintendo Entertainment System,,Kid Klown in Night Mayor World,,1993年4月,1993年4月,,Kemco,,
NES,Nintendo Entertainment System,,Kid Kool,,1990年3月,1990年3月,,Vic Tokai,,
NES,Nintendo Entertainment System,,Kid Niki: Radical Ninja,,1987年11月,1987年11月,,Data East,,https://zh.wikipedia.org/wiki/Data_East
NES,Nintendo Entertainment System,,King's Knight,,1989年9月,1989年9月,,史克威尔,,https://zh.wikipedia.org/wiki/%E5%8F%B2%E5%85%8B%E5%A8%81%E7%88%BE
NES,Nintendo Entertainment System,,Kings of the Beach,,1990年1月,1990年1月,,Ultra Games,,
NES,Nintendo Entertainment System,,King's Quest V: Absence Makes the Heart Go Yonder!,,1992年6月,1992年6月,,科乐美,,https://zh.wikipedia.org/wiki/%E7%A7%91%E6%A8%82%E7%BE%8E
NES,Nintendo Entertainment System,星之卡比 梦之泉物语,Kirby's Adventure,,1993年5月,1993年5月,1993年12月9日,任天堂 HAL America Inc,https://zh.wikipedia.org/wiki/%E6%98%9F%E4%B9%8B%E5%8D%A1%E6%AF%94_%E5%A4%A2%E4%B9%8B%E6%B3%89%E7%89%A9%E8%AA%9E,https://zh.wikipedia.org/wiki/%E4%BB%BB%E5%A4%A9%E5%A0%82
NES,Nintendo Entertainment System,火爆钢球,KlashBall,,1991年7月,1991年7月,,SOFEL,https://zh.wikipedia.org/wiki/%E7%81%AB%E7%88%86%E9%8B%BC%E7%90%83,
NES,Nintendo Entertainment System,,Knight Rider,,1989年12月,1989年12月,1990年7月27日,Acclaim Entertainment,,
NES,Nintendo Entertainment System,,Konami Hyper Soccer,,1992年,,1992年,科乐美,,https://zh.wikipedia.org/wiki/%E7%A7%91%E6%A8%82%E7%BE%8E
NES,Nintendo Entertainment System,,The Krion Conquest,,1991年1月,1991年1月,,Vic Tokai,,
NES,Nintendo Entertainment System,,Krusty's Fun House,,1992年9月,1992年9月,,Acclaim Entertainment,,
NES,Nintendo Entertainment System,成龙踢馆,Kung-Fu Master,,1985年10月18日,1985年10月18日,1987年4月15日,任天堂,https://zh.wikipedia.org/wiki/%E6%88%90%E9%BE%99%E8%B8%A2%E9%A6%86,https://zh.wikipedia.org/wiki/%E4%BB%BB%E5%A4%A9%E5%A0%82
NES,Nintendo Entertainment System,超级中国人,Kung-Fu Heroes,,1989年3月,1989年3月,,Culture Brain,https://zh.wikipedia.org/wiki/%E8%B6%85%E7%BA%A7%E4%B8%AD%E5%9B%BD%E4%BA%BA,
NES,Nintendo Entertainment System,,Laser Invasion,,1991年6月,1991年6月,,Ultra Games,,
NES,Nintendo Entertainment System,,Last Action Hero,,1993年10月,1993年10月,,Sony Imagesoft,,
NES,Nintendo Entertainment System,,The Last Ninja,,1991年2月,1991年2月,,Jaleco,,https://zh.wikipedia.org/wiki/Jaleco
NES,Nintendo Entertainment System,,The Last Starfighter,,1990年6月,1990年6月,,Mindscape,,
NES,Nintendo Entertainment System,,Lee Trevino's Fighting Golf,,1988年9月,1988年9月,1990年5月18日,SNK,,https://zh.wikipedia.org/wiki/SNK_Playmore
NES,Nintendo Entertainment System,屠龙剑IV 屠龙家族,Legacy of the Wizard,,1989年4月,1989年4月,,Brøderbund,https://zh.wikipedia.org/wiki/%E5%B1%A0%E9%BE%99%E5%89%91IV_%E5%B1%A0%E9%BE%99%E5%AE%B6%E6%97%8F,https://zh.wikipedia.org/wiki/Br%C3%B8derbund
NES,Nintendo Entertainment System,,Legend of the Ghost Lion,,1992年10月,1992年10月,,Kemco,,
NES,Nintendo Entertainment System,影之传说,The Legend of Kage,,1987年8月,1987年8月,,太东,https://zh.wikipedia.org/wiki/%E5%BD%B1%E4%B9%8B%E4%BC%A0%E8%AF%B4,https://zh.wikipedia.org/wiki/%E5%A4%AA%E6%9D%B1
NES,Nintendo Entertainment System,,The Legend of Prince Valiant,,1992年,,1992年,Ocean Software,,
NES,Nintendo Entertainment System,塞尔达传说,The Legend of Zelda,,1987年8月22日,1987年8月22日,1987年11月15日,任天堂,https://zh.wikipedia.org/wiki/%E5%A1%9E%E5%B0%94%E8%BE%BE%E4%BC%A0%E8%AF%B4_(%E6%B8%B8%E6%88%8F),https://zh.wikipedia.org/wiki/%E4%BB%BB%E5%A4%A9%E5%A0%82
NES,Nintendo Entertainment System,,Legendary Wings,,1988年7月,1988年7月,,卡普空,,https://zh.wikipedia.org/wiki/%E5%8D%A1%E6%99%AE%E7%A9%BA
NES,Nintendo Entertainment System,,Legends of the Diamond,,1992年1月,1992年1月,,Bandai,,https://zh.wikipedia.org/wiki/%E8%90%AC%E4%BB%A3
NES,Nintendo Entertainment System,百战小旅鼠,Lemmings,,1992年11月,1992年11月,1993年5月19日,Sun电子,https://zh.wikipedia.org/wiki/%E7%99%BE%E6%88%B0%E5%B0%8F%E6%97%85%E9%BC%A0,https://zh.wikipedia.org/wiki/Sun%E7%94%B5%E5%AD%90
NES,Nintendo Entertainment System,,L'Empereur,,1991年11月,1991年11月,,光荣,,https://zh.wikipedia.org/wiki/%E5%85%89%E6%A6%AE
NES,Nintendo Entertainment System,,Lethal Weapon,,1993年4月,1993年4月,,Ocean Software,,
NES,Nintendo Entertainment System,沙罗曼蛇,Life Force,,1988年8月,1988年8月,1988年,科乐美,https://zh.wikipedia.org/wiki/%E6%B2%99%E7%BD%97%E6%9B%BC%E8%9B%87,https://zh.wikipedia.org/wiki/%E7%A7%91%E6%A8%82%E7%BE%8E
NES,Nintendo Entertainment System,,Little League Baseball: Championship Series,,1990年7月,1990年7月,,SNK,,https://zh.wikipedia.org/wiki/SNK_Playmore
NES,Nintendo Entertainment System,梦之勇士,Little Nemo: The Dream Master,,1990年9月,1990年9月,1991年12月12日,卡普空,https://zh.wikipedia.org/wiki/%E6%A2%A6%E4%B9%8B%E5%8B%87%E5%A3%AB,https://zh.wikipedia.org/wiki/%E5%8D%A1%E6%99%AE%E7%A9%BA
NES,Nintendo Entertainment System,,Little Ninja Brothers,,1990年12月,1990年12月,,Culture Brain,,
NES,Nintendo Entertainment System,,Little Samson,,1992年11月,1992年11月,1993年3月18日,太东,,https://zh.wikipedia.org/wiki/%E5%A4%AA%E6%9D%B1
NES,Nintendo Entertainment System,淘金者,Lode Runner,,1987年9月,1987年9月,,Brøderbund,https://zh.wikipedia.org/wiki/%E6%B7%98%E9%87%91%E8%80%85_(%E6%B8%B8%E6%88%8F),https://zh.wikipedia.org/wiki/Br%C3%B8derbund
NES,Nintendo Entertainment System,,The Lone Ranger,,1991年8月,1991年8月,,科乐美,,https://zh.wikipedia.org/wiki/%E7%A7%91%E6%A8%82%E7%BE%8E
NES,Nintendo Entertainment System,,Loopz,,1990年10月,1990年10月,,Mindscape,,
NES,Nintendo Entertainment System,,Low G Man: The Low Gravity Man,,1990年9月,1990年9月,,Taxan,,
NES,Nintendo Entertainment System,月宫桌球,Lunar Pool,,1987年10月,1987年10月,,FCI,https://zh.wikipedia.org/wiki/%E6%9C%88%E5%AE%AB%E6%A1%8C%E7%90%83,
NES,Nintendo Entertainment System,,M.C. Kids,,1992年2月,1992年2月,1993年5月19日,北美：Virgin Interactive欧洲：Ocean Software,,https://zh.wikipedia.org/wiki/Virgin_Interactive
NES,Nintendo Entertainment System,,M.U.L.E.,,1990年9月,1990年9月,,Mindscape,https://zh.wikipedia.org/wiki/M.U.L.E.,
NES,Nintendo Entertainment System,,M.U.S.C.L.E.,,1986年10月,1986年10月,,万代,,https://zh.wikipedia.org/wiki/%E8%90%AC%E4%BB%A3
NES,Nintendo Entertainment System,,Mach Rider,,1985年10月18日,1985年10月18日,1987年3月15日,任天堂,,https://zh.wikipedia.org/wiki/%E4%BB%BB%E5%A4%A9%E5%A0%82
NES,Nintendo Entertainment System,,Mad Max,,1990年7月,1990年7月,,Mindscape,,
NES,Nintendo Entertainment System,,The Mafat Conspiracy,,1990年6月,1990年6月,,Vic Tokai,,
NES,Nintendo Entertainment System,,Magic Darts,,1991年9月,1991年9月,,Romstar,,
NES,Nintendo Entertainment System,,Magic Johnson's Fast Break,,1990年3月,1990年3月,,Tradewest,,
NES,Nintendo Entertainment System,,The Magic of Scheherazade,,1989年12月,1989年12月,,Culture Brain,,
NES,Nintendo Entertainment System,,Magician,,1991年2月,1991年2月,,Taxan,,
NES,Nintendo Entertainment System,组合金刚,MagMax,,1988年10月,1988年10月,,FCI,https://zh.wikipedia.org/wiki/%E7%B5%84%E5%90%88%E9%87%91%E5%89%9B,
NES,Nintendo Entertainment System,,Major League Baseball,,1988年4月,1988年4月,,LJN,,https://zh.wikipedia.org/wiki/LJN
NES,Nintendo Entertainment System,疯狂大楼,Maniac Mansion,,1990年9月,1990年9月,1992年10月22日,Jaleco,https://zh.wikipedia.org/wiki/%E7%98%8B%E7%8B%82%E5%A4%A7%E6%A8%93,https://zh.wikipedia.org/wiki/Jaleco
NES,Nintendo Entertainment System,猫捉老鼠2,Mappy-Land,,1989年4月,1989年4月,,Taxan,https://zh.wikipedia.org/wiki/%E7%8C%AB%E6%8D%89%E8%80%81%E9%BC%A02,
NES,Nintendo Entertainment System,狂暴弹珠,Marble Madness,,1989年3月,1989年3月,,Milton Bradley Company,https://zh.wikipedia.org/wiki/%E7%8B%82%E6%9A%B4%E5%BC%B9%E7%8F%A0,
NES,Nintendo Entertainment System,马力欧兄弟,Mario Bros.,,1986年6月,1986年6月,1986年9月1日,任天堂,https://zh.wikipedia.org/wiki/%E9%A9%AC%E9%87%8C%E5%A5%A5%E5%85%84%E5%BC%9F,https://zh.wikipedia.org/wiki/%E4%BB%BB%E5%A4%A9%E5%A0%82
NES,Nintendo Entertainment System,,Mario Is Missing!,,1993年7月,1993年7月,,Mindscape,,
NES,Nintendo Entertainment System,,Mario's Time Machine,,1994年6月,1994年6月,,Mindscape,,
NES,Nintendo Entertainment System,,Mechanized Attack,,1990年6月,1990年6月,,SNK,,https://zh.wikipedia.org/wiki/SNK_Playmore
NES,Nintendo Entertainment System,洛克人,Mega Man,,1987年12月,1987年12月,1989年12月13日,卡普空,https://zh.wikipedia.org/wiki/%E6%B4%9B%E5%85%8B%E4%BA%BA_(1987%E5%B9%B4%E6%B8%B8%E6%88%8F),https://zh.wikipedia.org/wiki/%E5%8D%A1%E6%99%AE%E7%A9%BA
NES,Nintendo Entertainment System,洛克人2 威利博士之谜,Mega Man 2,,1989年6月,1989年6月,1990年12月14日,卡普空,https://zh.wikipedia.org/wiki/%E6%B4%9B%E5%85%8B%E4%BA%BA2_%E5%A8%81%E5%88%A9%E5%8D%9A%E5%A3%AB%E4%B9%8B%E8%AC%8E,https://zh.wikipedia.org/wiki/%E5%8D%A1%E6%99%AE%E7%A9%BA
NES,Nintendo Entertainment System,洛克人3 威利博士的末期！？,Mega Man 3,,1990年11月,1990年11月,1992年2月20日,卡普空,https://zh.wikipedia.org/wiki/%E6%B4%9B%E5%85%8B%E4%BA%BA3_%E5%A8%81%E5%88%A9%E5%8D%9A%E5%A3%AB%E7%9A%84%E6%9C%AB%E6%9C%9F%EF%BC%81%EF%BC%9F,https://zh.wikipedia.org/wiki/%E5%8D%A1%E6%99%AE%E7%A9%BA
NES,Nintendo Entertainment System,洛克人4 新的野心！！,Mega Man 4,,1992年1月,1992年1月,1993年1月21日,卡普空,https://zh.wikipedia.org/wiki/%E6%B4%9B%E5%85%8B%E4%BA%BA4_%E6%96%B0%E7%9A%84%E9%87%8E%E5%BF%83%EF%BC%81%EF%BC%81,https://zh.wikipedia.org/wiki/%E5%8D%A1%E6%99%AE%E7%A9%BA
NES,Nintendo Entertainment System,洛克人5 布鲁斯的陷阱！？,Mega Man 5,,1992年12月,1992年12月,1993年11月18日,卡普空,https://zh.wikipedia.org/wiki/%E6%B4%9B%E5%85%8B%E4%BA%BA5_%E5%B8%83%E9%AD%AF%E6%96%AF%E7%9A%84%E9%99%B7%E9%98%B1%EF%BC%81%EF%BC%9F,https://zh.wikipedia.org/wiki/%E5%8D%A1%E6%99%AE%E7%A9%BA
NES,Nintendo Entertainment System,洛克人6 史上最大战争！！,Mega Man 6,,1994年3月,1994年3月,,日本：卡普空北美：任天堂,https://zh.wikipedia.org/wiki/%E6%B4%9B%E5%85%8B%E4%BA%BA6_%E5%8F%B2%E4%B8%8A%E6%9C%80%E5%A4%A7%E6%88%B0%E7%88%AD%EF%BC%81%EF%BC%81,https://zh.wikipedia.org/wiki/%E5%8D%A1%E6%99%AE%E7%A9%BA
NES,Nintendo Entertainment System,,Mendel Palace,,1990年10月,1990年10月,,Hudson Soft,,https://zh.wikipedia.org/wiki/Hudson_Soft
NES,Nintendo Entertainment System,合金装备,Metal Gear,,1988年6月,1988年6月,1988年,Ultra Games,https://zh.wikipedia.org/wiki/%E5%90%88%E9%87%91%E8%A3%85%E5%A4%87_(1987%E5%B9%B4%E6%B8%B8%E6%88%8F),
NES,Nintendo Entertainment System,,Metal Mech,,1991年3月,1991年3月,,Jaleco,,https://zh.wikipedia.org/wiki/Jaleco
NES,Nintendo Entertainment System,,Metal Storm,,1991年2月,1991年2月,,Irem,,https://zh.wikipedia.org/wiki/Irem
NES,Nintendo Entertainment System,银河战士,Metroid,,1987年8月,1987年8月,1988年1月15日,任天堂,https://zh.wikipedia.org/wiki/%E9%93%B6%E6%B2%B3%E6%88%98%E5%A3%AB_(%E6%B8%B8%E6%88%8F),https://zh.wikipedia.org/wiki/%E4%BB%BB%E5%A4%A9%E5%A0%82
NES,Nintendo Entertainment System,,Michael Andretti's World GP,,1990年6月,1990年6月,,American Sammy,,
NES,Nintendo Entertainment System,米老鼠 不可思议之国的大冒险,Mickey Mousecapade,,1988年10月,1988年10月,,卡普空,https://zh.wikipedia.org/wiki/%E7%B1%B3%E8%80%81%E9%BC%A0_%E4%B8%8D%E5%8F%AF%E6%80%9D%E8%AE%AE%E4%B9%8B%E5%9B%BD%E7%9A%84%E5%A4%A7%E5%86%92%E9%99%A9,https://zh.wikipedia.org/wiki/%E5%8D%A1%E6%99%AE%E7%A9%BA
NES,Nintendo Entertainment System,,Mickey's Adventures in Numberland,,1994年3月,1994年3月,,Hi Tech Expressions,,
NES,Nintendo Entertainment System,,Mickey's Safari in Letterland,,1993年3月,1993年3月,,Hi Tech Expressions,,
NES,Nintendo Entertainment System,魔法门I：心灵圣地之谜,Might and Magic Book One: The Secret of the Inner Sanctum,,1992年8月,1992年8月,,American Sammy,https://zh.wikipedia.org/wiki/%E9%AD%94%E6%B3%95%E9%97%A8I%EF%BC%9A%E5%BF%83%E7%81%B5%E5%9C%A3%E5%9C%B0%E4%B9%8B%E8%B0%9C,
NES,Nintendo Entertainment System,炸弹人杰克,Mighty Bomb Jack,,1987年7月,1987年7月,,特库摩,https://zh.wikipedia.org/wiki/%E7%82%B8%E5%BC%B9%E4%BA%BA%E6%9D%B0%E5%85%8B,https://zh.wikipedia.org/wiki/%E7%89%B9%E5%BA%93%E6%91%A9
NES,Nintendo Entertainment System,Mighty 快打旋风,Mighty Final Fight,,1993年7月,1993年7月,,卡普空,https://zh.wikipedia.org/wiki/Mighty_%E5%BF%AB%E6%89%93%E6%97%8B%E9%A3%8E,https://zh.wikipedia.org/wiki/%E5%8D%A1%E6%99%AE%E7%A9%BA
NES,Nintendo Entertainment System,,Mike Tyson's Punch-Out!!,,1987年10月,1987年10月,1987年12月15日,任天堂,,https://zh.wikipedia.org/wiki/%E4%BB%BB%E5%A4%A9%E5%A0%82
NES,Nintendo Entertainment System,,Millipede,,1988年10月,1988年10月,,HAL America Inc,,
NES,Nintendo Entertainment System,,Milon's Secret Castle,,1988年9月,1988年9月,,Hudson Soft,,https://zh.wikipedia.org/wiki/Hudson_Soft
NES,Nintendo Entertainment System,,Miracle Piano Teaching System,,1990年,1990年,1990年,Mindscape,,
NES,Nintendo Entertainment System,,Mission: Impossible,,1990年9月,1990年9月,1991年11月28日,Ultra Games,,
NES,Nintendo Entertainment System,,Monopoly,,1991年5月,1991年5月,,Parker Brothers,,https://zh.wikipedia.org/wiki/Parker_Brothers
NES,Nintendo Entertainment System,魔鬼总动员,Monster in My Pocket,,1992年1月,1992年1月,,科乐美,,https://zh.wikipedia.org/wiki/%E7%A7%91%E6%A8%82%E7%BE%8E
NES,Nintendo Entertainment System,,Monster Party,,1989年6月,1989年6月,,万代,,https://zh.wikipedia.org/wiki/%E8%90%AC%E4%BB%A3
NES,Nintendo Entertainment System,,Monster Truck Rally,,1991年9月,1991年9月,,INTV,,https://zh.wikipedia.org/wiki/Intellivision
NES,Nintendo Entertainment System,,Motor City Patrol,,1992年1月,1992年1月,,Matchbox,,https://zh.wikipedia.org/wiki/%E7%81%AB%E6%9F%B4%E7%9B%92%E5%B0%8F%E6%B1%BD%E8%BB%8A
NES,Nintendo Entertainment System,吉米克！,Mr. Gimmick!,,1993年5月19日,,1993年5月19日,Sunsoft,https://zh.wikipedia.org/wiki/%E5%90%89%E7%B1%B3%E5%85%8B%EF%BC%81,https://zh.wikipedia.org/wiki/Sun%E7%94%B5%E5%AD%90
NES,Nintendo Entertainment System,吃豆人小姐,Ms. Pac-Man,,1993年11月,1993年11月,,南梦宫,https://zh.wikipedia.org/wiki/%E5%90%83%E8%B1%86%E4%BA%BA%E5%B0%8F%E5%A7%90,https://zh.wikipedia.org/wiki/%E5%8D%97%E6%A2%A6%E5%AE%AB
NES,Nintendo Entertainment System,,Muppet Adventure: Chaos at the Carnival,,1990年11月,1990年11月,,Hi Tech Expressions,,
NES,Nintendo Entertainment System,,The Mutant Virus: Crisis in a Computer World,,1992年4月,1992年4月,,American Softworks,,
NES,Nintendo Entertainment System,,Mystery Quest,,1989年4月,1989年4月,,Taxan,,
NES,Nintendo Entertainment System,,NARC,,1990年8月,1990年8月,,Acclaim Entertainment,,
NES,Nintendo Entertainment System,马力欧高尔夫公开赛,NES Open Tournament Golf,,1991年9月,1991年9月,1992年6月18日,任天堂,https://zh.wikipedia.org/wiki/%E9%A9%AC%E5%8A%9B%E6%AC%A7%E9%AB%98%E5%B0%94%E5%A4%AB%E5%85%AC%E5%BC%80%E8%B5%9B,https://zh.wikipedia.org/wiki/%E4%BB%BB%E5%A4%A9%E5%A0%82
NES,Nintendo Entertainment System,,NES Play Action Football,,1990年9月,1990年9月,,任天堂,,https://zh.wikipedia.org/wiki/%E4%BB%BB%E5%A4%A9%E5%A0%82
NES,Nintendo Entertainment System,,New Ghostbusters II,,1990年,,1990年,HAL America Inc,,
NES,Nintendo Entertainment System,,Template:Vgrtbl-tx,,1991年3月,1991年3月,1991年,Template:Vgrtbl-tx,,
NES,Nintendo Entertainment System,,NFL,,1989年9月,1989年9月,,LJN,,https://zh.wikipedia.org/wiki/LJN
NES,Nintendo Entertainment System,,Nigel Mansell's World Championship Racing,,1993年10月,1993年10月,,GameTek,,
NES,Nintendo Entertainment System,,A Nightmare on Elm Street,,1990年10月,1990年10月,,LJN,,https://zh.wikipedia.org/wiki/LJN
NES,Nintendo Entertainment System,,Nightshade,,1992年1月,1992年1月,,Ultra Games,,
NES,Nintendo Entertainment System,忍者龙牙,Ninja Crusaders,,1990年12月,1990年12月,,American Sammy,https://zh.wikipedia.org/wiki/%E5%BF%8D%E8%80%85%E9%BE%99%E7%89%99,
NES,Nintendo Entertainment System,忍者龙剑传,Ninja Gaiden,,1989年3月,1989年3月,1991年8月15日,特库摩,https://zh.wikipedia.org/wiki/%E5%BF%8D%E8%80%85%E9%BE%99%E5%89%91%E4%BC%A0_(%E7%BA%A2%E7%99%BD%E6%9C%BA),https://zh.wikipedia.org/wiki/%E7%89%B9%E5%BA%93%E6%91%A9
NES,Nintendo Entertainment System,忍者龙剑传II 暗黑的邪神剑,Ninja Gaiden II: The Dark Sword of Chaos,,1990年5月,1990年5月,1994年10月27日,特库摩,https://zh.wikipedia.org/wiki/%E5%BF%8D%E8%80%85%E9%BE%99%E5%89%91%E4%BC%A0II_%E6%9A%97%E9%BB%91%E7%9A%84%E9%82%AA%E7%A5%9E%E5%89%91,https://zh.wikipedia.org/wiki/%E7%89%B9%E5%BA%93%E6%91%A9
NES,Nintendo Entertainment System,忍者龙剑传III 黄泉的方船,Ninja Gaiden III: The Ancient Ship of Doom,,1991年8月,1991年8月,,特库摩,https://zh.wikipedia.org/wiki/%E5%BF%8D%E8%80%85%E9%BE%99%E5%89%91%E4%BC%A0III_%E9%BB%84%E6%B3%89%E7%9A%84%E6%96%B9%E8%88%B9,https://zh.wikipedia.org/wiki/%E7%89%B9%E5%BA%93%E6%91%A9
NES,Nintendo Entertainment System,鬼太郎 妖怪大魔境,Ninja Kid,,1986年10月29日,1986年10月29日,,万代,https://zh.wikipedia.org/wiki/%E9%AC%BC%E5%A4%AA%E9%83%8E_%E5%A6%96%E6%80%AA%E5%A4%A7%E9%AD%94%E5%A2%83,https://zh.wikipedia.org/wiki/%E8%90%AC%E4%BB%A3
NES,Nintendo Entertainment System,,Nintendo Campus Challenge,,1991年,1991年,,任天堂,,https://zh.wikipedia.org/wiki/%E4%BB%BB%E5%A4%A9%E5%A0%82
NES,Nintendo Entertainment System,,Nintendo World Championships,,1990年,1990年,,任天堂,,https://zh.wikipedia.org/wiki/%E4%BB%BB%E5%A4%A9%E5%A0%82
NES,Nintendo Entertainment System,热血足球,Nintendo World Cup,,1990年12月,1990年12月,1991年6月27日,任天堂,https://zh.wikipedia.org/wiki/%E7%83%AD%E8%A1%80%E8%B6%B3%E7%90%83,https://zh.wikipedia.org/wiki/%E4%BB%BB%E5%A4%A9%E5%A0%82
NES,Nintendo Entertainment System,,Noah's Ark,,1992年,,1992年,科乐美,,https://zh.wikipedia.org/wiki/%E7%A7%91%E6%A8%82%E7%BE%8E
NES,Nintendo Entertainment System,信长之野望·全国版,Nobunaga's Ambition,,1989年6月,1989年6月,,光荣,https://zh.wikipedia.org/wiki/%E4%BF%A1%E9%95%BF%E4%B9%8B%E9%87%8E%E6%9C%9B%C2%B7%E5%85%A8%E5%9B%BD%E7%89%88,https://zh.wikipedia.org/wiki/%E5%85%89%E6%A6%AE
NES,Nintendo Entertainment System,信长之野望·战国群雄传,Nobunaga's Ambition II,,1991年4月,1991年4月,,光荣,https://zh.wikipedia.org/wiki/%E4%BF%A1%E9%95%BF%E4%B9%8B%E9%87%8E%E6%9C%9B%C2%B7%E6%88%98%E5%9B%BD%E7%BE%A4%E9%9B%84%E4%BC%A0,https://zh.wikipedia.org/wiki/%E5%85%89%E6%A6%AE
NES,Nintendo Entertainment System,,North & South,,1990年12月,1990年12月,1992年1月23日,Seika,,
NES,Nintendo Entertainment System,野狼计划,Operation Wolf,,1989年5月,1989年5月,,太东,https://zh.wikipedia.org/wiki/%E9%87%8E%E7%8B%BC%E8%A8%88%E5%8A%83,https://zh.wikipedia.org/wiki/%E5%A4%AA%E6%9D%B1
NES,Nintendo Entertainment System,,Orb-3D,,1990年10月,1990年10月,,Hi Tech Expressions,,
NES,Nintendo Entertainment System,,Othello,,1988年12月,1988年12月,,Acclaim Entertainment,,
NES,Nintendo Entertainment System,,Over Horizon,,1991年,,1991年,Hot B,,
NES,Nintendo Entertainment System,,Overlord,,1993年1月,1993年1月,,Virgin Interactive,,https://zh.wikipedia.org/wiki/Virgin_Interactive
NES,Nintendo Entertainment System,脱狱 -囚犯的战争-,P.O.W.: Prisoners of War,,1989年9月,1989年9月,,SNK,https://zh.wikipedia.org/wiki/%E8%84%B1%E7%8B%B1_-%E5%9B%9A%E7%8A%AF%E7%9A%84%E6%88%98%E4%BA%89-,https://zh.wikipedia.org/wiki/SNK_Playmore
NES,Nintendo Entertainment System,吃豆人,Pac-Man,,1993年11月,1993年11月,,南梦宫,https://zh.wikipedia.org/wiki/%E5%90%83%E8%B1%86%E4%BA%BA,https://zh.wikipedia.org/wiki/%E5%8D%97%E6%A2%A6%E5%AE%AB
NES,Nintendo Entertainment System,,Palamedes,,1990年11月,1990年11月,,Hot-B,,
NES,Nintendo Entertainment System,,Panic Restaurant,,1992年8月,1992年8月,1994年5月26日,太东,,https://zh.wikipedia.org/wiki/%E5%A4%AA%E6%9D%B1
NES,Nintendo Entertainment System,,Paperboy,,1988年12月,1988年12月,1990年10月26日,Mindscape,,
NES,Nintendo Entertainment System,,Paperboy 2,,1992年4月,1992年4月,,Mindscape,,
NES,Nintendo Entertainment System,,Parasol Stars: The Story of Bubble Bobble 3,,1991年,,1991年,太东 Ocean Software,,https://zh.wikipedia.org/wiki/%E5%A4%AA%E6%9D%B1
NES,Nintendo Entertainment System,,Parodius Da!,,1992年,,1992年,Palcom,,
NES,Nintendo Entertainment System,,Peter Pan and the Pirates,,1991年1月,1991年1月,,THQ,,https://zh.wikipedia.org/wiki/THQ
NES,Nintendo Entertainment System,,Phantom Fighter,,1990年4月,1990年4月,,FCI,,
NES,Nintendo Entertainment System,,Pictionary,,1990年7月,1990年7月,,LJN,,https://zh.wikipedia.org/wiki/LJN
NES,Nintendo Entertainment System,弹珠台,Pinball,,1985年10月18日,1985年10月18日,1986年9月1日,任天堂,https://zh.wikipedia.org/wiki/%E5%BC%B9%E7%8F%A0%E5%8F%B0_(%E7%94%B5%E5%AD%90%E6%B8%B8%E6%88%8F),https://zh.wikipedia.org/wiki/%E4%BB%BB%E5%A4%A9%E5%A0%82
NES,Nintendo Entertainment System,,Pinball Quest,,1990年6月,1990年6月,,Jaleco,,https://zh.wikipedia.org/wiki/Jaleco
NES,Nintendo Entertainment System,,Pin*Bot,,1990年4月,1990年4月,,任天堂,,https://zh.wikipedia.org/wiki/%E4%BB%BB%E5%A4%A9%E5%A0%82
NES,Nintendo Entertainment System,,Pipe Dream,,1990年9月,1990年9月,,Bullet-Proof Software,,
NES,Nintendo Entertainment System,,Pirates!,,1991年10月,1991年10月,,Ultra Games,,
NES,Nintendo Entertainment System,,Platoon,,1988年12月,1988年12月,,Sun电子,,https://zh.wikipedia.org/wiki/Sun%E7%94%B5%E5%AD%90
NES,Nintendo Entertainment System,大力水手,Popeye,,1986年6月,1986年6月,1986年9月1日,任天堂,https://zh.wikipedia.org/wiki/%E5%A4%A7%E5%8A%9B%E6%B0%B4%E6%89%8B_(%E6%B8%B8%E6%88%8F),https://zh.wikipedia.org/wiki/%E4%BB%BB%E5%A4%A9%E5%A0%82
NES,Nintendo Entertainment System,,Power Blade,,1991年3月,1991年3月,1992年1月23日,太东,,https://zh.wikipedia.org/wiki/%E5%A4%AA%E6%9D%B1
NES,Nintendo Entertainment System,,Power Blade 2,,1992年10月,1992年10月,,太东,,https://zh.wikipedia.org/wiki/%E5%A4%AA%E6%9D%B1
NES,Nintendo Entertainment System,,Power Punch II,,1992年6月,1992年6月,,American Softworks,,
NES,Nintendo Entertainment System,,Predator: Soon the Hunt Will Begin,,1989年4月,1989年4月,,动视,,https://zh.wikipedia.org/wiki/%E5%8A%A8%E8%A7%86
NES,Nintendo Entertainment System,波斯王子,Prince of Persia,,1992年11月,1992年11月,1993年4月29日,Virgin Interactive,https://zh.wikipedia.org/wiki/%E6%B3%A2%E6%96%AF%E7%8E%8B%E5%AD%90_(1989%E5%B9%B4%E9%81%8A%E6%88%B2),https://zh.wikipedia.org/wiki/Virgin_Interactive
NES,Nintendo Entertainment System,,Princess Tomato in the Salad Kingdom,,1991年2月,1991年2月,,Hudson Soft,,https://zh.wikipedia.org/wiki/Hudson_Soft
NES,Nintendo Entertainment System,,Pro Sport Hockey,,1993年11月,1993年11月,,Jaleco,,https://zh.wikipedia.org/wiki/Jaleco
NES,Nintendo Entertainment System,,Pro Wrestling,,1987年3月,1987年3月,1987年9月15日,任天堂,,https://zh.wikipedia.org/wiki/%E4%BB%BB%E5%A4%A9%E5%A0%82
NES,Nintendo Entertainment System,,The Punisher,,1990年11月,1990年11月,,LJN,,https://zh.wikipedia.org/wiki/LJN
NES,Nintendo Entertainment System,,Puss 'n Boots: Pero's Great Adventure,,1990年6月,1990年6月,,Electro Brain,,
NES,Nintendo Entertainment System,,Puzznic,,1990年11月,1990年11月,1991年4月25日,太东,,https://zh.wikipedia.org/wiki/%E5%A4%AA%E6%9D%B1
NES,Nintendo Entertainment System,Q伯特,Q*bert,,1989年2月,1989年2月,,Ultra Games,https://zh.wikipedia.org/wiki/Q%E4%BC%AF%E7%89%B9,
NES,Nintendo Entertainment System,,Qix,,1991年1月,1991年1月,,太东,,https://zh.wikipedia.org/wiki/%E5%A4%AA%E6%9D%B1
NES,Nintendo Entertainment System,,R.B.I. Baseball,,1988年,1988年,,南梦宫,,https://zh.wikipedia.org/wiki/%E5%8D%97%E6%A2%A6%E5%AE%AB
NES,Nintendo Entertainment System,R.C. Pro-Am,R.C. Pro-Am,,1988年2月,1988年2月,1988年4月15日,任天堂,https://zh.wikipedia.org/wiki/R.C._Pro-Am,https://zh.wikipedia.org/wiki/%E4%BB%BB%E5%A4%A9%E5%A0%82
NES,Nintendo Entertainment System,,R.C. Pro-Am II,,1992年12月,1992年12月,1993年9月23日,Tradewest,,
NES,Nintendo Entertainment System,,Race America,,1992年5月,1992年5月,,北美：Absolute Entertainment欧洲：Milton Bradley Company,,
NES,Nintendo Entertainment System,,Racket Attack,,1988年10月,1988年10月,1994年3月24日,Jaleco,,https://zh.wikipedia.org/wiki/Jaleco
NES,Nintendo Entertainment System,,Rackets & Rivals,,1993年,,1993年,Palcom,,
NES,Nintendo Entertainment System,,Rad Racer,,1987年10月1日,1987年10月1日,1988年1月15日,任天堂,,https://zh.wikipedia.org/wiki/%E4%BB%BB%E5%A4%A9%E5%A0%82
NES,Nintendo Entertainment System,,Rad Racer II,,1990年6月,1990年6月,,史克威尔,,https://zh.wikipedia.org/wiki/%E5%8F%B2%E5%85%8B%E5%A8%81%E7%88%BE
NES,Nintendo Entertainment System,救难直升机,Raid on Bungeling Bay,,1987年9月,1987年9月,,Brøderbund,https://zh.wikipedia.org/wiki/%E6%95%91%E9%9A%BE%E7%9B%B4%E5%8D%87%E6%9C%BA,https://zh.wikipedia.org/wiki/Br%C3%B8derbund
NES,Nintendo Entertainment System,,Rainbow Islands: The Story of Bubble Bobble 2,,1991年6月,1991年6月,,太东,,https://zh.wikipedia.org/wiki/%E5%A4%AA%E6%9D%B1
NES,Nintendo Entertainment System,,Rally Bike,,1990年9月,1990年9月,,Romstar,,
NES,Nintendo Entertainment System,,Rambo,,1988年5月,1988年5月,,Acclaim Entertainment,,
NES,Nintendo Entertainment System,,Rampage,,1988年12月,1988年12月,,Data East,,https://zh.wikipedia.org/wiki/Data_East
NES,Nintendo Entertainment System,,Rampart,,1992年1月,1992年1月,,Jaleco,,https://zh.wikipedia.org/wiki/Jaleco
NES,Nintendo Entertainment System,,Remote Control,,1990年5月,1990年5月,,Hi Tech Expressions,,
NES,Nintendo Entertainment System,,The Ren & Stimpy Show: Buckaroo$!,,1993年11月,1993年11月,,THQ,,https://zh.wikipedia.org/wiki/THQ
NES,Nintendo Entertainment System,热血硬派,Renegade,,1988年1月,1988年1月,,太东,https://zh.wikipedia.org/wiki/%E7%83%AD%E8%A1%80%E7%A1%AC%E6%B4%BE,https://zh.wikipedia.org/wiki/%E5%A4%AA%E6%9D%B1
NES,Nintendo Entertainment System,,Rescue: The Embassy Mission,,1990年1月,1990年1月,1991年3月27日,Seika,,
NES,Nintendo Entertainment System,,Ring King,,1987年9月,1987年9月,,Data East,,https://zh.wikipedia.org/wiki/Data_East
NES,Nintendo Entertainment System,热血物语,River City Ransom,,1990年1月,1990年1月,,北美：Technōs Japan欧洲：英宝格,https://zh.wikipedia.org/wiki/%E7%83%AD%E8%A1%80%E7%89%A9%E8%AF%AD,https://zh.wikipedia.org/wiki/Techn%C5%8Ds_Japan
NES,Nintendo Entertainment System,公路战士,Road Fighter,,1991年,,1991年,Palcom,https://zh.wikipedia.org/wiki/%E5%85%AC%E8%B7%AF%E6%88%B0%E5%A3%AB,
NES,Nintendo Entertainment System,,RoadBlasters,,1990年1月,1990年1月,,Mindscape,,
NES,Nintendo Entertainment System,,Robin Hood: Prince of Thieves,,1991年11月,1991年11月,1992年12月10日,Virgin Interactive,,https://zh.wikipedia.org/wiki/Virgin_Interactive
NES,Nintendo Entertainment System,,RoboCop,,1989年12月,1989年12月,1991年4月25日,Data East,,https://zh.wikipedia.org/wiki/Data_East
NES,Nintendo Entertainment System,,RoboCop 2,,1991年4月,1991年4月,,Data East,,https://zh.wikipedia.org/wiki/Data_East
NES,Nintendo Entertainment System,,RoboCop 3,,1992年8月,1992年8月,1994年7月28日,Ocean Software,,
NES,Nintendo Entertainment System,,Robowarrior,,1988年12月,1988年12月,1989年9月27日,Jaleco,,https://zh.wikipedia.org/wiki/Jaleco
NES,Nintendo Entertainment System,,Rock 'n Ball,,1990年1月,1990年1月,,日本电视台,,https://zh.wikipedia.org/wiki/%E6%97%A5%E6%9C%AC%E9%9B%BB%E8%A6%96%E5%8F%B0
NES,Nintendo Entertainment System,,Rocket Ranger,,1990年6月,1990年6月,,Seika,,
NES,Nintendo Entertainment System,,The Rocketeer,,1991年5月,1991年5月,,万代,,https://zh.wikipedia.org/wiki/%E8%90%AC%E4%BB%A3
NES,Nintendo Entertainment System,,Rockin' Kats,,1991年9月,1991年9月,1992年11月19日,Atlus,,https://zh.wikipedia.org/wiki/Atlus
NES,Nintendo Entertainment System,,Rod Land,,1993年,,1993年,Jaleco,,https://zh.wikipedia.org/wiki/Jaleco
NES,Nintendo Entertainment System,,Roger Clemens' MVP Baseball,,1991年10月,1991年10月,,LJN,,https://zh.wikipedia.org/wiki/LJN
NES,Nintendo Entertainment System,,Rollerball,,1990年2月,1990年2月,,HAL America Inc,,
NES,Nintendo Entertainment System,,Rollerblade Racer,,1993年2月,1993年2月,,Hi Tech Expressions,,
NES,Nintendo Entertainment System,,RollerGames,,1990年9月,1990年9月,1991年10月24日,Ultra Games,,
NES,Nintendo Entertainment System,三国志,Romance of the Three Kingdoms,,1989年10月,1989年10月,,光荣,https://zh.wikipedia.org/wiki/%E4%B8%89%E5%9C%8B%E5%BF%97_(%E9%81%8A%E6%88%B2),https://zh.wikipedia.org/wiki/%E5%85%89%E6%A6%AE
NES,Nintendo Entertainment System,三国志II,Romance of the Three Kingdoms II,,1991年9月,1991年9月,,光荣,https://zh.wikipedia.org/wiki/%E4%B8%89%E5%9C%8B%E5%BF%97II,https://zh.wikipedia.org/wiki/%E5%85%89%E6%A6%AE
NES,Nintendo Entertainment System,,Roundball: 2 on 2 Challenge,,1992年5月,1992年5月,,Mindscape,,
NES,Nintendo Entertainment System,绿色兵团,Rush'n Attack,,1987年4月,1987年4月,1988年,科乐美,https://zh.wikipedia.org/wiki/%E7%B6%A0%E8%89%B2%E5%85%B5%E5%9C%98,https://zh.wikipedia.org/wiki/%E7%A7%91%E6%A8%82%E7%BE%8E
NES,Nintendo Entertainment System,,Rygar,,1987年7月,1987年7月,1990年3月30日,特库摩,,https://zh.wikipedia.org/wiki/%E7%89%B9%E5%BA%93%E6%91%A9
NES,Nintendo Entertainment System,,S.C.A.T.: Special Cybernetic Attack Team,,1991年6月,1991年6月,,北美：Natsume欧洲：Imagineer,,https://zh.wikipedia.org/wiki/Natsume
NES,Nintendo Entertainment System,,Section Z,,1987年7月,1987年7月,1989年9月27日,卡普空,,https://zh.wikipedia.org/wiki/%E5%8D%A1%E6%99%AE%E7%A9%BA
NES,Nintendo Entertainment System,,Seicross,,1988年10月,1988年10月,,FCI,,
NES,Nintendo Entertainment System,,Sesame Street: 1-2-3,,1989年1月,1989年1月,,Hi Tech Expressions,,
NES,Nintendo Entertainment System,,Sesame Street: A-B-C,,1989年9月,1989年9月,,Hi Tech Expressions,,
NES,Nintendo Entertainment System,,Sesame Street: A-B-C/1-2-3,,1991年11月,1991年11月,,Hi Tech Expressions,,
NES,Nintendo Entertainment System,,Sesame Street: Big Bird's Hide & Speak,,1990年10月,1990年10月,,Hi Tech Expressions,,
NES,Nintendo Entertainment System,,Sesame Street: Countdown,,1992年2月,1992年2月,,Hi Tech Expressions,,
NES,Nintendo Entertainment System,赤影战士,Shadow of the Ninja (aka Blue Shadow),,1990年12月,1990年12月,1991年7月25日,北美：Natsume欧洲：Data East,https://zh.wikipedia.org/wiki/%E8%B5%A4%E5%BD%B1%E6%88%98%E5%A3%AB,https://zh.wikipedia.org/wiki/Natsume
NES,Nintendo Entertainment System,,Shadowgate,,1989年12月,1989年12月,1991年5月30日,Seika,,
NES,Nintendo Entertainment System,,Shatterhand,,1991年12月,1991年12月,1992年11月19日,Jaleco,,https://zh.wikipedia.org/wiki/Jaleco
NES,Nintendo Entertainment System,,Shingen the Ruler,,1990年6月,1990年6月,,Hot B,,
NES,Nintendo Entertainment System,,Shooting Range,,1989年6月,1989年6月,,万代,,https://zh.wikipedia.org/wiki/%E8%90%AC%E4%BB%A3
NES,Nintendo Entertainment System,,Short Order / Eggsplode!,,1989年12月,1989年12月,,任天堂,,https://zh.wikipedia.org/wiki/%E4%BB%BB%E5%A4%A9%E5%A0%82
NES,Nintendo Entertainment System,,Side Pocket,,1987年6月,1987年6月,1992年5月27日,Data East,,https://zh.wikipedia.org/wiki/Data_East
NES,Nintendo Entertainment System,,Silent Service,,1989年12月,1989年12月,1990年11月23日,Ultra Games,,
NES,Nintendo Entertainment System,,Silkworm,,1990年6月,1990年6月,,American Sammy,,
NES,Nintendo Entertainment System,,Silver Surfer,,1990年11月,1990年11月,,Arcadia Systems,,
NES,Nintendo Entertainment System,,The Simpsons: Bart vs. the Space Mutants,,1991年2月,1991年2月,1991年12月12日,Acclaim Entertainment,,
NES,Nintendo Entertainment System,,The Simpsons: Bart vs. the World,,1991年12月,1991年12月,1992年10月22日,Acclaim Entertainment,,
NES,Nintendo Entertainment System,,The Simpsons: Bartman Meets Radioactive Man,,1992年12月,1992年12月,,Acclaim Entertainment,,
NES,Nintendo Entertainment System,,Skate or Die!,,1988年12月,1988年12月,1990年8月17日,Ultra Games,,
NES,Nintendo Entertainment System,,Skate or Die 2: The Search for Double Trouble,,1990年9月,1990年9月,,艺电,,https://zh.wikipedia.org/wiki/%E8%89%BA%E7%94%B5
NES,Nintendo Entertainment System,,Ski or Die,,1991年2月,1991年2月,1991年10月24日,Ultra Games,,
NES,Nintendo Entertainment System,,Sky Kid,,1987年9月,1987年9月,,Sun电子,,https://zh.wikipedia.org/wiki/Sun%E7%94%B5%E5%AD%90
NES,Nintendo Entertainment System,,Sky Shark,,1989年9月,1989年9月,,太东,,https://zh.wikipedia.org/wiki/%E5%A4%AA%E6%9D%B1
NES,Nintendo Entertainment System,,Slalom,,1987年8月,1987年8月,1987年10月15日,任天堂,,https://zh.wikipedia.org/wiki/%E4%BB%BB%E5%A4%A9%E5%A0%82
NES,Nintendo Entertainment System,,Smash TV,,1991年9月,1991年9月,,Acclaim Entertainment,,
NES,Nintendo Entertainment System,蓝精灵,The Smurfs,,1994年,,1994年,英宝格,,https://zh.wikipedia.org/wiki/%E8%8B%B1%E5%AF%B6%E6%A0%BC
NES,Nintendo Entertainment System,,Snake Rattle 'n' Roll,,1990年7月,1990年7月,,任天堂,,https://zh.wikipedia.org/wiki/%E4%BB%BB%E5%A4%A9%E5%A0%82
NES,Nintendo Entertainment System,,Snake's Revenge,,1990年4月,1990年4月,1991年3月,北美：Ultra Games欧洲：科乐美,,
NES,Nintendo Entertainment System,,Snoopy's Silly Sports Spectacular,,1990年4月,1990年4月,,Seika,,
NES,Nintendo Entertainment System,雪人兄弟,Snow Brothers,,1991年11月,1991年11月,,卡普空,https://zh.wikipedia.org/wiki/%E9%9B%AA%E4%BA%BA%E5%85%84%E5%BC%9F,https://zh.wikipedia.org/wiki/%E5%8D%A1%E6%99%AE%E7%A9%BA
NES,Nintendo Entertainment System,足球,Soccer,,1987年3月,1987年3月,1987年1月15日,任天堂,https://zh.wikipedia.org/wiki/%E8%B6%B3%E7%90%83_(1985%E5%B9%B4%E6%B8%B8%E6%88%8F),https://zh.wikipedia.org/wiki/%E4%BB%BB%E5%A4%A9%E5%A0%82
NES,Nintendo Entertainment System,,Solar Jetman: Hunt for the Golden Warpship,,1990年9月,1990年9月,1991年9月26日,Tradewest,,
NES,Nintendo Entertainment System,所罗门之匙,Solomon's Key,,1987年7月,1987年7月,1990年3月30日,特库摩,https://zh.wikipedia.org/wiki/%E6%89%80%E7%BD%97%E9%97%A8%E4%B9%8B%E5%8C%99_(%E6%B8%B8%E6%88%8F),https://zh.wikipedia.org/wiki/%E7%89%B9%E5%BA%93%E6%91%A9
NES,Nintendo Entertainment System,,Solstice: The Quest for the Staff of Demnos,,1990年6月,1990年6月,1991年9月26日,北美：Sony Imagesoft欧洲：Software Creations,,
NES,Nintendo Entertainment System,,Space Shuttle Project,,1991年11月,1991年11月,,Absolute Entertainment,,
NES,Nintendo Entertainment System,,Spelunker,,1987年9月,1987年9月,,Brøderbund,,https://zh.wikipedia.org/wiki/Br%C3%B8derbund
NES,Nintendo Entertainment System,,Spider-Man: Return of the Sinister Six,,1992年10月,1992年10月,,LJN,,https://zh.wikipedia.org/wiki/LJN
NES,Nintendo Entertainment System,,Spot: The Video Game,,1990年9月,1990年9月,,Arcadia Systems,,
NES,Nintendo Entertainment System,,Spy Hunter,,1987年9月,1987年9月,,Sun电子,,https://zh.wikipedia.org/wiki/Sun%E7%94%B5%E5%AD%90
NES,Nintendo Entertainment System,谍对谍,Spy vs. Spy,,1988年10月,1988年10月,1990年7月27日,Seika,https://zh.wikipedia.org/wiki/%E8%B0%8D%E5%AF%B9%E8%B0%8D_(%E6%B8%B8%E6%88%8F),
NES,Nintendo Entertainment System,潜水艇大作战,Sqoon,,1987年9月,1987年9月,,Irem,https://zh.wikipedia.org/wiki/%E6%BD%9C%E6%B0%B4%E8%89%87%E5%A4%A7%E4%BD%9C%E6%88%98,https://zh.wikipedia.org/wiki/Irem
NES,Nintendo Entertainment System,,Stack-Up,,1985年10月18日,1985年10月18日,1986年9月,任天堂,,https://zh.wikipedia.org/wiki/%E4%BB%BB%E5%A4%A9%E5%A0%82
NES,Nintendo Entertainment System,,Stadium Events,,1987年9月,1987年9月,1990年2月23日,万代,,https://zh.wikipedia.org/wiki/%E8%90%AC%E4%BB%A3
NES,Nintendo Entertainment System,,Stanley: The Search for Dr. Livingston,,1992年10月,1992年10月,,Electro Brain,,
NES,Nintendo Entertainment System,星际力量,Star Force,,1987年11月,1987年11月,1990年4月27日,特库摩,https://zh.wikipedia.org/wiki/%E6%98%9F%E9%99%85%E5%8A%9B%E9%87%8F,https://zh.wikipedia.org/wiki/%E7%89%B9%E5%BA%93%E6%91%A9
NES,Nintendo Entertainment System,,Star Soldier,,1989年1月,1989年1月,,Taxan,,
NES,Nintendo Entertainment System,,Star Trek: 25th Anniversary,,1992年2月,1992年2月,,Ultra Games,,
NES,Nintendo Entertainment System,,Star Trek: The Next Generation,,1993年9月,1993年9月,,Absolute Entertainment,,
NES,Nintendo Entertainment System,宇宙创世纪,Star Voyager,,1987年9月,1987年9月,,Acclaim Entertainment,https://zh.wikipedia.org/wiki/%E5%AE%87%E5%AE%99%E5%88%9B%E4%B8%96%E7%BA%AA,
NES,Nintendo Entertainment System,,Star Wars,,1991年11月,1991年11月,1992年3月26日,北美：JVC欧洲：LucasArts,,https://zh.wikipedia.org/wiki/JVC
NES,Nintendo Entertainment System,,Star Wars: The Empire Strikes Back,,1992年3月,1992年3月,,JVC,,https://zh.wikipedia.org/wiki/JVC
NES,Nintendo Entertainment System,,Starship Hector,,1990年6月,1990年6月,,Hudson Soft,,https://zh.wikipedia.org/wiki/Hudson_Soft
NES,Nintendo Entertainment System,StarTropics,StarTropics,,1990年12月,1990年12月,1992年8月20日,任天堂,https://zh.wikipedia.org/wiki/StarTropics,https://zh.wikipedia.org/wiki/%E4%BB%BB%E5%A4%A9%E5%A0%82
NES,Nintendo Entertainment System,,Stealth ATF,,1989年10月,1989年10月,,动视,,https://zh.wikipedia.org/wiki/%E5%8A%A8%E8%A7%86
NES,Nintendo Entertainment System,,Stinger,,1987年9月,1987年9月,,科乐美,,https://zh.wikipedia.org/wiki/%E7%A7%91%E6%A8%82%E7%BE%8E
NES,Nintendo Entertainment System,,Street Cop,,1989年6月,1989年6月,,万代,,https://zh.wikipedia.org/wiki/%E8%90%AC%E4%BB%A3
NES,Nintendo Entertainment System,,Street Fighter 2010: The Final Fight,,1990年9月,1990年9月,,卡普空,,https://zh.wikipedia.org/wiki/%E5%8D%A1%E6%99%AE%E7%A9%BA
NES,Nintendo Entertainment System,,Strider,,1989年7月,1989年7月,,卡普空,,https://zh.wikipedia.org/wiki/%E5%8D%A1%E6%99%AE%E7%A9%BA
NES,Nintendo Entertainment System,超级魂斗罗,Super C,,1990年4月,1990年4月,1992年,科乐美,https://zh.wikipedia.org/wiki/%E8%B6%85%E7%BA%A7%E9%AD%82%E6%96%97%E7%BD%97,https://zh.wikipedia.org/wiki/%E7%A7%91%E6%A8%82%E7%BE%8E
NES,Nintendo Entertainment System,,Super Cars,,1991年2月,1991年2月,,Electro Brain,,
NES,Nintendo Entertainment System,热血高校躲避球部,Super Dodge Ball,,1988年6月,1988年6月,,Sony Imagesoft,https://zh.wikipedia.org/wiki/%E7%83%AD%E8%A1%80%E9%AB%98%E6%A0%A1%E8%BA%B2%E9%81%BF%E7%90%83%E9%83%A8_(%E7%BA%A2%E7%99%BD%E6%9C%BA),
NES,Nintendo Entertainment System,,Super Glove Ball,,1990年10月,1990年10月,,美泰,,https://zh.wikipedia.org/wiki/%E7%BE%8E%E6%B3%B0%E5%85%92
NES,Nintendo Entertainment System,,Super Jeopardy!,,1991年9月,1991年9月,,GameTek,,
NES,Nintendo Entertainment System,超级马力欧兄弟,Super Mario Bros.,,1985年10月18日,1985年10月18日,1987年5月15日,任天堂,https://zh.wikipedia.org/wiki/%E8%B6%85%E7%BA%A7%E9%A9%AC%E9%87%8C%E5%A5%A5%E5%85%84%E5%BC%9F,https://zh.wikipedia.org/wiki/%E4%BB%BB%E5%A4%A9%E5%A0%82
NES,Nintendo Entertainment System,超级马力欧兄弟/打野鸭,Super Mario Bros./Duck Hunt]],,1988年11月,1988年11月,,任天堂,https://zh.wikipedia.org/wiki/%E8%B6%85%E7%BA%A7%E9%A9%AC%E9%87%8C%E5%A5%A5%E5%85%84%E5%BC%9F,https://zh.wikipedia.org/wiki/%E4%BB%BB%E5%A4%A9%E5%A0%82
NES,Nintendo Entertainment System,超级马力欧兄弟/打野鸭/田径运动会,Super Mario Bros./Duck Hunt/World Class Track Meet,,1990年12月,1990年12月,,任天堂,https://zh.wikipedia.org/wiki/%E8%B6%85%E7%BA%A7%E9%A9%AC%E9%87%8C%E5%A5%A5%E5%85%84%E5%BC%9F,https://zh.wikipedia.org/wiki/%E4%BB%BB%E5%A4%A9%E5%A0%82
NES,Nintendo Entertainment System,超级马力欧兄弟/俄罗斯方块/热血足球,Super Mario Bros./Tetris/Nintendo World Cup,,1988年11月,,1988年11月,任天堂,https://zh.wikipedia.org/wiki/%E8%B6%85%E7%BA%A7%E9%A9%AC%E9%87%8C%E5%A5%A5%E5%85%84%E5%BC%9F,https://zh.wikipedia.org/wiki/%E4%BB%BB%E5%A4%A9%E5%A0%82
NES,Nintendo Entertainment System,超级马力欧兄弟USA,Super Mario Bros. 2,,1988年10月,1988年10月,1989年4月28日,任天堂,https://zh.wikipedia.org/wiki/%E8%B6%85%E7%BA%A7%E9%A9%AC%E9%87%8C%E5%A5%A5%E5%85%84%E5%BC%9FUSA,https://zh.wikipedia.org/wiki/%E4%BB%BB%E5%A4%A9%E5%A0%82
NES,Nintendo Entertainment System,超级马力欧兄弟3,Super Mario Bros. 3,,1990年2月12日,1990年2月12日,1991年8月29日,任天堂,https://zh.wikipedia.org/wiki/%E8%B6%85%E7%B4%9A%E7%91%AA%E5%88%A9%E6%AD%90%E5%85%84%E5%BC%9F3,https://zh.wikipedia.org/wiki/%E4%BB%BB%E5%A4%A9%E5%A0%82
NES,Nintendo Entertainment System,超级陷阱,Super Pitfall,,1987年11月,1987年11月,,动视,https://zh.wikipedia.org/wiki/%E8%B6%85%E7%BA%A7%E9%99%B7%E9%98%B1,https://zh.wikipedia.org/wiki/%E5%8A%A8%E8%A7%86
NES,Nintendo Entertainment System,,Super Spike V'Ball,,1990年2月,1990年2月,1992年1月23日,任天堂,,https://zh.wikipedia.org/wiki/%E4%BB%BB%E5%A4%A9%E5%A0%82
NES,Nintendo Entertainment System,,Super Spike V'Ball/Nintendo World Cup,,1990年12月,1990年12月,,任天堂,,https://zh.wikipedia.org/wiki/%E4%BB%BB%E5%A4%A9%E5%A0%82
NES,Nintendo Entertainment System,,Super Spy Hunter,,1992年2月,1992年2月,,Sun电子,,https://zh.wikipedia.org/wiki/Sun%E7%94%B5%E5%AD%90
NES,Nintendo Entertainment System,,Super Team Games,,1988年11月,1988年11月,,任天堂,,https://zh.wikipedia.org/wiki/%E4%BB%BB%E5%A4%A9%E5%A0%82
NES,Nintendo Entertainment System,,Super Turrican,,1993年7月22日,,1993年7月22日,Imagineer,,
NES,Nintendo Entertainment System,,Superman,,1988年12月,1988年12月,,Seika,,
NES,Nintendo Entertainment System,,Swamp Thing,,1992年12月,1992年12月,,THQ,,https://zh.wikipedia.org/wiki/THQ
NES,Nintendo Entertainment System,,Sword Master,,1992年1月,1992年1月,1993年1月21日,动视,,https://zh.wikipedia.org/wiki/%E5%8A%A8%E8%A7%86
NES,Nintendo Entertainment System,,Swords and Serpents,,1990年8月,1990年8月,1991年11月28日,Acclaim Entertainment,,
NES,Nintendo Entertainment System,,Taboo: The Sixth Sense,,1989年4月,1989年4月,,Tradewest,,
NES,Nintendo Entertainment System,,Tag Team Wrestling,,1986年10月,1986年10月,,Data East,,https://zh.wikipedia.org/wiki/Data_East
NES,Nintendo Entertainment System,,TaleSpin,,1991年12月,1991年12月,1992年9月24日,卡普空,,https://zh.wikipedia.org/wiki/%E5%8D%A1%E6%99%AE%E7%A9%BA
NES,Nintendo Entertainment System,,Target: Renegade,,1990年3月,1990年3月,,太东,,https://zh.wikipedia.org/wiki/%E5%A4%AA%E6%9D%B1
NES,Nintendo Entertainment System,,Tecmo Baseball,,1989年1月,1989年1月,,特库摩,,https://zh.wikipedia.org/wiki/%E7%89%B9%E5%BA%93%E6%91%A9
NES,Nintendo Entertainment System,,Tecmo Bowl,,1989年2月,1989年2月,,特库摩,,https://zh.wikipedia.org/wiki/%E7%89%B9%E5%BA%93%E6%91%A9
NES,Nintendo Entertainment System,,Tecmo Cup Soccer Game,,1992年9月,1992年9月,1992年9月24日,特库摩,,https://zh.wikipedia.org/wiki/%E7%89%B9%E5%BA%93%E6%91%A9
NES,Nintendo Entertainment System,,Tecmo NBA Basketball,,1992年11月,1992年11月,,特库摩,,https://zh.wikipedia.org/wiki/%E7%89%B9%E5%BA%93%E6%91%A9
NES,Nintendo Entertainment System,,Tecmo Super Bowl,,1991年12月,1991年12月,,特库摩,,https://zh.wikipedia.org/wiki/%E7%89%B9%E5%BA%93%E6%91%A9
NES,Nintendo Entertainment System,,Tecmo World Cup Soccer,,1991年,,1991年,特库摩,,https://zh.wikipedia.org/wiki/%E7%89%B9%E5%BA%93%E6%91%A9
NES,Nintendo Entertainment System,,Tecmo World Wrestling,,1990年4月,1990年4月,1990年11月23日,特库摩,,https://zh.wikipedia.org/wiki/%E7%89%B9%E5%BA%93%E6%91%A9
NES,Nintendo Entertainment System,忍者神龟,Teenage Mutant Ninja Turtles,,1989年6月,1989年6月,1990年8月17日,Ultra Games,https://zh.wikipedia.org/wiki/%E6%BF%80%E9%BE%9F%E5%BF%8D%E8%80%85%E4%BC%A0,
NES,Nintendo Entertainment System,忍者神龟 街机版,Teenage Mutant Ninja Turtles II: The Arcade Game,,1990年12月,1990年12月,1991年11月14日,Ultra Games,https://zh.wikipedia.org/wiki/%E5%BF%8D%E8%80%85%E7%A5%9E%E9%BE%9F_%E8%A1%97%E6%9C%BA%E7%89%88,
NES,Nintendo Entertainment System,,Teenage Mutant Ninja Turtles III: The Manhattan Project,,1992年2月,1992年2月,,科乐美,,https://zh.wikipedia.org/wiki/%E7%A7%91%E6%A8%82%E7%BE%8E
NES,Nintendo Entertainment System,,Teenage Mutant Ninja Turtles: Tournament Fighters,,1994年2月,1994年2月,,科乐美,,https://zh.wikipedia.org/wiki/%E7%A7%91%E6%A8%82%E7%BE%8E
NES,Nintendo Entertainment System,网球,Tennis,,1985年10月18日,1985年10月18日,1986年9月1日,任天堂,https://zh.wikipedia.org/wiki/%E7%BD%91%E7%90%83_(%E6%B8%B8%E6%88%8F),https://zh.wikipedia.org/wiki/%E4%BB%BB%E5%A4%A9%E5%A0%82
NES,Nintendo Entertainment System,,The Terminator,,1992年12月,1992年12月,,Mindscape,,
NES,Nintendo Entertainment System,,Terminator 2: Judgment Day,,1992年2月,1992年2月,,LJN,,https://zh.wikipedia.org/wiki/LJN
NES,Nintendo Entertainment System,,Terra Cresta,,1990年3月,1990年3月,,Vic Tokai,,
NES,Nintendo Entertainment System,俄罗斯方块,Tetris,,1989年11月,1989年11月,1990年2月23日,任天堂,https://zh.wikipedia.org/wiki/%E4%BF%84%E7%BE%85%E6%96%AF%E6%96%B9%E5%A1%8A,https://zh.wikipedia.org/wiki/%E4%BB%BB%E5%A4%A9%E5%A0%82
NES,Nintendo Entertainment System,俄罗斯方块Flash,Tetris 2,,1993年10月,1993年10月,,任天堂,https://zh.wikipedia.org/wiki/%E4%BF%84%E7%BD%97%E6%96%AF%E6%96%B9%E5%9D%97Flash,https://zh.wikipedia.org/wiki/%E4%BB%BB%E5%A4%A9%E5%A0%82
NES,Nintendo Entertainment System,,The Three Stooges,,1989年10月,1989年10月,,动视,,https://zh.wikipedia.org/wiki/%E5%8A%A8%E8%A7%86
NES,Nintendo Entertainment System,,Thunder & Lightning,,1990年12月,1990年12月,,Romstar,,
NES,Nintendo Entertainment System,,Thunderbirds,,1990年9月,1990年9月,,动视,https://zh.wikipedia.org/wiki/Thunderbirds,https://zh.wikipedia.org/wiki/%E5%8A%A8%E8%A7%86
NES,Nintendo Entertainment System,,Thundercade,,1989年7月,1989年7月,,American Sammy,,
NES,Nintendo Entertainment System,,Tiger Heli,,1987年9月,1987年9月,1990年1月17日,Acclaim Entertainment,,
NES,Nintendo Entertainment System,,Time Lord,,1990年9月,1990年9月,,Milton Bradley Company,,
NES,Nintendo Entertainment System,,Times of Lore,,1991年5月,1991年5月,,东宝,,https://zh.wikipedia.org/wiki/%E6%9D%B1%E5%AF%B6
NES,Nintendo Entertainment System,,Tiny Toon Adventures,,1991年12月,1991年12月,1992年10月22日,科乐美,,https://zh.wikipedia.org/wiki/%E7%A7%91%E6%A8%82%E7%BE%8E
NES,Nintendo Entertainment System,,Tiny Toon Adventures 2: Trouble in Wackyland,,1993年4月,1993年4月,1994年1月27日,科乐美,,https://zh.wikipedia.org/wiki/%E7%A7%91%E6%A8%82%E7%BE%8E
NES,Nintendo Entertainment System,,Tiny Toon Adventures Cartoon Workshop,,1992年12月,1992年12月,,科乐美,,https://zh.wikipedia.org/wiki/%E7%A7%91%E6%A8%82%E7%BE%8E
NES,Nintendo Entertainment System,,To the Earth,,1989年11月,1989年11月,1990年2月23日,任天堂,,https://zh.wikipedia.org/wiki/%E4%BB%BB%E5%A4%A9%E5%A0%82
NES,Nintendo Entertainment System,,Toki,,1991年12月,1991年12月,,太东,,https://zh.wikipedia.org/wiki/%E5%A4%AA%E6%9D%B1
NES,Nintendo Entertainment System,,Tom and Jerry,,1991年12月,1991年12月,1992年10月22日,Hi Tech Expressions,,
NES,Nintendo Entertainment System,,Tombs & Treasure,,1991年6月,1991年6月,,动视,,https://zh.wikipedia.org/wiki/%E5%8A%A8%E8%A7%86
NES,Nintendo Entertainment System,,Top Gun,,1987年11月,1987年11月,1988年11月30日,科乐美,,https://zh.wikipedia.org/wiki/%E7%A7%91%E6%A8%82%E7%BE%8E
NES,Nintendo Entertainment System,,Top Gun: The Second Mission,,1990年1月,1990年1月,1991年10月24日,科乐美,,https://zh.wikipedia.org/wiki/%E7%A7%91%E6%A8%82%E7%BE%8E
NES,Nintendo Entertainment System,,Top Players' Tennis,,1990年1月,1990年1月,,Asmik,,
NES,Nintendo Entertainment System,全面回忆,Total Recall,,1990年8月,1990年8月,,Acclaim Entertainment,https://zh.wikipedia.org/wiki/%E5%85%A8%E9%9D%A2%E5%9B%9E%E5%BF%86,
NES,Nintendo Entertainment System,,Totally Rad,,1991年3月,1991年3月,,Jaleco,,https://zh.wikipedia.org/wiki/Jaleco
NES,Nintendo Entertainment System,,Touch Down Fever,,1991年2月,1991年2月,,SNK,,https://zh.wikipedia.org/wiki/SNK_Playmore
NES,Nintendo Entertainment System,,Town & Country Surf Designs: Wood & Water Rage,,1988年2月,1988年2月,,LJN,,https://zh.wikipedia.org/wiki/LJN
NES,Nintendo Entertainment System,,Town & Country II: Thrilla's Surfari,,1992年3月,1992年3月,,Acclaim Entertainment,,
NES,Nintendo Entertainment System,,Toxic Crusaders,,1992年4月,1992年4月,,万代,,https://zh.wikipedia.org/wiki/%E8%90%AC%E4%BB%A3
NES,Nintendo Entertainment System,金牌奥运会,Track & Field,,1987年4月,1987年4月,,科乐美,https://zh.wikipedia.org/wiki/%E9%87%91%E7%89%8C%E5%A5%A5%E8%BF%90%E4%BC%9A,https://zh.wikipedia.org/wiki/%E7%A7%91%E6%A8%82%E7%BE%8E
NES,Nintendo Entertainment System,科乐美首尔奥运会,Track & Field II,,1989年6月,1989年6月,1989年11月22日,科乐美,https://zh.wikipedia.org/wiki/%E7%A7%91%E4%B9%90%E7%BE%8E%E9%A6%96%E5%B0%94%E5%A5%A5%E8%BF%90%E4%BC%9A,https://zh.wikipedia.org/wiki/%E7%A7%91%E6%A8%82%E7%BE%8E
NES,Nintendo Entertainment System,,Treasure Master,,1991年12月,1991年12月,,American Softworks,,
NES,Nintendo Entertainment System,,Trog!,,1991年10月,1991年10月,,Acclaim Entertainment,,
NES,Nintendo Entertainment System,,Trojan,,1987年2月,1987年2月,1989年3月23日,卡普空,,https://zh.wikipedia.org/wiki/%E5%8D%A1%E6%99%AE%E7%A9%BA
NES,Nintendo Entertainment System,,The Trolls in Crazyland,,1991年,,1991年,American Softworks,,
NES,Nintendo Entertainment System,,Twin Cobra,,1990年1月,1990年1月,,American Sammy,,
NES,Nintendo Entertainment System,,Twin Eagle,,1989年10月,1989年10月,,Romstar,,
NES,Nintendo Entertainment System,,Ufouria: The Saga,,1992年11月19日,,1992年11月19日,Sun电子,,https://zh.wikipedia.org/wiki/Sun%E7%94%B5%E5%AD%90
NES,Nintendo Entertainment System,创世纪III：出埃及记,Ultima III: Exodus,,1989年2月,1989年2月,,FCI,https://zh.wikipedia.org/wiki/%E5%88%9B%E4%B8%96%E7%BA%AAIII%EF%BC%9A%E5%87%BA%E5%9F%83%E5%8F%8A%E8%AE%B0,
NES,Nintendo Entertainment System,创世纪IV：圣者传奇,Ultima IV: Quest of the Avatar,,1990年12月,1990年12月,,FCI,https://zh.wikipedia.org/wiki/%E5%88%9B%E4%B8%96%E7%BA%AAIV%EF%BC%9A%E5%9C%A3%E8%80%85%E4%BC%A0%E5%A5%87,
NES,Nintendo Entertainment System,,Ultima V: Warriors of Destiny,,1993年1月,1993年1月,,FCI,,
NES,Nintendo Entertainment System,,Ultimate Air Combat,,1992年4月,1992年4月,,动视,,https://zh.wikipedia.org/wiki/%E5%8A%A8%E8%A7%86
NES,Nintendo Entertainment System,,Ultimate Basketball,,1990年9月,1990年9月,,American Sammy,,
NES,Nintendo Entertainment System,,The Uncanny X-Men,,1989年12月,1989年12月,,LJN,,https://zh.wikipedia.org/wiki/LJN
NES,Nintendo Entertainment System,大航海时代,Uncharted Waters,,1991年11月,1991年11月,,光荣,https://zh.wikipedia.org/wiki/%E5%A4%A7%E8%88%AA%E6%B5%B7%E6%99%82%E4%BB%A3_(%E9%81%8A%E6%88%B2),https://zh.wikipedia.org/wiki/%E5%85%89%E6%A6%AE
NES,Nintendo Entertainment System,,Uninvited,,1991年6月,1991年6月,,Seika,,
NES,Nintendo Entertainment System,铁面无私,The Untouchables,,1991年1月,1991年1月,,Ocean Software,https://zh.wikipedia.org/wiki/%E9%93%81%E9%9D%A2%E6%97%A0%E7%A7%81,
NES,Nintendo Entertainment System,街头小子,Urban Champion,,1986年8月1日,1986年8月1日,,任天堂,https://zh.wikipedia.org/wiki/%E8%A1%97%E5%A4%B4%E5%B0%8F%E5%AD%90,https://zh.wikipedia.org/wiki/%E4%BB%BB%E5%A4%A9%E5%A0%82
NES,Nintendo Entertainment System,,Vegas Dream,,1990年3月,1990年3月,,HAL America Inc,,
NES,Nintendo Entertainment System,GUN-DEC,Vice: Project Doom,,1991年11月,1991年11月,,American Sammy,https://zh.wikipedia.org/wiki/GUN-DEC,
NES,Nintendo Entertainment System,,Videomation,,1991年6月,1991年6月,,THQ,,https://zh.wikipedia.org/wiki/THQ
NES,Nintendo Entertainment System,排球,Volleyball,,1987年3月,1987年3月,1987年11月15日,任天堂,https://zh.wikipedia.org/wiki/%E6%8E%92%E7%90%83_(%E7%94%B5%E5%AD%90%E6%B8%B8%E6%88%8F),https://zh.wikipedia.org/wiki/%E4%BB%BB%E5%A4%A9%E5%A0%82
NES,Nintendo Entertainment System,,Wacky Races,,1992年5月,1992年5月,,Atlus,,https://zh.wikipedia.org/wiki/Atlus
NES,Nintendo Entertainment System,,Wall Street Kid,,1990年6月,1990年6月,,SOFEL,,
NES,Nintendo Entertainment System,瓦力欧之森,Wario's Woods,,1994年12月10日,1994年12月10日,1995年,任天堂,https://zh.wikipedia.org/wiki/%E7%93%A6%E9%87%8C%E5%A5%A5%E4%B9%8B%E6%A3%AE,https://zh.wikipedia.org/wiki/%E4%BB%BB%E5%A4%A9%E5%A0%82
NES,Nintendo Entertainment System,,Wayne Gretzky Hockey,,1991年1月,1991年1月,,THQ,,https://zh.wikipedia.org/wiki/THQ
NES,Nintendo Entertainment System,,Wayne's World,,1993年11月,1993年11月,,THQ,,https://zh.wikipedia.org/wiki/THQ
NES,Nintendo Entertainment System,,WCW Wrestling,,1990年4月,1990年4月,,FCI,,
NES,Nintendo Entertainment System,,Werewolf: The Last Warrior,,1990年11月,1990年11月,1991年9月26日,Data East,,https://zh.wikipedia.org/wiki/Data_East
NES,Nintendo Entertainment System,,Wheel of Fortune,,1988年9月,1988年9月,,GameTek,,
NES,Nintendo Entertainment System,,Wheel of Fortune Family Edition,,1990年3月,1990年3月,,GameTek,,
NES,Nintendo Entertainment System,,Wheel of Fortune: Featuring Vanna White,,1992年1月,1992年1月,,GameTek,,
NES,Nintendo Entertainment System,,Wheel of Fortune Junior Edition,,1989年10月,1989年10月,,GameTek,,
NES,Nintendo Entertainment System,,Where in Time Is Carmen Sandiego?,,1991年10月,1991年10月,,科乐美,,https://zh.wikipedia.org/wiki/%E7%A7%91%E6%A8%82%E7%BE%8E
NES,Nintendo Entertainment System,,Where's Waldo?,,1991年9月,1991年9月,,THQ,,https://zh.wikipedia.org/wiki/THQ
NES,Nintendo Entertainment System,,Who Framed Roger Rabbit?,,1989年9月,1989年9月,,LJN,,https://zh.wikipedia.org/wiki/LJN
NES,Nintendo Entertainment System,,Whomp 'Em,,1991年3月,1991年3月,,Jaleco,,https://zh.wikipedia.org/wiki/Jaleco
NES,Nintendo Entertainment System,,Widget,,1992年11月,1992年11月,,Atlus,,https://zh.wikipedia.org/wiki/Atlus
NES,Nintendo Entertainment System,荒野枪手,Wild Gunman,,1985年10月18日,1985年10月18日,1988年2月15日,任天堂,https://zh.wikipedia.org/wiki/%E8%8D%92%E9%87%8E%E6%9E%AA%E6%89%8B,https://zh.wikipedia.org/wiki/%E4%BB%BB%E5%A4%A9%E5%A0%82
NES,Nintendo Entertainment System,,Willow,,1989年12月,1989年12月,1991年11月28日,卡普空,,https://zh.wikipedia.org/wiki/%E5%8D%A1%E6%99%AE%E7%A9%BA
NES,Nintendo Entertainment System,,"Win, Lose, or Draw",,1990年3月,1990年3月,,Hi Tech Expressions,,
NES,Nintendo Entertainment System,,Winter Games,,1987年9月,1987年9月,,Acclaim Entertainment,,
NES,Nintendo Entertainment System,巫术：疯狂领主的试验场,Wizardry: Proving Grounds of the Mad Overlord,,1990年7月,1990年7月,,ASCII,https://zh.wikipedia.org/wiki/%E5%B7%AB%E6%9C%AF%EF%BC%9A%E7%96%AF%E7%8B%82%E9%A2%86%E4%B8%BB%E7%9A%84%E8%AF%95%E9%AA%8C%E5%9C%BA,https://zh.wikipedia.org/wiki/ASCII_(%E5%85%AC%E5%8F%B8)
NES,Nintendo Entertainment System,巫术II：钻石骑士,Wizardry II: The Knight of Diamonds,,1992年4月,1992年4月,,ASCII,https://zh.wikipedia.org/wiki/%E5%B7%AB%E6%9C%AFII%EF%BC%9A%E9%92%BB%E7%9F%B3%E9%AA%91%E5%A3%AB,https://zh.wikipedia.org/wiki/ASCII_(%E5%85%AC%E5%8F%B8)
NES,Nintendo Entertainment System,,Wizards & Warriors,,1987年12月,1987年12月,1990年1月17日,Acclaim Entertainment,,
NES,Nintendo Entertainment System,,Wizards & Warriors III: Kuros: Visions of Power,,1992年3月,1992年3月,1993年1月21日,Acclaim Entertainment,,
NES,Nintendo Entertainment System,,Wolverine,,1991年10月,1991年10月,,LJN,,https://zh.wikipedia.org/wiki/LJN
NES,Nintendo Entertainment System,,World Champ,,1991年4月,1991年4月,,Romstar,,
NES,Nintendo Entertainment System,,World Class Track Meet,,1988年8月,1988年8月,,任天堂,,https://zh.wikipedia.org/wiki/%E4%BB%BB%E5%A4%A9%E5%A0%82
NES,Nintendo Entertainment System,,World Games,,1989年3月,1989年3月,,Milton Bradley Company,,
NES,Nintendo Entertainment System,,Wrath of the Black Manta,,1990年4月,1990年4月,1991年1月24日,太东,,https://zh.wikipedia.org/wiki/%E5%A4%AA%E6%9D%B1
NES,Nintendo Entertainment System,拆屋工,Wrecking Crew,,1985年10月18日,1985年10月18日,1987年10月15日,任天堂,https://zh.wikipedia.org/wiki/%E6%8B%86%E5%B1%8B%E5%B7%A5,https://zh.wikipedia.org/wiki/%E4%BB%BB%E5%A4%A9%E5%A0%82
NES,Nintendo Entertainment System,,Wurm: Journey to the Center of the Earth,,1991年11月,1991年11月,,Asmik,,
NES,Nintendo Entertainment System,,WWF King of the Ring,,1993年11月,1993年11月,,LJN,,https://zh.wikipedia.org/wiki/LJN
NES,Nintendo Entertainment System,,WWF WrestleMania,,1989年1月,1989年1月,,Acclaim Entertainment,,
NES,Nintendo Entertainment System,,WWF WrestleMania Challenge,,1990年11月,1990年11月,,LJN,,https://zh.wikipedia.org/wiki/LJN
NES,Nintendo Entertainment System,,WWF WrestleMania: Steel Cage Challenge,,1992年9月,1992年9月,,Acclaim Entertainment,,
NES,Nintendo Entertainment System,,Xenophobe,,1988年12月,1988年12月,,Sun电子,,https://zh.wikipedia.org/wiki/Sun%E7%94%B5%E5%AD%90
NES,Nintendo Entertainment System,铁板阵,Xevious,,1988年9月,1988年9月,1989年10月25日,万代,https://zh.wikipedia.org/wiki/%E9%93%81%E6%9D%BF%E9%98%B5,https://zh.wikipedia.org/wiki/%E8%90%AC%E4%BB%A3
NES,Nintendo Entertainment System,,Xexyz,,1990年4月,1990年4月,,Hudson Soft,,https://zh.wikipedia.org/wiki/Hudson_Soft
NES,Nintendo Entertainment System,,Yo! Noid,,1990年11月,1990年11月,,卡普空,,https://zh.wikipedia.org/wiki/%E5%8D%A1%E6%99%AE%E7%A9%BA
NES,Nintendo Entertainment System,耀西的蛋,Yoshi,,1992年6月,1992年6月,1992年12月30日,任天堂,https://zh.wikipedia.org/wiki/%E8%80%80%E8%A5%BF%E7%9A%84%E8%9B%8B,https://zh.wikipedia.org/wiki/%E4%BB%BB%E5%A4%A9%E5%A0%82
NES,Nintendo Entertainment System,耀西的饼干,Yoshi's Cookie,,1993年4月,1993年4月,1994年4月28日,任天堂,https://zh.wikipedia.org/wiki/%E8%80%80%E8%A5%BF%E7%9A%84%E9%A4%85%E4%B9%BE,https://zh.wikipedia.org/wiki/%E4%BB%BB%E5%A4%A9%E5%A0%82
NES,Nintendo Entertainment System,少年印第安纳琼斯大冒险,Young Indiana Jones Chronicles,,1992年12月,1992年12月,,Jaleco,https://zh.wikipedia.org/wiki/%E5%B0%91%E5%B9%B4%E5%8D%B0%E7%AC%AC%E5%AE%89%E7%BA%B3%E7%90%BC%E6%96%AF%E5%A4%A7%E5%86%92%E9%99%A9_(%E6%B8%B8%E6%88%8F),https://zh.wikipedia.org/wiki/Jaleco
NES,Nintendo Entertainment System,,Zanac,,1987年10月,1987年10月,,FCI,,
NES,Nintendo Entertainment System,林克的冒险,Zelda II: The Adventure of Link,,1988年12月,1988年12月,1988年9月26日,任天堂,https://zh.wikipedia.org/wiki/%E6%9E%97%E5%85%8B%E7%9A%84%E5%86%92%E9%9A%AA,https://zh.wikipedia.org/wiki/%E4%BB%BB%E5%A4%A9%E5%A0%82
NES,Nintendo Entertainment System,,Zen the Intergalactic Ninja,,1993年3月,1993年3月,,科乐美,,https://zh.wikipedia.org/wiki/%E7%A7%91%E6%A8%82%E7%BE%8E
NES,Nintendo Entertainment System,,Zoda's Revenge: StarTropics II,,1994年3月,1994年3月,,任天堂,,https://zh.wikipedia.org/wiki/%E4%BB%BB%E5%A4%A9%E5%A0%82
NES,Nintendo Entertainment System,,Zombie Nation,,1991年9月,1991年9月,,Meldac,,
FDS,Family Computer Disk System,塞尔达传说,The Legend of Zelda,ゼルダの伝説,1986年2月21日,,,任天堂,https://zh.wikipedia.org/wiki/%E5%A1%9E%E5%B0%94%E8%BE%BE%E4%BC%A0%E8%AF%B4_(%E6%B8%B8%E6%88%8F),https://zh.wikipedia.org/wiki/%E4%BB%BB%E5%A4%A9%E5%A0%82
FDS,Family Computer Disk System,超级马力欧兄弟,Super Mario Bros,スーパーマリオブラザーズ,1986年2月21日,,,任天堂,https://zh.wikipedia.org/wiki/%E8%B6%85%E7%BA%A7%E9%A9%AC%E9%87%8C%E5%A5%A5%E5%85%84%E5%BC%9F,https://zh.wikipedia.org/wiki/%E4%BB%BB%E5%A4%A9%E5%A0%82
FDS,Family Computer Disk System,高尔夫,Golf,ゴルフ,1986年2月21日,,,任天堂,https://zh.wikipedia.org/wiki/%E9%AB%98%E5%B0%94%E5%A4%AB_(%E6%B8%B8%E6%88%8F),https://zh.wikipedia.org/wiki/%E4%BB%BB%E5%A4%A9%E5%A0%82
FDS,Family Computer Disk System,足球,Soccer,サッカー,1986年2月21日,,,任天堂,https://zh.wikipedia.org/wiki/%E8%B6%B3%E7%90%83_(1985%E5%B9%B4%E6%B8%B8%E6%88%8F),https://zh.wikipedia.org/wiki/%E4%BB%BB%E5%A4%A9%E5%A0%82
FDS,Family Computer Disk System,网球,Tennis,テニス,1986年2月21日,,,任天堂,https://zh.wikipedia.org/wiki/%E7%BD%91%E7%90%83_(%E6%B8%B8%E6%88%8F),https://zh.wikipedia.org/wiki/%E4%BB%BB%E5%A4%A9%E5%A0%82
FDS,Family Computer Disk System,棒球,Baseball,ベースボール,1986年2月21日,,,任天堂,https://zh.wikipedia.org/wiki/%E6%A3%92%E7%90%83_(%E6%B8%B8%E6%88%8F),https://zh.wikipedia.org/wiki/%E4%BB%BB%E5%A4%A9%E5%A0%82
FDS,Family Computer Disk System,麻将,Mahjong,麻雀,1986年2月21日,,,任天堂,https://zh.wikipedia.org/wiki/%E9%BA%BB%E5%B0%87_(1983%E5%B9%B4%E9%81%8A%E6%88%B2),https://zh.wikipedia.org/wiki/%E4%BB%BB%E5%A4%A9%E5%A0%82
FDS,Family Computer Disk System,谜之村雨城,Nazo no Murasame Jou,謎の村雨城,1986年4月14日,,,任天堂,https://zh.wikipedia.org/wiki/%E8%AC%8E%E4%B9%8B%E6%9D%91%E9%9B%A8%E5%9F%8E,https://zh.wikipedia.org/wiki/%E4%BB%BB%E5%A4%A9%E5%A0%82
FDS,Family Computer Disk System,超级马力欧兄弟2,Super Mario Bros. 2,スーパーマリオブラザーズ2,1986年6月3日,,,任天堂,https://zh.wikipedia.org/wiki/%E8%B6%85%E7%BA%A7%E9%A9%AC%E9%87%8C%E5%A5%A5%E5%85%84%E5%BC%9F2,https://zh.wikipedia.org/wiki/%E4%BB%BB%E5%A4%A9%E5%A0%82
FDS,Family Computer Disk System,排球,Volley Ball,バレーボール,1986年7月21日,,,任天堂,https://zh.wikipedia.org/wiki/%E6%8E%92%E7%90%83_(%E7%94%B5%E5%AD%90%E6%B8%B8%E6%88%8F),https://zh.wikipedia.org/wiki/%E4%BB%BB%E5%A4%A9%E5%A0%82
FDS,Family Computer Disk System,仓库番,Namida no Soukoban Special,涙の倉庫番スペシャル,1986年7月30日,,,アスキー,,https://zh.wikipedia.org/wiki/%E3%82%A2%E3%82%B9%E3%82%AD%E3%83%BC
FDS,Family Computer Disk System,银河战士,Metroid,メトロイド,1986年8月6日,,,任天堂,https://zh.wikipedia.org/wiki/%E9%93%B6%E6%B2%B3%E6%88%98%E5%A3%AB_(%E6%B8%B8%E6%88%8F),https://zh.wikipedia.org/wiki/%E4%BB%BB%E5%A4%A9%E5%A0%82
FDS,Family Computer Disk System,我是老师系列：玛丽编织,I am a Teacher - Super Mario no Sweater,アイアムアティーチャー スーパーマリオのセーター,1986年8月27日,,,ロイヤル工业,,
FDS,Family Computer Disk System,猫咪物语,Koneko Monogatari - The Adventures of Chatran,子猫物語,1986年9月19日,,,波丽佳音,,https://zh.wikipedia.org/wiki/%E6%B3%A2%E9%BA%97%E4%BD%B3%E9%9F%B3
FDS,Family Computer Disk System,恶魔城,Castlevania,悪魔城ドラキュラ,1986年9月26日,,,科乐美,https://zh.wikipedia.org/wiki/%E6%83%A1%E9%AD%94%E5%9F%8E_(%E9%81%8A%E6%88%B2),https://zh.wikipedia.org/wiki/%E7%A7%91%E6%A8%82%E7%BE%8E
FDS,Family Computer Disk System,我是老师系列：基础编织,I am a Teacher - Teami no Kiso,アイアムアティーチャー 手あみのきそ,1986年9月26日,,,ロイヤル工业,,
FDS,Family Computer Disk System,黑白棋,Othello,オセロ,1986年10月13日,,,河田,,https://zh.wikipedia.org/wiki/%E6%B2%B3%E7%94%B0
FDS,Family Computer Disk System,美式摔跤,Puroresu - Famicom Wrestling Association,プロレス,1986年10月21日,,,任天堂,,https://zh.wikipedia.org/wiki/%E4%BB%BB%E5%A4%A9%E5%A0%82
FDS,Family Computer Disk System,银河传承,Ginga Denshou - Galaxy Odyssey,銀河伝承,1986年11月6日,,,イマジニア,,
FDS,Family Computer Disk System,死亡之城,Dead Zone,デッドゾーン,1986年11月20日,,,Sun电子,,https://zh.wikipedia.org/wiki/Sun%E7%94%B5%E5%AD%90
FDS,Family Computer Disk System,兵蜂2：拯救西那蒙博士,Moero TwinBee - Cinnamon Hakase wo Sukue!,もえろツインビー シナモン博士を救え!,1986年11月21日,,,科乐美,,https://zh.wikipedia.org/wiki/%E7%A7%91%E6%A8%82%E7%BE%8E
FDS,Family Computer Disk System,解密方块,Kineko - Kinetic Connection - The Monitor Puzzle,きね子,1986年11月28日,,,アイレム,,
FDS,Family Computer Disk System,银河号,Zanac,ザナック,1986年11月28日,,,波丽佳音,,https://zh.wikipedia.org/wiki/%E6%B3%A2%E9%BA%97%E4%BD%B3%E9%9F%B3
FDS,Family Computer Disk System,银河女战士/女孩战争,Gall Force - Eternal Story,ガルフォース,1986年12月10日,,,HAL研究所,,https://zh.wikipedia.org/wiki/HAL%E7%A0%94%E7%A9%B6%E6%89%80
FDS,Family Computer Disk System,智能游戏系列：亚迪安之杖,Adian no Tsue (Chinou Game Series),アディアンの杖,1986年12月12日,,,Sun电子,,https://zh.wikipedia.org/wiki/Sun%E7%94%B5%E5%AD%90
FDS,Family Computer Disk System,谜之壁,Nazo no Kabe - Block Kuzushi,謎の壁 ブロックくずし,1986年12月13日,,,科乐美,,https://zh.wikipedia.org/wiki/%E7%A7%91%E6%A8%82%E7%BE%8E
FDS,Family Computer Disk System,水晶龙,Suishou no Dragon,水晶の龍,1986年12月15日,,,DOG,,
FDS,Family Computer Disk System,殖民入侵,Breeder,ブリーダー,1986年12月15日,,,ソフトプロ,,
FDS,Family Computer Disk System,光神话 帕尔提娜之镜,Hikari Shinwa - Parutena no Kagami,光神話 パルテナの鏡,1986年12月19日,,,任天堂,https://zh.wikipedia.org/wiki/%E5%85%89%E7%A5%9E%E8%AF%9D_%E5%B8%95%E5%B0%94%E6%8F%90%E5%A8%9C%E4%B9%8B%E9%95%9C,https://zh.wikipedia.org/wiki/%E4%BB%BB%E5%A4%A9%E5%A0%82
FDS,Family Computer Disk System,深入地下城：魔洞战记,Deep Dungeon - Madou Senki,ディープダンジョン 魔洞戦記,1986年12月19日,,,ハミングバードソフト,,
FDS,Family Computer Disk System,魔城之狼男,Knight Lore - Majou no Ookami Otoko,ナイト・ロアー,1986年12月19日,,,ジャレコ,,https://zh.wikipedia.org/wiki/%E3%82%B8%E3%83%A3%E3%83%AC%E3%82%B3
FDS,Family Computer Disk System,公主消失记,Kieta Princess,消えたプリンセス,1986年12月20日,,,イマジニア,,
FDS,Family Computer Disk System,职业麻将：悟空,Professional Mahjong Gokuu,プロフェッショナル麻雀悟空,1986年12月25日,,,アスキー,,https://zh.wikipedia.org/wiki/%E3%82%A2%E3%82%B9%E3%82%AD%E3%83%BC
FDS,Family Computer Disk System,纽约大地震,Electrician,エレクトリシャン,1986年12月25日,,,KEMCO,,
FDS,Family Computer Disk System,林克的冒险,The Legend of Zelda 2 - Link no Bouken,リンクの冒険,1987年1月14日,,,任天堂,https://zh.wikipedia.org/wiki/%E6%9E%97%E5%85%8B%E7%9A%84%E5%86%92%E9%9A%AA,https://zh.wikipedia.org/wiki/%E4%BB%BB%E5%A4%A9%E5%A0%82
FDS,Family Computer Disk System,怪兽超人：怪兽帝国的反击,Ultraman - Kaijuu Teikoku no Gyakushuu,ウルトラマン 怪獣帝国の逆襲,1987年1月29日,,,万代,,https://zh.wikipedia.org/wiki/%E8%90%AC%E4%BB%A3
FDS,Family Computer Disk System,蛋王子,Eggerland,エッガーランド,1987年1月29日,,,HAL研究所,,https://zh.wikipedia.org/wiki/HAL%E7%A0%94%E7%A9%B6%E6%89%80
FDS,Family Computer Disk System,猜谜杂志创刊号,Nazo no Magazine Disk - Nazoraa Land Soukan Gou,ナゾラーランド 創刊号,1987年2月6日,,,Sun电子,,https://zh.wikipedia.org/wiki/Sun%E7%94%B5%E5%AD%90
FDS,Family Computer Disk System,小超人,Esper Dream,エスパードリーム,1987年2月20日,,,科乐美,,https://zh.wikipedia.org/wiki/%E7%A7%91%E6%A8%82%E7%BE%8E
FDS,Family Computer Disk System,高尔夫日本公开赛,Golf - Japan Course,ゴルフJAPANコース,1987年2月20日,,,任天堂,,https://zh.wikipedia.org/wiki/%E4%BB%BB%E5%A4%A9%E5%A0%82
FDS,Family Computer Disk System,威尔童话,Marchen Veil,メルヘンヴェール,1987年3月3日,,,Sun电子,,https://zh.wikipedia.org/wiki/Sun%E7%94%B5%E5%AD%90
FDS,Family Computer Disk System,超级挖金,Super Lode Runner,スーパーロードランナー,1987年3月5日,,,アイレム,,
FDS,Family Computer Disk System,立体大作战,Tobidase Daisakusen,とびだせ大作戦,1987年3月12日,,,DOG,,
FDS,Family Computer Disk System,冬季奥运会,Winter Games,ウィンターゲームズ,1987年3月27日,,,波丽佳音,,https://zh.wikipedia.org/wiki/%E6%B3%A2%E9%BA%97%E4%BD%B3%E9%9F%B3
FDS,Family Computer Disk System,作曲家,Otocky,オトッキー,1987年3月27日,,,アスキー,,https://zh.wikipedia.org/wiki/%E3%82%A2%E3%82%B9%E3%82%AD%E3%83%BC
FDS,Family Computer Disk System,智能游戏系列2：超级男孩亚伦,Super Boy Allen,スーパーボーイアラン,1987年3月27日,,,Sun电子,,https://zh.wikipedia.org/wiki/Sun%E7%94%B5%E5%AD%90
FDS,Family Computer Disk System,智能游戏系列3：地底大陆,Chitei tairiku orudoora,地底大陸オルドーラ,1987年3月27日,,,Sun电子,,https://zh.wikipedia.org/wiki/Sun%E7%94%B5%E5%AD%90
FDS,Family Computer Disk System,打击魔鬼,Dirty Pair - Project Eden,ダーティペア,1987年3月28日,,,万代,,https://zh.wikipedia.org/wiki/%E8%90%AC%E4%BB%A3
FDS,Family Computer Disk System,苹果镇物语,Apple Town Story - Little Computer People,アップルタウン物語,1987年4月3日,,,スクウェア,,
FDS,Family Computer Disk System,绿色兵团/绿扁帽部队,Green Beret,グリーンベレー,1987年4月10日,,,科乐美,https://zh.wikipedia.org/wiki/%E7%B6%A0%E8%89%B2%E5%85%B5%E5%9C%98,https://zh.wikipedia.org/wiki/%E7%A7%91%E6%A8%82%E7%BE%8E
FDS,Family Computer Disk System,可可娜世界,Cocona World,ココナワールド,1987年4月10日,,,ソフエル,,
FDS,Family Computer Disk System,暗黑要塞,Relics - Ankoku Yousai,レリクス 暗黒要塞,1987年4月10日,,,ボーステック,,
FDS,Family Computer Disk System,九路围棋,Igo - Kyuu Roban Taikyoku,囲碁 九路盤対局,1987年4月14日,,,BPS,,
FDS,Family Computer Disk System,风云少林寺,Fuuun Shourinken,風雲少林拳,1987年4月17日,,,ジャレコ,,https://zh.wikipedia.org/wiki/%E3%82%B8%E3%83%A3%E3%83%AC%E3%82%B3
FDS,Family Computer Disk System,爱战士,Ai Senshi Nicol,愛戦士ニコル,1987年4月27日,,,科乐美,,https://zh.wikipedia.org/wiki/%E7%A7%91%E6%A8%82%E7%BE%8E
FDS,Family Computer Disk System,侦探神宫寺三郎系列：新宿中央公园杀人事件,Tantei Jinguuji Saburou - Shinjuku Chuuou Kouen Satsujin Jik,探偵 神宮寺三郎 新宿中央公園殺人事件,1987年4月27日,,,データイースト,,
FDS,Family Computer Disk System,解密方块2,Kineko - Kinetic Connection - The Monitor Puzzle Vol. II,きね子II,1987年5月1日,,,アイレム,,
FDS,Family Computer Disk System,金肉人：金肉星王位争夺战,Kinnikuman - Kinnikusei Oui Soudatsusen,キン肉マン キン肉星王位争奪戦,1987年5月1日,,,万代,,https://zh.wikipedia.org/wiki/%E8%90%AC%E4%BB%A3
FDS,Family Computer Disk System,不可思议之旅,Hao Kun no Fushigina Tabi,ハオ君の不思議な旅,1987年5月11日,,,キャリーラボ,,
FDS,Family Computer Disk System,圣剑除魔：魔兽森林传说,Seiken Saikokaribaa - Majuu no Mori Densetsu,聖剣サイコカリバー,1987年5月19日,,,イマジニア,,
FDS,Family Computer Disk System,Z基地,Section-Z,セクションZ,1987年5月25日,,,卡普空,,https://zh.wikipedia.org/wiki/%E5%8D%A1%E6%99%AE%E7%A9%BA
FDS,Family Computer Disk System,高尔夫 猿：影的淘汰赛,Pro Golfer Saru - Kage no Tournament,プロゴルファー猿,1987年5月25日,,,万代,,https://zh.wikipedia.org/wiki/%E8%90%AC%E4%BB%A3
FDS,Family Computer Disk System,迷宫寺院,Meikyuu Jiin - Dababa,迷宮寺院ダババ,1987年5月29日,,,科乐美,,https://zh.wikipedia.org/wiki/%E7%A7%91%E6%A8%82%E7%BE%8E
FDS,Family Computer Disk System,桌球,Smash Ping-Pong,スマッシュピンポン,1987年5月30日,,,任天堂,,https://zh.wikipedia.org/wiki/%E4%BB%BB%E5%A4%A9%E5%A0%82
FDS,Family Computer Disk System,深入地下城2：勇士的纹章,Deep Dungeon 2 - Yuushi no Monshou,ディープダンジョン2 勇士の紋章,1987年5月30日,,,ハミングバードソフト,,
FDS,Family Computer Disk System,反射世界,Reflect World,リフレクトワールド,1987年6月2日,,,イーストキューブ,,
FDS,Family Computer Disk System,猜谜杂志 第2号,Nazo no Magazine Disk - Nazoraa Land Dai 2 Gou,ナゾラーランド第2号,1987年6月12日,,,Sun电子,,https://zh.wikipedia.org/wiki/Sun%E7%94%B5%E5%AD%90
FDS,Family Computer Disk System,高尔夫美国公开赛,Golf - U.S. Course,ゴルフUSコース,1987年6月14日,,,任天堂,,https://zh.wikipedia.org/wiki/%E4%BB%BB%E5%A4%A9%E5%A0%82
FDS,Family Computer Disk System,混沌先生：地狱之门,Dr. Chaos - Jigoku no Tobira,ドクターカオス,1987年6月19日,,,波丽佳音,,https://zh.wikipedia.org/wiki/%E6%B3%A2%E9%BA%97%E4%BD%B3%E9%9F%B3
FDS,Family Computer Disk System,小猫英语大冒险,Michael English Dai Bouken,マイケルEnglish大冒険,1987年6月19日,,,スコーピオンソフト,,
FDS,Family Computer Disk System,科乐美台球,Exciting Billiard,エキサイティングビリヤード,1987年6月26日,,,科乐美,,https://zh.wikipedia.org/wiki/%E7%A7%91%E6%A8%82%E7%BE%8E
FDS,Family Computer Disk System,磁界少年,Jikai Shounen Met Mag,磁界少年メット・マグ,1987年7月3日,,,シンキングラビット,,
FDS,Family Computer Disk System,梦工厂悸动恐慌,Yume Koujou Doki Doki Panic,夢工場ドキドキパニック,1987年7月10日,,,富士电视台,https://zh.wikipedia.org/wiki/%E5%A4%A2%E5%B7%A5%E5%BB%A0%E6%82%B8%E5%8B%95%E6%81%90%E6%85%8C,https://zh.wikipedia.org/wiki/%E5%AF%8C%E5%A3%AB%E9%9B%BB%E8%A6%96%E5%8F%B0
FDS,Family Computer Disk System,科乐美篮球,Exciting Basketball,エキサイティングバスケット,1987年7月24日,,,科乐美,,https://zh.wikipedia.org/wiki/%E7%A7%91%E6%A8%82%E7%BE%8E
FDS,Family Computer Disk System,埃及艳后的魔宝,Cleopatra no Mahou,クレオパトラの魔宝,1987年7月24日,,,スクウェア,,
FDS,Family Computer Disk System,铁达尼沉没记：苍的战栗,Titanic Mystery - Ao no Senritsu,タイタニックミステリー,1987年7月24日,,,学研,,https://zh.wikipedia.org/wiki/%E5%AD%A6%E7%A0%94
FDS,Family Computer Disk System,大逃亡,Monty no Doki Doki Dai Dassou,モンティのドキドキ大脱走,1987年7月31日,,,ジャレコ,,https://zh.wikipedia.org/wiki/%E3%82%B8%E3%83%A3%E3%83%AC%E3%82%B3
FDS,Family Computer Disk System,麻将家族,Mahjong Kazoku,麻雀家族,1987年8月4日,,,アイレム,,
FDS,Family Computer Disk System,奇迹之石,Arumana no Kiseki,アルマナの奇跡,1987年8月11日,,,科乐美,,https://zh.wikipedia.org/wiki/%E7%A7%91%E6%A8%82%E7%BE%8E
FDS,Family Computer Disk System,超级挖金2,Supet Lode Runner 2,スーパーロードランナーII,1987年8月25日,,,アイレム,,
FDS,Family Computer Disk System,奇奇怪界：怒涛编,Kiki Kaikai - Dotou Hen,奇々怪界 怒涛編,1987年8月28日,,,タイトー,,
FDS,Family Computer Disk System,恶魔城II 诅咒的封印,Dracula II - Noroi no Fuuin,ドラキュラII 呪いの封印,1987年8月28日,,,科乐美,https://zh.wikipedia.org/wiki/%E6%81%B6%E9%AD%94%E5%9F%8EII_%E8%AF%85%E5%92%92%E7%9A%84%E5%B0%81%E5%8D%B0,https://zh.wikipedia.org/wiki/%E7%A7%91%E6%A8%82%E7%BE%8E
FDS,Family Computer Disk System,变形金刚2,Transformer - The Head Masters,トランスフォーマー ザ・ヘッドマスターズ,1987年8月28日,,,タカラ,,
FDS,Family Computer Disk System,任天堂名作童话：新鬼岛（前编）,Famicom Mukashi Banashi - Shin Onigashima - Zenhan,ふぁみこんむかし話 新・鬼ヶ島 前編,1987年9月4日,,,任天堂,,https://zh.wikipedia.org/wiki/%E4%BB%BB%E5%A4%A9%E5%A0%82
FDS,Family Computer Disk System,任天堂名作童话：新鬼岛（后编）,Famicom Mukashi Banashi - Shin Onigashima - Kouhan,ふぁみこんむかし話 新・鬼ヶ島 後編,1987年9月30日,,,任天堂,,https://zh.wikipedia.org/wiki/%E4%BB%BB%E5%A4%A9%E5%A0%82
FDS,Family Computer Disk System,加林剑,Kalin no Tsurugi,カリーンの剣,1987年10月2日,,,クリスタルソフト,,
FDS,Family Computer Disk System,派恒星之光,Pulsar no Hikari - Space Wars Simulation,パルサーの光,1987年10月2日,,,ソフトプロ,,
FDS,Family Computer Disk System,飞天大战,Topple Zip,トップルジップ,1987年10月9日,,,ボーステック,,
FDS,Family Computer Disk System,太空立体战,Falsion,ファルシオン,1987年10月21日,,,科乐美,,https://zh.wikipedia.org/wiki/%E7%A7%91%E6%A8%82%E7%BE%8E
FDS,Family Computer Disk System,妖怪鬼屋,Youkai Yashiki,妖怪屋敷,1987年10月23日,,,アイレム,,
FDS,Family Computer Disk System,任天堂F1锦标赛,Famicom Grand Prix - F1 Race,ファミコングランプリ F1レース,1987年10月30日,,,任天堂,,https://zh.wikipedia.org/wiki/%E4%BB%BB%E5%A4%A9%E5%A0%82
FDS,Family Computer Disk System,泡泡龙,Bubble Bobble,バブルボブル,1987年10月30日,,,タイトー,,
FDS,Family Computer Disk System,家庭作曲家,Family Composer,ファミリーコンポーザー,1987年10月30日,,,东京书籍,,https://zh.wikipedia.org/wiki/%E4%B8%9C%E4%BA%AC%E4%B9%A6%E7%B1%8D
FDS,Family Computer Disk System,将棋指南2：成为名人的道路,Tanigawa Kouji no Shougi Shinan 2,谷川浩司の将棋指南2,1987年11月13日,,,波丽佳音,,https://zh.wikipedia.org/wiki/%E6%B3%A2%E9%BA%97%E4%BD%B3%E9%9F%B3
FDS,Family Computer Disk System,番茄勇士,Kick Challenger - Air Foot (Yasai no Kuni no Ashi Senshi),エアフット,1987年11月20日,,,バップ,,https://zh.wikipedia.org/wiki/%E3%83%90%E3%83%83%E3%83%97
FDS,Family Computer Disk System,中山美穗的心跳高校,Nakayama Miho no Tokimeki High School,中山美穂のトキメキハイスクール,1987年12月1日,,,任天堂,https://zh.wikipedia.org/wiki/%E4%B8%AD%E5%B1%B1%E7%BE%8E%E7%A9%97%E7%9A%84%E5%BF%83%E8%B7%B3%E9%AB%98%E6%A0%A1,https://zh.wikipedia.org/wiki/%E4%BB%BB%E5%A4%A9%E5%A0%82
FDS,Family Computer Disk System,圣诞百宝箱,Santa Claus no Takarabako,サンタクロースの宝箱,1987年12月4日,,,データイースト,,
FDS,Family Computer Disk System,科乐美作曲家,Doremikko,ドレミッコ,1987年12月4日,,,科乐美,,https://zh.wikipedia.org/wiki/%E7%A7%91%E6%A8%82%E7%BE%8E
FDS,Family Computer Disk System,科乐美棒球,Exciting Baseball,エキサイティングベースボール,1987年12月8日,,,科乐美,,https://zh.wikipedia.org/wiki/%E7%A7%91%E6%A8%82%E7%BE%8E
FDS,Family Computer Disk System,极乐游戏/游戏天国,Game Tengoku,極楽遊戯,1987年12月12日,,,ソフエル,,
FDS,Family Computer Disk System,怪兽超人2：出击科特队,Ultraman 2 - Shutsugeki Katoku Tai,ウルトラマン2 出撃科特隊,1987年12月18日,,,万代,,https://zh.wikipedia.org/wiki/%E8%90%AC%E4%BB%A3
FDS,Family Computer Disk System,猜谜杂志特别版,Nazo no Magazine Disk - Nazoraa Land Zoukan Gou - Quiz Ou wo,ナゾラーランドスペシャル!!「クイズ王を探せ」,1987年12月18日,,,Sun电子,,https://zh.wikipedia.org/wiki/Sun%E7%94%B5%E5%AD%90
FDS,Family Computer Disk System,SD钢弹世界：扭蛋战士混乱大战,SD Gundam World - Gachapon Senshi - Scramble Wars (SGW),SDガンダムワールド ガチャポン戦士 スクランブルウォーズ,1988年1月20日,,,万代,,https://zh.wikipedia.org/wiki/%E8%90%AC%E4%BB%A3
FDS,Family Computer Disk System,冰上曲棍球,Ice Hockey,アイスホッケー,1988年1月21日,,,任天堂,,https://zh.wikipedia.org/wiki/%E4%BB%BB%E5%A4%A9%E5%A0%82
FDS,Family Computer Disk System,西部神枪手,Gun Smoke,ガンスモーク,1988年1月27日,,,卡普空,,https://zh.wikipedia.org/wiki/%E5%8D%A1%E6%99%AE%E7%A9%BA
FDS,Family Computer Disk System,巴姆救亲记,Fire Bam,ファイヤーバム,1988年2月1日,,,HAL研究所,,https://zh.wikipedia.org/wiki/HAL%E7%A0%94%E7%A9%B6%E6%89%80
FDS,Family Computer Disk System,科乐美足球,Exciting Soccer,エキサイティングサッカー コナミカップ,1988年2月16日,,,科乐美,,https://zh.wikipedia.org/wiki/%E7%A7%91%E6%A8%82%E7%BE%8E
FDS,Family Computer Disk System,蛇行龙,Replicart,レプリカート,1988年2月26日,,,タイトー,,
FDS,Family Computer Disk System,战斗诗人,Druid - Kyoufu no Tobira,ドルイド,1988年3月3日,,,ジャレコ,,https://zh.wikipedia.org/wiki/%E3%82%B8%E3%83%A3%E3%83%AC%E3%82%B3
FDS,Family Computer Disk System,19模拟战,19 Neunzehn,19 （ヌイーゼン）,1988年3月4日,,,ソフトプロ,,
FDS,Family Computer Disk System,猜谜杂志 第3号,Nazo no Magazine Disk - Nazoraa Land Zoukan Gou - Quiz Ou wo,ナゾラーランド第3号,1988年3月11日,,,Sun电子,,https://zh.wikipedia.org/wiki/Sun%E7%94%B5%E5%AD%90
FDS,Family Computer Disk System,兵蜂,TwinBee,ツインビー,1988年3月11日,,,科乐美,https://zh.wikipedia.org/wiki/%E5%85%B5%E8%9C%82,https://zh.wikipedia.org/wiki/%E7%A7%91%E6%A8%82%E7%BE%8E
FDS,Family Computer Disk System,侦探团霸恶怒组：魔天郎的挑战书,Omoikkiri Tanteidan Haado Gumi - Matenrou no Chousenjou,おもいっきり探偵団 覇悪怒組 魔天郎の挑戦状,1988年3月25日,,,万代,,https://zh.wikipedia.org/wiki/%E8%90%AC%E4%BB%A3
FDS,Family Computer Disk System,瓦德那森林,Wardner no Mori,ワードナの森,1988年3月25日,,,タイトー,,
FDS,Family Computer Disk System,魔蛇王之咒,Aspic - Majaou no Noroi,アスピック,1988年3月31日,,,ボーステック,,
FDS,Family Computer Disk System,大金刚,Donkey Kong,ドンキーコング,1988年4月8日,,,ボーステック,https://zh.wikipedia.org/wiki/%E5%A4%A7%E9%87%91%E5%88%9A_(%E6%B8%B8%E6%88%8F),
FDS,Family Computer Disk System,七宝奇谋,Goonies,グーニーズ,1988年4月8日,,,科乐美,https://zh.wikipedia.org/wiki/%E4%B8%83%E5%AE%9D%E5%A5%87%E8%B0%8B,https://zh.wikipedia.org/wiki/%E7%A7%91%E6%A8%82%E7%BE%8E
FDS,Family Computer Disk System,任天堂方程序赛车2：3D拉力赛,Famicom Grand Prix II - 3D Hot Rally,ファミコングランプリII 3Dホットラリー,1988年4月14日,,,任天堂,,https://zh.wikipedia.org/wiki/%E4%BB%BB%E5%A4%A9%E5%A0%82
FDS,Family Computer Disk System,假面黑骑士：对决影月,Kamen Rider Black - Taiketsu Shadow Moon,仮面ライダーBLACK,1988年4月15日,,,万代,,https://zh.wikipedia.org/wiki/%E8%90%AC%E4%BB%A3
FDS,Family Computer Disk System,乌帕王子,Bio Miracle Bokutte Upa,バイオミラクル ぼくってウパ,1988年4月22日,,,科乐美,,https://zh.wikipedia.org/wiki/%E7%A7%91%E6%A8%82%E7%BE%8E
FDS,Family Computer Disk System,风云少林拳：暗黑的魔王/风云少林拳2,Fuuun Shourinken - Ankoku no Maou,風雲少林拳 暗黒の魔王,1988年4月22日,,,ジャレコ,,https://zh.wikipedia.org/wiki/%E3%82%B8%E3%83%A3%E3%83%AC%E3%82%B3
FDS,Family Computer Disk System,Famicom侦探俱乐部：消失的继任者（前编）,Famicom Tantei Club - Kieta Koukeisha - Zenhen,ファミコン探偵倶楽部 消えた後継者 前編,1988年4月22日,,,任天堂,,https://zh.wikipedia.org/wiki/%E4%BB%BB%E5%A4%A9%E5%A0%82
FDS,Family Computer Disk System,赤色要塞,Final Command - Akai Yousai,ファイナルコマンド 赤い要塞,1988年5月2日,,,科乐美,https://zh.wikipedia.org/wiki/%E8%B5%A4%E8%89%B2%E8%A6%81%E5%A1%9E,https://zh.wikipedia.org/wiki/%E7%A7%91%E6%A8%82%E7%BE%8E
FDS,Family Computer Disk System,妖精传说,Risa no Yousei Densetsu,リサの妖精伝説,1988年6月12日,,,科乐美,,https://zh.wikipedia.org/wiki/%E7%A7%91%E6%A8%82%E7%BE%8E
FDS,Family Computer Disk System,Famicom侦探俱乐部：消失的继任者（后编）,Famicom Tantei Club - Kieta Koukeisha - Kouhen,ファミコン探偵倶楽部 消えた後継者 後編,1988年6月14日,,,任天堂,,https://zh.wikipedia.org/wiki/%E4%BB%BB%E5%A4%A9%E5%A0%82
FDS,Family Computer Disk System,火焰洛克,Fire Rock,ファイヤーロック,1988年6月20日,,,ユース,,
FDS,Family Computer Disk System,亚空战记,Akuu Senki Raijin,亜空戦記ライジン,1988年7月12日,,,DOG,,
FDS,Family Computer Disk System,弹珠台,Moonball Magic,ムーンボールマジック,1988年7月12日,,,システムサコム,,
FDS,Family Computer Disk System,大金刚Jr.,Donkey Kong Jr.,ドンキーコングJR.,1988年7月19日,,,任天堂,https://zh.wikipedia.org/wiki/%E5%A4%A7%E9%87%91%E5%88%9AJr.,https://zh.wikipedia.org/wiki/%E4%BB%BB%E5%A4%A9%E5%A0%82
FDS,Family Computer Disk System,金先生,Mr. Gold - Kinsan In The Space - Tooyama no Kinsan Space Chou,遠山の金さんすぺえす帖 MR.GOLD,1988年7月19日,,,东映动画,,https://zh.wikipedia.org/wiki/%E4%B8%9C%E6%98%A0%E5%8A%A8%E7%94%BB
FDS,Family Computer Disk System,科乐美冰上曲棍球,Konamic Ice Hockey,コナミックアイスホッケー,1988年7月22日,,,科乐美,,https://zh.wikipedia.org/wiki/%E7%A7%91%E6%A8%82%E7%BE%8E
FDS,Family Computer Disk System,猛龙过江,Karate Champ,カラテチャンプ,1988年7月22日,,,DECO,,https://zh.wikipedia.org/wiki/DECO
FDS,Family Computer Disk System,地雷君,Radical Bomber!! Jirai Kun,らじかるぼんばー!! 地雷くん,1988年7月29日,,,ジャレコ,,https://zh.wikipedia.org/wiki/%E3%82%B8%E3%83%A3%E3%83%AC%E3%82%B3
FDS,Family Computer Disk System,爆斗士,Bakutoushi Patton Kun,爆闘士パットンくん,1988年8月5日,,,ソフトプロ,,
FDS,Family Computer Disk System,大挑战：柔道选手档,Big Challenge! Juudou Senshuken,ビッグチャレンジ! 柔道選手権,1988年8月10日,,,ジャレコ,,https://zh.wikipedia.org/wiki/%E3%82%B8%E3%83%A3%E3%83%AC%E3%82%B3
FDS,Family Computer Disk System,将棋指南2：诘将棋,Tanigawa Kouji no Shougi Shinan 2,谷川浩司の将棋指南II 詰め将棋・次の一手,1988年8月10日,,,波丽佳音,,https://zh.wikipedia.org/wiki/%E6%B3%A2%E9%BA%97%E4%BD%B3%E9%9F%B3
FDS,Family Computer Disk System,母女之爱,Silviana - Ai Ippai no Boukensha,シルヴィアーナ,1988年8月10日,,,パック・イン・ビデオ,,
FDS,Family Computer Disk System,科乐美网球,Konamic Tennis,コナミックテニス,1988年8月19日,,,科乐美,,https://zh.wikipedia.org/wiki/%E7%A7%91%E6%A8%82%E7%BE%8E
FDS,Family Computer Disk System,蛋王子2：往创造的出发,Eggerland - Souzou heno Tabidachi,エッガーランド 創造への旅立ち,1988年8月20日,,,HAL研究所,,https://zh.wikipedia.org/wiki/HAL%E7%A0%94%E7%A9%B6%E6%89%80
FDS,Family Computer Disk System,崩坏魔塔,Matou no Houkai - The Hero of Babel,魔塔の崩壊,1988年9月2日,,,波丽佳音,,https://zh.wikipedia.org/wiki/%E6%B3%A2%E9%BA%97%E4%BD%B3%E9%9F%B3
FDS,Family Computer Disk System,泰德足球,Kick and Run,キック アンド ラン,1988年9月13日,,,タイトー,,
FDS,Family Computer Disk System,汉堡世界,Burger Time,バーガータイム,1988年9月23日,,,データイースト,,
FDS,Family Computer Disk System,柏青哥,Pachi Com,パチコン,1988年10月4日,,,东芝EMI,,https://zh.wikipedia.org/wiki/%E6%9D%B1%E8%8A%9DEMI
FDS,Family Computer Disk System,丹迪冒险：捷翁的复活,Dandy - Zeuon no Fukkatsu,ダンディー,1988年10月21日,,,波丽佳音,,https://zh.wikipedia.org/wiki/%E6%B3%A2%E9%BA%97%E4%BD%B3%E9%9F%B3
FDS,Family Computer Disk System,大挑战：战斗直升机,Big challenge~Dogfight Spirit,ビッグチャレンジ! ドッグファイトスピリット,1988年10月21日,,,ジャレコ,,https://zh.wikipedia.org/wiki/%E3%82%B8%E3%83%A3%E3%83%AC%E3%82%B3
FDS,Family Computer Disk System,怪兽超人俱乐部：地球夺回作战,Ultraman Club - Chikyuu Dakkan Sakusen,ウルトラマン倶楽部,1988年10月22日,,,万代,,https://zh.wikipedia.org/wiki/%E8%90%AC%E4%BB%A3
FDS,Family Computer Disk System,游戏迷宫,Yuu Maze,遊メイズ,1988年10月28日,,,タイトー,,
FDS,Family Computer Disk System,武士之剑,Samurai Sword,サムライソード,1988年11月15日,,,卡普空,,https://zh.wikipedia.org/wiki/%E5%8D%A1%E6%99%AE%E7%A9%BA
FDS,Family Computer Disk System,敲冰块,Ice Climber,アイスクライマー,1988年11月18日,,,任天堂,https://zh.wikipedia.org/wiki/%E6%95%B2%E5%86%B0%E5%9D%97,https://zh.wikipedia.org/wiki/%E4%BB%BB%E5%A4%A9%E5%A0%82
FDS,Family Computer Disk System,太空射击传,Gyruss,ジャイラス,1988年11月18日,,,科乐美,,https://zh.wikipedia.org/wiki/%E7%A7%91%E6%A8%82%E7%BE%8E
FDS,Family Computer Disk System,帕青哥GP赛,Pachinko GP,パチンコGP,1988年11月18日,,,データイースト,,
FDS,Family Computer Disk System,侦探团魔邻组,Jaaman Tanteidan Marin Gumi - Maruhi Jigoma Sousa File,じゃあまん探偵団 魔隣組,1988年11月29日,,,万代,,https://zh.wikipedia.org/wiki/%E8%90%AC%E4%BB%A3
FDS,Family Computer Disk System,返回吧！水管玛丽,Kaettekita Mario Bros,帰ってきたマリオブラザーズ,1988年11月30日,,,任天堂,,https://zh.wikipedia.org/wiki/%E4%BB%BB%E5%A4%A9%E5%A0%82
FDS,Family Computer Disk System,侦探神宫原三郎：危险的两人（前编）,Tantei Jinguuji Saburou - Kikenna Futari - Zenhen,探偵 神宮寺三郎 危険な二人 前編,1988年12月9日,,,データイースト,,
FDS,Family Computer Disk System,热战机车赛,Vs.Excitebike,VS.エキサイトバイク,1988年12月9日,,,任天堂,,https://zh.wikipedia.org/wiki/%E4%BB%BB%E5%A4%A9%E5%A0%82
FDS,Family Computer Disk System,那金大冒险,Nankin no Adobenchia,なんきんのアドベンチア,1988年12月9日,,,Sun电子,,https://zh.wikipedia.org/wiki/Sun%E7%94%B5%E5%AD%90
FDS,Family Computer Disk System,塔罗牌占卜,Tarot,タロット占い,1988年12月23日,,,スコーピオンソフト,,
FDS,Family Computer Disk System,哈雷大战,Halley Wars,ハレーウォーズ,1989年1月14日,,,タイトー,,
FDS,Family Computer Disk System,机动警察：第二小队出动,Patlabor - Mobile Police (Kidou Keisatsu Patlabor),機動警察パトレイバー,1989年1月14日,,,万代,,https://zh.wikipedia.org/wiki/%E8%90%AC%E4%BB%A3
FDS,Family Computer Disk System,拆屋工/玛丽工人,Wrecking Crew,レッキングクルー,1989年2月3日,,,任天堂,https://zh.wikipedia.org/wiki/%E6%8B%86%E5%B1%8B%E5%B7%A5,https://zh.wikipedia.org/wiki/%E4%BB%BB%E5%A4%A9%E5%A0%82
FDS,Family Computer Disk System,侦探神宫原三郎：危险的两人（后编）,Tantei Jinguuji Saburou - Kikenna Futari - Kouhen,探偵 神宮寺三郎 危険な二人 後編,1989年2月10日,,,DECO,,https://zh.wikipedia.org/wiki/DECO
FDS,Family Computer Disk System,罗杰兔,Roger Rabbit,ロジャーラビット,1989年2月16日,,,KEMCO,,
FDS,Family Computer Disk System,猫咪大冒险,Tama & Friends,タマ&フレンズ,1989年2月23日,,,万代,,https://zh.wikipedia.org/wiki/%E8%90%AC%E4%BB%A3
FDS,Family Computer Disk System,SD钢弹世界：扭蛋战士混乱大战地图集,SD Gundam World-Gachapon Senshi-Scramble Wars-Map Collection,SDガンダムワールド ガチャポン戦士 スクランブルウォーズ マップコレクション,1989年3月3日,,,万代,,https://zh.wikipedia.org/wiki/%E8%90%AC%E4%BB%A3
FDS,Family Computer Disk System,光源氏：摇滚狂热,Hikaru Genji - Roller Panic,光GENJI ローラーパニック,1989年3月20日,,,波丽佳音,,https://zh.wikipedia.org/wiki/%E6%B3%A2%E9%BA%97%E4%BD%B3%E9%9F%B3
FDS,Family Computer Disk System,大挑战：神枪手,Big Challenge! Gun Fighter,ビッグチャレンジ! ガンファイター,1989年3月28日,,,ジャレコ,,https://zh.wikipedia.org/wiki/%E3%82%B8%E3%83%A3%E3%83%AC%E3%82%B3
FDS,Family Computer Disk System,迷你高尔夫,Putt Putt Golf,パットパットゴルフ,1989年3月30日,,,パック・イン・ビデオ,,
FDS,Family Computer Disk System,妖精物语/童话物语,Fairytale,フェアリーテイル,1989年4月28日,,,ソフトプロ,,
FDS,Family Computer Disk System,Famicom侦探俱乐部2：站在身后的少女（前编）,Famicom Tantei Club Part II - Ushiro ni Tatsu Shoujo - Zenhen,ファミコン探偵倶楽部 PARTII うしろに立つ少女 前編,1989年5月23日,,,任天堂,,https://zh.wikipedia.org/wiki/%E4%BB%BB%E5%A4%A9%E5%A0%82
FDS,Family Computer Disk System,弹珠台,Pinball,ピンボール,1989年5月30日,,,任天堂,https://zh.wikipedia.org/wiki/%E5%BC%B9%E7%8F%A0%E5%8F%B0_(%E7%94%B5%E5%AD%90%E6%B8%B8%E6%88%8F),https://zh.wikipedia.org/wiki/%E4%BB%BB%E5%A4%A9%E5%A0%82
FDS,Family Computer Disk System,大挑战：GoGo保龄球,Big Challenge! Go! Go! Bowling,ビッグチャレンジ! GOGOボウリング,1989年6月23日,,,ジャレコ,,https://zh.wikipedia.org/wiki/%E3%82%B8%E3%83%A3%E3%83%AC%E3%82%B3
FDS,Family Computer Disk System,Famicom侦探俱乐部2：站在身后的少女（后编）,Famicom Tantei Club Part II - Ushiro ni Tatsu Shoujo - Kouhen,ファミコン探偵倶楽部 PARTII うしろに立つ少女 後編,1989年6月30日,,,任天堂,,https://zh.wikipedia.org/wiki/%E4%BB%BB%E5%A4%A9%E5%A0%82
FDS,Family Computer Disk System,骇客王子,Magma Project - Hacker,マグマプロジェクト ハッカー,1989年8月10日,,,徳间书店,,https://zh.wikipedia.org/wiki/%E5%BE%B3%E9%96%93%E6%9B%B8%E5%BA%97
FDS,Family Computer Disk System,任天堂名作童话：游游记前编,Famicom Mukashi Banashi - Yuu Yuu Ki - Zenhen,ふぁみこんむかし話 遊遊記 前編,1989年10月14日,,,任天堂,,https://zh.wikipedia.org/wiki/%E4%BB%BB%E5%A4%A9%E5%A0%82
FDS,Family Computer Disk System,童儿,Kattobi! Douji,かっとび!童児,1989年10月20日,,,パック・イン・ビデオ,,
FDS,Family Computer Disk System,任天堂名作童话：游游记后编,Famicom Mukashi Banashi - Yuu Yuu Ki - Kouhen,ふぁみこんむかし話 遊遊記 後編,1989年11月14日,,,任天堂,,https://zh.wikipedia.org/wiki/%E4%BB%BB%E5%A4%A9%E5%A0%82
FDS,Family Computer Disk System,鲁特迷宫,Lutter,LUTTER,1989年11月24日,,,アテナ,,
FDS,Family Computer Disk System,法米杂志软盘系列01：香港,Famimaga Disk Vol. 1 - Hong Kong,香港,1990年3月23日,,,徳间书店,,https://zh.wikipedia.org/wiki/%E5%BE%B3%E9%96%93%E6%9B%B8%E5%BA%97
FDS,Family Computer Disk System,炸弹人,Bomberman,ボンバーマン,1990年4月2日,,,ハドソン,https://zh.wikipedia.org/wiki/%E7%82%B8%E5%BD%88%E4%BA%BA_(%E9%81%8A%E6%88%B2),
FDS,Family Computer Disk System,铁板阵,Xevious,ゼビウス,1990年5月18日,,,南梦宫,https://zh.wikipedia.org/wiki/%E9%93%81%E6%9D%BF%E9%98%B5,https://zh.wikipedia.org/wiki/%E5%8D%97%E6%A2%A6%E5%AE%AB
FDS,Family Computer Disk System,吃豆人/小精灵,Pac-Man,パックマン,1990年5月18日,,,南梦宫,https://zh.wikipedia.org/wiki/%E5%90%83%E8%B1%86%E4%BA%BA,https://zh.wikipedia.org/wiki/%E5%8D%97%E6%A2%A6%E5%AE%AB
FDS,Family Computer Disk System,国际象棋,Knight Move,ナイトムーブ,1990年6月5日,,,任天堂,,https://zh.wikipedia.org/wiki/%E4%BB%BB%E5%A4%A9%E5%A0%82
FDS,Family Computer Disk System,大蜜蜂,Galaga,ギャラガ,1990年6月22日,,,南梦宫,https://zh.wikipedia.org/wiki/%E5%A4%A7%E8%9C%9C%E8%9C%82_(%E6%B8%B8%E6%88%8F),https://zh.wikipedia.org/wiki/%E5%8D%97%E6%A2%A6%E5%AE%AB
FDS,Family Computer Disk System,小蜜蜂,Galaxian,ギャラクシアン,1990年7月20日,,,南梦宫,https://zh.wikipedia.org/wiki/%E5%B0%8F%E8%9C%9C%E8%9C%82_(%E6%B8%B8%E6%88%8F),https://zh.wikipedia.org/wiki/%E5%8D%97%E6%A2%A6%E5%AE%AB
FDS,Family Computer Disk System,打空气,Dig Dug,ディグダグ,1990年7月20日,,,南梦宫,https://zh.wikipedia.org/wiki/%E6%89%93%E7%A9%BA%E6%B0%A3,https://zh.wikipedia.org/wiki/%E5%8D%97%E6%A2%A6%E5%AE%AB
FDS,Family Computer Disk System,打空气II,Dig Dug II,ディグダグII,1990年8月31日,,,南梦宫,https://zh.wikipedia.org/wiki/%E6%89%93%E7%A9%BA%E6%B0%94II,https://zh.wikipedia.org/wiki/%E5%8D%97%E6%A2%A6%E5%AE%AB
FDS,Family Computer Disk System,双陆棋,Backgammon,バックギャモン,1990年9月7日,,,任天堂,,https://zh.wikipedia.org/wiki/%E4%BB%BB%E5%A4%A9%E5%A0%82
FDS,Family Computer Disk System,法米杂志软盘系列02：神奇空间,Famimaga Disk Vol. 2 - Panic Space,パニックスペース,1990年10月19日,,,徳间书店,,https://zh.wikipedia.org/wiki/%E5%BE%B3%E9%96%93%E6%9B%B8%E5%BA%97
FDS,Family Computer Disk System,解谜小子,Puzzle Boys.,パズルボーイズ,1990年11月16日,,,アトラス,,
FDS,Family Computer Disk System,,,惑星アトン外伝,1990年11月中旬,,,国税厅,,https://zh.wikipedia.org/wiki/%E5%9C%8B%E7%A8%85%E5%BB%B3_(%E6%97%A5%E6%9C%AC)
FDS,Family Computer Disk System,石道,Ishido,石道,1990年12月7日,,,ヒロ,,
FDS,Family Computer Disk System,所罗门之枪,Solomon no Kagi,ソロモンの鍵,1991年1月25日,,,特库摩,,https://zh.wikipedia.org/wiki/%E7%89%B9%E5%BA%93%E6%91%A9
FDS,Family Computer Disk System,法米杂志软盘系列03：棋类大集合,Famimaga Disk Vol.3 - All One,オール1,1991年2月22日,,,徳间书店,,https://zh.wikipedia.org/wiki/%E5%BE%B3%E9%96%93%E6%9B%B8%E5%BA%97
FDS,Family Computer Disk System,法米杂志软盘系列04：时间方块,Famimaga Disk Vol.4 - Clox,クロックス,1991年4月19日,,,徳间书店,,https://zh.wikipedia.org/wiki/%E5%BE%B3%E9%96%93%E6%9B%B8%E5%BA%97
FDS,Family Computer Disk System,时空扭曲：历史的先驱者（前编）,Time Twist - Rekishi no Katasumi de - Zenhen,タイムツイスト 歴史のかたすみで… 前編,1991年7月26日,,,任天堂,,https://zh.wikipedia.org/wiki/%E4%BB%BB%E5%A4%A9%E5%A0%82
FDS,Family Computer Disk System,时空扭曲：历史的先驱者（后编）,Time Twist - Rekishi no Katasumi de - Kouhen,タイムツイスト 歴史のかたすみで… 後編,1991年7月26日,,,任天堂,,https://zh.wikipedia.org/wiki/%E4%BB%BB%E5%A4%A9%E5%A0%82
FDS,Family Computer Disk System,法米杂志软盘系列05：魔法气泡,Famimaga Disk Vol.5 - Puyo Puyo,ぷよぷよ,1991年10月25日,,,徳间书店,,https://zh.wikipedia.org/wiki/%E5%BE%B3%E9%96%93%E6%9B%B8%E5%BA%97
FDS,Family Computer Disk System,豆豆迷魂阵,Clu Clu Land - Welcome to New Cluclu Land,クルクルランド,1992年4月28日,,,任天堂,,https://zh.wikipedia.org/wiki/%E4%BB%BB%E5%A4%A9%E5%A0%82
FDS,Family Computer Disk System,法米杂志软盘系列06：软盘之城,Famimaga Disk Vol. 6 - Janken Disk Jou,じゃんけんディスク城,1992年12月22日,,,徳间书店,,https://zh.wikipedia.org/wiki/%E5%BE%B3%E9%96%93%E6%9B%B8%E5%BA%97
FC,Family Computer,大金刚,Donkey Kong,ドンキーコング,1983年7月15日,,,任天堂,https://zh.wikipedia.org/wiki/%E5%A4%A7%E9%87%91%E5%88%9A_(%E6%B8%B8%E6%88%8F),https://zh.wikipedia.org/wiki/%E4%BB%BB%E5%A4%A9%E5%A0%82
FC,Family Computer,大金刚Jr.,Donkey Kong Jr.,ドンキーコングJR.,1983年7月15日,,,任天堂,https://zh.wikipedia.org/wiki/%E5%A4%A7%E9%87%91%E5%88%9AJr.,
FC,Family Computer,大力水手,Popeye,ポパイ,1983年7月15日,,,任天堂,https://zh.wikipedia.org/wiki/%E5%A4%A7%E5%8A%9B%E6%B0%B4%E6%89%8B_(%E6%B8%B8%E6%88%8F),
FC,Family Computer,五子连珠,Gomoku Narabe Renju,五目ならべ 連珠,1983年8月27日,,,任天堂,https://zh.wikipedia.org/wiki/%E4%BA%94%E5%AD%90%E8%BF%9E%E7%8F%A0_(%E7%94%B5%E5%AD%90%E6%B8%B8%E6%88%8F),
FC,Family Computer,麻将,Mahjong,麻雀,1983年8月27日,,,任天堂,https://zh.wikipedia.org/wiki/%E9%BA%BB%E5%B0%87_(1983%E5%B9%B4%E9%81%8A%E6%88%B2),
FC,Family Computer,马力欧兄弟/水管马力欧,Mario Bros.,マリオブラザーズ,1983年9月9日,,,任天堂,https://zh.wikipedia.org/wiki/%E9%A9%AC%E9%87%8C%E5%A5%A5%E5%85%84%E5%BC%9F,
FC,Family Computer,大力水手学英语,Popeye no Eigo Asobi,ポパイの英語遊び,1983年11月22日,,,任天堂,https://zh.wikipedia.org/wiki/%E5%A4%A7%E5%8A%9B%E6%B0%B4%E6%89%8B%E5%AD%A6%E8%8B%B1%E8%AF%AD,
FC,Family Computer,棒球,Baseball,ベースボール,1983年12月7日,,,任天堂,https://zh.wikipedia.org/wiki/%E6%A3%92%E7%90%83_(%E6%B8%B8%E6%88%8F),
FC,Family Computer,小金刚算数,Donkey Kong Jr. Math,ドンキーコングJR.の算数遊び,1983年12月12日,,,任天堂,https://zh.wikipedia.org/wiki/%E5%B0%8F%E9%87%91%E5%89%9B%E7%AE%97%E6%95%B8,
FC,Family Computer,网球,Tennis,テニス,1984年1月14日,,,任天堂,https://zh.wikipedia.org/wiki/%E7%BD%91%E7%90%83_(%E6%B8%B8%E6%88%8F),https://zh.wikipedia.org/wiki/%E4%BB%BB%E5%A4%A9%E5%A0%82
FC,Family Computer,弹珠台,Pinball,ピンボール,1984年2月2日,,,任天堂,https://zh.wikipedia.org/wiki/%E5%BC%B9%E7%8F%A0%E5%8F%B0_(%E7%94%B5%E5%AD%90%E6%B8%B8%E6%88%8F),
FC,Family Computer,荒野枪手（光线枪）,Wild Gunman,ワイルドガンマン,1984年2月18日,,,任天堂,https://zh.wikipedia.org/wiki/%E8%8D%92%E9%87%8E%E6%9E%AA%E6%89%8B,
FC,Family Computer,打鸭子（光线枪）,Duck Hunt,ダックハント,1984年4月21日,,,任天堂,https://zh.wikipedia.org/wiki/%E6%89%93%E9%B8%AD%E5%AD%90,
FC,Family Computer,高尔夫,Golf,ゴルフ,1984年5月1日,,,任天堂,https://zh.wikipedia.org/wiki/%E9%AB%98%E5%B0%94%E5%A4%AB_(%E6%B8%B8%E6%88%8F),
FC,Family Computer,警技射击（光线枪）,Hogan's Alley,ホーガンズアレイ,1984年6月12日,,,任天堂,https://zh.wikipedia.org/wiki/%E8%AD%A6%E6%8A%80%E5%B0%84%E5%87%BB,
FC,Family Computer,培基语音,Basic Family,ファミリーベーシック,1984年6月21日,,,任天堂,,
FC,Family Computer,大金刚3,Donkey Kong 3,ドンキーコング3,1984年7月4日,,,任天堂,https://zh.wikipedia.org/wiki/%E5%A4%A7%E9%87%91%E5%88%9A3,
FC,Family Computer,牛奶与花生/爱的小屋,Nuts & Milk,ナッツ&ミルク,1984年7月28日,,,Hudson Soft,https://zh.wikipedia.org/wiki/%E7%89%9B%E5%A5%B6%E4%B8%8E%E8%8A%B1%E7%94%9F,https://zh.wikipedia.org/wiki/Hudson_Soft
FC,Family Computer,淘金者,Lode Runner,ロードランナー,1984年7月31日,,,Hudson Soft,https://zh.wikipedia.org/wiki/%E6%B7%98%E9%87%91%E8%80%85_(%E6%B8%B8%E6%88%8F),
FC,Family Computer,小蜜蜂,Galaxian,ギャラクシアン,1984年9月7日,,,南梦宫,https://zh.wikipedia.org/wiki/%E5%B0%8F%E8%9C%9C%E8%9C%82_(%E6%B8%B8%E6%88%8F),https://zh.wikipedia.org/wiki/%E5%8D%97%E6%A2%A6%E5%AE%AB
FC,Family Computer,恶魔世界,Devil World,デビルワールド,1984年10月5日,,,任天堂,https://zh.wikipedia.org/wiki/%E6%81%B6%E9%AD%94%E4%B8%96%E7%95%8C,
FC,Family Computer,四人麻将,4 Nin Uchi Mahjong,4人打ち麻雀,1984年11月2日,,,任天堂,https://zh.wikipedia.org/wiki/%E5%9B%9B%E4%BA%BA%E9%BA%BB%E5%B0%86,
FC,Family Computer,F1赛车,F-1 Race,F1レース,1984年11月2日,,,任天堂,https://zh.wikipedia.org/wiki/F1%E8%B5%9B%E8%BD%A6_(%E6%B8%B8%E6%88%8F),
FC,Family Computer,吃豆人,Pac-Man,パックマン,1984年11月2日,,,南梦宫,https://zh.wikipedia.org/wiki/%E5%90%83%E8%B1%86%E4%BA%BA,
FC,Family Computer,铁板阵,Xevious,ゼビウス,1984年11月8日,,,南梦宫,https://zh.wikipedia.org/wiki/%E9%93%81%E6%9D%BF%E9%98%B5,
FC,Family Computer,街头小子,Urban Champion,アーバンチャンピオン,1984年11月14日,,,任天堂,https://zh.wikipedia.org/wiki/%E8%A1%97%E5%A4%B4%E5%B0%8F%E5%AD%90,
FC,Family Computer,猫捉老鼠,Mappy,マッピー,1984年11月14日,,,南梦宫,https://zh.wikipedia.org/wiki/%E8%B2%93%E6%8D%89%E8%80%81%E9%BC%A0,
FC,Family Computer,转转乐园,Clu Clu Land,クルクルランド,1984年11月22日,,,任天堂,https://zh.wikipedia.org/wiki/%E8%BD%89%E8%BD%89%E6%A8%82%E5%9C%92,
FC,Family Computer,越野机车/火爆机车赛,Excite Bike,エキサイトバイク,1984年11月30日,,,任天堂,https://zh.wikipedia.org/wiki/%E8%B6%8A%E9%87%8E%E6%9C%BA%E8%BD%A6,
FC,Family Computer,气球大战,Balloon Fight,バルーンファイト,1985年1月22日,,,任天堂,https://zh.wikipedia.org/wiki/%E6%B0%94%E7%90%83%E5%A4%A7%E6%88%98,https://zh.wikipedia.org/wiki/%E4%BB%BB%E5%A4%A9%E5%A0%82
FC,Family Computer,敲冰块,Ice Climber,アイスクライマー,1985年1月30日,,,任天堂,https://zh.wikipedia.org/wiki/%E6%95%B2%E5%86%B0%E5%9D%97,
FC,Family Computer,火凤凰/长生鸟,Exerion,エクセリオン,1985年2月11日,,,Jaleco,https://zh.wikipedia.org/wiki/%E7%81%AB%E5%87%A4%E5%87%B0_(%E6%B8%B8%E6%88%8F),https://zh.wikipedia.org/wiki/Jaleco
FC,Family Computer,大蜜蜂,Galaga,ギャラガ,1985年2月15日,,,南梦宫,https://zh.wikipedia.org/wiki/%E5%A4%A7%E8%9C%9C%E8%9C%82_(%E6%B8%B8%E6%88%8F),https://zh.wikipedia.org/wiki/%E5%8D%97%E6%A2%A6%E5%AE%AB
FC,Family Computer,培基语音第三版,Family Basic V3,ファミリーベーシックV3,1985年2月21日,,,任天堂,,
FC,Family Computer,救难直升机,Raid on Bungeling Bay,バンゲリングベイ,1985年2月22日,,,Hudson Soft,https://zh.wikipedia.org/wiki/%E6%95%91%E9%9A%BE%E7%9B%B4%E5%8D%87%E6%9C%BA,https://zh.wikipedia.org/wiki/Hudson_Soft
FC,Family Computer,变形战机Z,Formation Z,フォーメーションZ,1985年4月4日,,,Jaleco,https://zh.wikipedia.org/wiki/%E5%8F%98%E5%BD%A2%E6%88%98%E6%9C%BAZ,
FC,Family Computer,足球,Soccer,サッカー,1985年4月9日,,,任天堂,https://zh.wikipedia.org/wiki/%E8%B6%B3%E7%90%83_(1985%E5%B9%B4%E6%B8%B8%E6%88%8F),
FC,Family Computer,太空侵略者,Space Invaders,スペースインベーダー,1985年4月17日,,,太东,https://zh.wikipedia.org/wiki/%E5%A4%AA%E7%A9%BA%E4%BE%B5%E7%95%A5%E8%80%85,https://zh.wikipedia.org/wiki/%E5%A4%AA%E6%9D%B1
FC,Family Computer,冠军淘金者,Championship Lode Runner,チャンピオンシップロードランナー,1985年4月17日,,,Hudson Soft,https://zh.wikipedia.org/wiki/%E5%86%A0%E5%86%9B%E6%B7%98%E9%87%91%E8%80%85,
FC,Family Computer,功夫,Yie Ar Kung Fu,イー・アル・カンフー,1985年4月22日,,,科乐美,https://zh.wikipedia.org/wiki/%E5%8A%9F%E5%A4%AB_(%E9%81%8A%E6%88%B2),https://zh.wikipedia.org/wiki/%E7%A7%91%E6%A8%82%E7%BE%8E%E6%95%B8%E4%BD%8D%E5%A8%9B%E6%A8%82
FC,Family Computer,南极大冒险,Antarctic Adventure,けっきょく南極大冒険,1985年4月22日,,,科乐美,https://zh.wikipedia.org/wiki/%E5%8D%97%E6%9E%81%E5%A4%A7%E5%86%92%E9%99%A9_(%E6%B8%B8%E6%88%8F),
FC,Family Computer,忍者君 魔城的冒险,Ninja Kun - Majou no Bouken,忍者くん 魔城の冒険,1985年5月10日,,,Jaleco,https://zh.wikipedia.org/wiki/%E5%BF%8D%E8%80%85%E5%90%9B_%E9%AD%94%E5%9F%8E%E7%9A%84%E5%86%92%E9%9A%AA,
FC,Family Computer,跳跳虫,Chack 'n Pop,ちゃっくんぽっぷ,1985年5月24日,,,太东,https://zh.wikipedia.org/wiki/%E8%B7%B3%E8%B7%B3%E8%99%AB,
FC,Family Computer,打空气,Dig Dug,ディグダグ,1985年6月4日,,,南梦宫,https://zh.wikipedia.org/wiki/%E6%89%93%E7%A9%BA%E6%B0%A3,
FC,Family Computer,推推乐,Flappy,フラッピー,1985年6月14日,,,dB-Soft,https://zh.wikipedia.org/wiki/%E6%8E%A8%E6%8E%A8%E4%B9%90,
FC,Family Computer,拆屋工/玛丽工人,Wrecking Crew,レッキングクルー,1985年6月18日,,,任天堂,https://zh.wikipedia.org/wiki/%E6%8B%86%E5%B1%8B%E5%B7%A5,
FC,Family Computer,成龙踢馆,Spartan X,スパルタンX,1985年6月21日,,,任天堂,https://zh.wikipedia.org/wiki/%E6%88%90%E9%BE%99%E8%B8%A2%E9%A6%86,
FC,Family Computer,金牌奥运会,Hyper Olympic,ハイパーオリンピック,1985年6月21日,,,科乐美,https://zh.wikipedia.org/wiki/%E9%87%91%E7%89%8C%E5%A5%A5%E8%BF%90%E4%BC%9A,
FC,Family Computer,星际力量/雷鸟号,Star Force,スターフォース,1985年6月25日,,,Hudson Soft,https://zh.wikipedia.org/wiki/%E6%98%9F%E9%99%85%E5%8A%9B%E9%87%8F,
FC,Family Computer,电梯迷宫,Elevator Action,エレベーターアクション,1985年6月28日,,,太东,https://zh.wikipedia.org/wiki/%E7%94%B5%E6%A2%AF%E8%BF%B7%E5%AE%AB,
FC,Family Computer,杀戮战场,Field Combat,フィールドコンバット,1985年7月9日,,,Jaleco,https://zh.wikipedia.org/wiki/%E6%9D%80%E6%88%AE%E6%88%98%E5%9C%BA_(%E6%B8%B8%E6%88%8F),
FC,Family Computer,公路战士/马路英雄,Road Fighter,ロードファイター,1985年7月11日,,,科乐美,https://zh.wikipedia.org/wiki/%E5%85%AC%E8%B7%AF%E6%88%B0%E5%A3%AB,
FC,Family Computer,太空青蛙/弯曲超人,Warpman,ワープマン,1985年7月12日,,,南梦宫,https://zh.wikipedia.org/wiki/%E5%A4%AA%E7%A9%BA%E9%9D%92%E8%9B%99,
FC,Family Computer,疯狂赛车,Zippy Race,ジッピーレース,1985年7月18日,,,Irem,https://zh.wikipedia.org/wiki/%E7%96%AF%E7%8B%82%E8%B5%9B%E8%BD%A6_(1983%E5%B9%B4%E6%B8%B8%E6%88%8F),https://zh.wikipedia.org/wiki/Irem
FC,Family Computer,门门冒险,Door Door,ドアドア,1985年7月18日,,,艾尼克斯,https://zh.wikipedia.org/wiki/%E9%97%A8%E9%97%A8%E5%86%92%E9%99%A9,https://zh.wikipedia.org/wiki/%E8%89%BE%E5%B0%BC%E5%85%8B%E6%96%AF
FC,Family Computer,超级阿拉伯大冒险/辛巴达,Super Arabian,スーパーアラビアン,1985年7月25日,,,Sun电子,https://zh.wikipedia.org/wiki/%E8%B6%85%E7%BA%A7%E9%98%BF%E6%8B%89%E4%BC%AF%E5%A4%A7%E5%86%92%E9%99%A9,https://zh.wikipedia.org/wiki/Sun%E7%94%B5%E5%AD%90
FC,Family Computer,机器人组合套件,Family Computer Robot Block Set,ブロックセット,1985年7月26日,,,任天堂,,
FC,Family Computer,前线任务,Front Line,フロントライン,1985年8月1日,,,太东,https://zh.wikipedia.org/wiki/%E5%89%8D%E7%BA%BF%E4%BB%BB%E5%8A%A1_(1982%E5%B9%B4%E6%B8%B8%E6%88%8F),
FC,Family Computer,迷宫塔,Tower of Druaga,ドルアーガの塔,1985年8月6日,,,南梦宫,https://zh.wikipedia.org/wiki/%E8%BF%B7%E5%AE%AE%E5%A1%94,
FC,Family Computer,莎莎机器人,Astro Robo Sasa,アストロロボSASA,1985年8月9日,,,ASCII,https://zh.wikipedia.org/wiki/%E8%8E%8E%E8%8E%8E_(%E6%B8%B8%E6%88%8F),https://zh.wikipedia.org/wiki/ASCII_(%E4%BC%81%E6%A5%AD)
FC,Family Computer,本将棋 内藤九段将棋秘传,Hon Shougi - Naitou 9 Dan Shougi Hiden,本将棋 内藤九段将棋秘伝,1985年8月10日,,,Seta,https://zh.wikipedia.org/wiki/%E6%9C%AC%E5%B0%86%E6%A3%8B_%E5%86%85%E8%97%A4%E4%B9%9D%E6%AE%B5%E5%B0%86%E6%A3%8B%E7%A7%98%E4%BC%A0,
FC,Family Computer,机器人组件,Family Computer Robot Gyromite Set,ジャイロセット,1985年8月13日,,,任天堂,,
FC,Family Computer,宇宙大射击,Geimos,ゲイモス,1985年8月28日,,,ASCII,https://zh.wikipedia.org/wiki/%E5%AE%87%E5%AE%99%E5%A4%A7%E5%B0%84%E5%87%BB,
FC,Family Computer,十码大战,10-Yard Fight,10ヤードファイト,1985年8月30日,,,Irem,https://zh.wikipedia.org/wiki/%E5%8D%81%E7%A0%81%E5%A4%A7%E6%88%98,
FC,Family Computer,坦克大战,Battle City,バトルシティー,1985年9月9日,,,南梦宫,https://zh.wikipedia.org/wiki/%E5%9D%A6%E5%85%8B%E5%A4%A7%E6%88%98,
FC,Family Computer,超级马力欧兄弟,Super Mario Bros.,スーパーマリオブラザーズ,1985年9月13日,,,任天堂,https://zh.wikipedia.org/wiki/%E8%B6%85%E7%BA%A7%E9%A9%AC%E9%87%8C%E5%A5%A5%E5%85%84%E5%BC%9F,
FC,Family Computer,三只小猪/小猪大作战,Pooyan,プーヤン,1985年9月20日,,,Hudson Soft,https://zh.wikipedia.org/wiki/%E4%B8%89%E5%8F%AA%E5%B0%8F%E7%8C%AA_(%E6%B8%B8%E6%88%8F),
FC,Family Computer,超级运动会/金牌运动会,Hyper Sports,ハイパースポーツ,1985年9月27日,,,科乐美,https://zh.wikipedia.org/wiki/%E8%B6%85%E7%BA%A7%E8%BF%90%E5%8A%A8%E4%BC%9A,
FC,Family Computer,碰碰车,City Connection,シティコネクション,1985年9月27日,,,Jaleco,https://zh.wikipedia.org/wiki/%E7%A2%B0%E7%A2%B0%E8%BD%A6_(%E7%94%B5%E5%AD%90%E6%B8%B8%E6%88%8F),
FC,Family Computer,公路追击16,Route-16 Turbo,ルート16ターボ,1985年10月4日,,,Sun电子,https://zh.wikipedia.org/wiki/%E5%85%AC%E8%B7%AF%E8%BF%BD%E5%87%BB16,
FC,Family Computer,列车寻宝/挑战者,Challenger,チャレンジャー,1985年10月15日,,,Hudson Soft,https://zh.wikipedia.org/wiki/%E5%88%97%E8%BD%A6%E5%AF%BB%E5%AE%9D,
FC,Family Computer,筋肉人摔角大赛,Kinniku Man - Muscle Tag Match,キン肉マン マッスルタッグマッチ,1985年11月8日,,,万代,https://zh.wikipedia.org/wiki/%E7%AD%8B%E8%82%89%E4%BA%BA%E6%91%94%E8%A7%92%E5%A4%A7%E8%B5%9B,https://zh.wikipedia.org/wiki/%E4%B8%87%E4%BB%A3
FC,Family Computer,红巾特攻队,Sky Destroyer,スカイデストロイヤー,1985年11月14日,,,太东,https://zh.wikipedia.org/wiki/%E7%BA%A2%E5%B7%BE%E7%89%B9%E6%94%BB%E9%98%9F_(%E6%B8%B8%E6%88%8F),
FC,Family Computer,忍者茶茶丸,Ninja Jajamaru Kun,忍者じゃじゃ丸くん,1985年11月15日,,,Jaleco,https://zh.wikipedia.org/wiki/%E5%BF%8D%E8%80%85%E8%8C%B6%E8%8C%B6%E4%B8%B8,
FC,Family Computer,吃豆人世界/小精灵世界,Pac-Land,パックランド,1985年11月21日,,,南梦宫,https://zh.wikipedia.org/wiki/%E5%90%83%E8%B1%86%E4%BA%BA%E4%B8%96%E7%95%8C,
FC,Family Computer,猫咪小镇,Onyanko Town,おにゃんこTOWN,1985年11月21日,,,波丽佳音,https://zh.wikipedia.org/wiki/%E7%8C%AB%E5%92%AA%E5%B0%8F%E9%95%87,https://zh.wikipedia.org/wiki/%E6%B3%A2%E9%BA%97%E4%BD%B3%E9%9F%B3
FC,Family Computer,弹珠机/帕青哥,Pachi Com,パチコン,1985年11月21日,,,东芝EMI,https://zh.wikipedia.org/wiki/%E5%BC%B9%E7%8F%A0%E6%9C%BA_(1985%E5%B9%B4%E6%B8%B8%E6%88%8F),https://zh.wikipedia.org/wiki/EMI%E9%9F%B3%E6%A8%82_(%E6%97%A5%E6%9C%AC)
FC,Family Computer,超音速机车赛,Mach Rider,マッハライダー,1985年11月21日,,,任天堂,https://zh.wikipedia.org/wiki/%E8%B6%85%E9%9F%B3%E9%80%9F%E6%9C%BA%E8%BD%A6%E8%B5%9B,
FC,Family Computer,汉堡世界,Burger Time,バーガータイム,1985年11月27日,,,南梦宫,https://zh.wikipedia.org/wiki/%E6%B1%89%E5%A0%A1%E4%B8%96%E7%95%8C,
FC,Family Computer,农夫忍者/一揆/忍者大挑战,Ikki,いっき,1985年11月28日,,,Sun电子,https://zh.wikipedia.org/wiki/%E5%86%9C%E5%A4%AB%E5%BF%8D%E8%80%85,
FC,Family Computer,港口镇连续杀人事件,Portopia Renzoku Satsujin Jiken,ポートピア連続殺人事件,1985年11月29日,,,艾尼克斯,https://zh.wikipedia.org/wiki/%E6%B8%AF%E5%8F%A3%E9%95%87%E8%BF%9E%E7%BB%AD%E6%9D%80%E4%BA%BA%E4%BA%8B%E4%BB%B6,
FC,Family Computer,决战富士山/空手道,Karateka,カラテカ,1985年12月5日,,,Soft Pro,https://zh.wikipedia.org/wiki/%E6%B1%BA%E6%88%B0%E5%AF%8C%E5%A3%AB%E5%B1%B1,
FC,Family Computer,月宫桌球/花式台球,Lunar Ball,ルナーボール,1985年12月5日,,,波丽佳音,https://zh.wikipedia.org/wiki/%E6%9C%88%E5%AE%AB%E6%A1%8C%E7%90%83,
FC,Family Computer,星空战机,Star Luster,スターラスター,1985年12月6日,,,南梦宫,https://zh.wikipedia.org/wiki/%E6%98%9F%E7%A9%BA%E6%88%98%E6%9C%BA,
FC,Family Computer,高机动战斗II,Volguard II,高機動戦闘メカ ヴォルガードII,1985年12月7日,,,dB-Soft,https://zh.wikipedia.org/wiki/%E9%AB%98%E6%9C%BA%E5%8A%A8%E6%88%98%E6%96%97II,
FC,Family Computer,地下冒险,Spelunker,スペランカー,1985年12月6日,,,Irem,https://zh.wikipedia.org/wiki/%E5%9C%B0%E4%B8%8B%E5%86%92%E9%99%A9,
FC,Family Computer,超时空要塞,Super Dimension Fortress Macross,超時空要塞マクロス,1985年12月10日,,,万代,https://zh.wikipedia.org/wiki/%E8%B6%85%E6%97%B6%E7%A9%BA%E8%A6%81%E5%A1%9E_(%E6%B8%B8%E6%88%8F),
FC,Family Computer,1942,1942,1942,1985年12月11日,,,卡普空,https://zh.wikipedia.org/wiki/1942_(%E6%B8%B8%E6%88%8F),https://zh.wikipedia.org/wiki/%E5%8D%A1%E6%99%AE%E7%A9%BA
FC,Family Computer,美国大兵,Dough Boy,ダウボーイ,1985年12月11日,,,KEMCO,https://zh.wikipedia.org/wiki/%E7%BE%8E%E5%9B%BD%E5%A4%A7%E5%85%B5_(%E6%B8%B8%E6%88%8F),
FC,Family Computer,头脑战舰,Zunou Senkan Galg,頭脳戦艦ガル,1985年12月14日,,,dB-Soft,https://zh.wikipedia.org/wiki/%E5%A4%B4%E8%84%91%E6%88%98%E8%88%B0,
FC,Family Computer,菩故须苛战争/王者之剑,Bokosuka Wars,ボコスカウォーズ,1985年12月14日,,,ASCII,https://zh.wikipedia.org/wiki/%E8%8F%A9%E6%95%85%E9%A1%BB%E8%8B%9B%E6%88%98%E4%BA%89,
FC,Family Computer,Q太郎,Obake no Q Tarou - Wanwan Panic,オバケのQ太郎 ワンワンパニック,1985年12月16日,,,万代,https://zh.wikipedia.org/wiki/Q%E5%A4%AA%E9%83%8E_(%E6%B8%B8%E6%88%8F),
FC,Family Computer,企鹅先生,Binary Land,バイナリィランド,1985年12月19日,,,Hudson Soft,https://zh.wikipedia.org/wiki/%E4%BC%81%E9%B9%85%E5%85%88%E7%94%9F,
FC,Family Computer,炸弹人,Bomberman,ボンバーマン,1985年12月19日,,,Hudson Soft,https://zh.wikipedia.org/wiki/%E7%82%B8%E5%BD%88%E4%BA%BA_(%E9%81%8A%E6%88%B2),
FC,Family Computer,变形战机/火鸟战机,Thexder,テグザー,1985年12月19日,,,史克威尔,https://zh.wikipedia.org/wiki/%E5%8F%98%E5%BD%A2%E6%88%98%E6%9C%BA,https://zh.wikipedia.org/wiki/%E5%8F%B2%E5%85%8B%E5%A8%81%E5%B0%94
FC,Family Computer,超浮游要塞,Exed Exes,エグゼドエグゼス,1985年12月21日,,,德间书店,https://zh.wikipedia.org/wiki/%E8%B6%85%E6%B5%AE%E6%B8%B8%E8%A6%81%E5%A1%9E,https://zh.wikipedia.org/wiki/%E5%BE%B7%E9%96%93%E6%9B%B8%E5%BA%97
FC,Family Computer,豆豆迷宫,Lot Lot,ロットロット,1985年12月21日,,,德间书店,https://zh.wikipedia.org/wiki/%E8%B1%86%E8%B1%86%E8%BF%B7%E5%AE%AB,
FC,Family Computer,投球大赛/企鹅大战,Penguin Kun Wars,ぺんぎんくんWARS,1985年12月25日,,,ASCII,https://zh.wikipedia.org/wiki/%E6%8A%95%E7%90%83%E5%A4%A7%E8%B5%9B,
FC,Family Computer,兵蜂,TwinBee,ツインビー,1986年1月4日,,,科乐美,https://zh.wikipedia.org/wiki/%E5%85%B5%E8%9C%82,https://zh.wikipedia.org/wiki/%E7%A7%91%E6%A8%82%E7%BE%8E%E6%95%B8%E4%BD%8D%E5%A8%9B%E6%A8%82
FC,Family Computer,西游记,Son Son,ソンソン,1986年2月8日,,,卡普空,https://zh.wikipedia.org/wiki/%E8%A5%BF%E6%B8%B8%E8%AE%B0_(%E6%B8%B8%E6%88%8F),https://zh.wikipedia.org/wiki/%E5%8D%A1%E6%99%AE%E7%A9%BA
FC,Family Computer,七宝奇谋,The Goonies,グーニーズ,1986年2月21日,,,科乐美,https://zh.wikipedia.org/wiki/%E4%B8%83%E5%AE%9D%E5%A5%87%E8%B0%8B_(%E6%B8%B8%E6%88%8F),
FC,Family Computer,马戏团,Circus Charlie,サーカスチャーリー,1986年3月4日,,,Soft Pro,https://zh.wikipedia.org/wiki/%E9%A6%AC%E6%88%B2%E5%9C%98_(%E9%81%8A%E6%88%B2),
FC,Family Computer,忍者哈特利-忍者训练,Ninja Hattori Kun - Ninja wa Shuugyou de Gozaru no Maki,忍者ハットリくん 忍者は修行でござるの巻,1986年3月5日,,,Hudson Soft,https://zh.wikipedia.org/wiki/%E5%BF%8D%E8%80%85%E6%9C%8D%E9%83%A8%E5%90%9B_(%E6%B8%B8%E6%88%8F),https://zh.wikipedia.org/wiki/Hudson_Soft
FC,Family Computer,战斗直升机,Gyrodine,ジャイロダイン,1986年3月13日,,,太东,https://zh.wikipedia.org/wiki/%E6%88%98%E6%96%97%E7%9B%B4%E5%8D%87%E6%9C%BA,https://zh.wikipedia.org/wiki/%E5%A4%AA%E6%9D%B1
FC,Family Computer,梦幻仙境,Hydlide Special,ハイドライド・スペシャル,1986年3月18日,,,东芝EMI,https://zh.wikipedia.org/wiki/%E6%A2%A6%E5%B9%BB%E4%BB%99%E5%A2%83,https://zh.wikipedia.org/wiki/EMI%E9%9F%B3%E6%A8%82_(%E6%97%A5%E6%9C%AC)
FC,Family Computer,组合金刚,Mag Max,マグマックス,1986年3月18日,,,日本物产,https://zh.wikipedia.org/wiki/%E7%B5%84%E5%90%88%E9%87%91%E5%89%9B,https://zh.wikipedia.org/wiki/%E6%97%A5%E6%9C%AC%E7%89%A9%E7%94%A2
FC,Family Computer,巴特龙战机,Baltron,バルトロン,1986年3月19日,,,东映动画,https://zh.wikipedia.org/wiki/%E5%B7%B4%E7%89%B9%E9%BE%99%E6%88%98%E6%9C%BA,https://zh.wikipedia.org/wiki/%E4%B8%9C%E6%98%A0%E5%8A%A8%E7%94%BB
FC,Family Computer,组合摔跤,Tag Team Pro-Wrestling,タッグチームプロレスリング,1986年4月2日,,,南梦宫,https://zh.wikipedia.org/wiki/%E7%BB%84%E5%90%88%E6%91%94%E8%B7%A4,https://zh.wikipedia.org/wiki/%E5%8D%97%E6%A2%A6%E5%AE%AB
FC,Family Computer,鬼太郎 妖怪大魔境,Gegege no Kitarou - Youkai Dai Makyou,ゲゲゲの鬼太郎 妖怪大魔境,1986年4月17日,,,Jaleco,https://zh.wikipedia.org/wiki/%E9%AC%BC%E5%A4%AA%E9%83%8E_%E5%A6%96%E6%80%AA%E5%A4%A7%E9%AD%94%E5%A2%83,https://zh.wikipedia.org/wiki/Jaleco
FC,Family Computer,亚特兰蒂斯之谜,Atlantis no Nazo,アトランチスの謎,1986年4月17日,,,Sun电子,https://zh.wikipedia.org/wiki/%E4%BA%9A%E7%89%B9%E5%85%B0%E8%92%82%E6%96%AF%E4%B9%8B%E8%B0%9C,
FC,Family Computer,百眼巨神,Argus,アーガス,1986年4月17日,,,Jaleco,,https://zh.wikipedia.org/wiki/Jaleco
FC,Family Computer,打空气II,Dig Dug II,ディグダグII,1986年4月18日,,,南梦宫,https://zh.wikipedia.org/wiki/%E6%89%93%E7%A9%BA%E6%B0%94II,
FC,Family Computer,影之传说,Kage no Densetsu,影の伝説,1986年4月18日,,,太东,https://zh.wikipedia.org/wiki/%E5%BD%B1%E4%B9%8B%E4%BC%A0%E8%AF%B4,
FC,Family Computer,炸弹人杰克/小飞侠,Mighty Bomb Jack,マイティボンジャック,1986年4月24日,,,特库摩,https://zh.wikipedia.org/wiki/%E7%82%B8%E5%BC%B9%E4%BA%BA%E6%9D%B0%E5%85%8B,https://zh.wikipedia.org/wiki/%E7%89%B9%E5%BA%93%E6%91%A9
FC,Family Computer,宇宙巡航舰,Gradius,グラディウス,1986年4月25日,,,科乐美,https://zh.wikipedia.org/wiki/%E5%AE%87%E5%AE%99%E5%B7%A1%E8%88%AA%E8%89%A6_(%E9%81%8A%E6%88%B2),
FC,Family Computer,算术一年级,Sansuu 1 Nen - Keisan Game,けいさんゲーム さんすう1年,1986年4月25日,,,东京书籍,,https://zh.wikipedia.org/wiki/%E4%B8%9C%E4%BA%AC%E4%B9%A6%E7%B1%8D
FC,Family Computer,算术二年级,Sansuu 2 Nen - Keisan Game,けいさんゲーム 算数2年,1986年4月25日,,,东京书籍,,
FC,Family Computer,算术三年级,Sansuu 3 Nen - Keisan Game,けいさんゲーム 算数3年,1986年4月25日,,,东京书籍,,
FC,Family Computer,谍对谍,Spy Vs. Spy,スパイvsスパイ,1986年4月26日,,,KEMCO,https://zh.wikipedia.org/wiki/%E8%B0%8D%E5%AF%B9%E8%B0%8D_(%E6%B8%B8%E6%88%8F),
FC,Family Computer,霹雳机车,Seicross,セクロス,1986年5月19日,,,日本物产,https://zh.wikipedia.org/wiki/%E9%9C%B9%E9%9B%B3%E6%9C%BA%E8%BD%A6,https://zh.wikipedia.org/wiki/%E6%97%A5%E6%9C%AC%E7%89%A9%E7%94%A2
FC,Family Computer,勇者斗恶龙,Dragon Quest,ドラゴンクエスト,1986年5月27日,,,艾尼克斯,https://zh.wikipedia.org/wiki/%E5%8B%87%E8%80%85%E6%96%97%E6%81%B6%E9%BE%99_(%E6%B8%B8%E6%88%8F),https://zh.wikipedia.org/wiki/%E8%89%BE%E5%B0%BC%E5%85%8B%E6%96%AF
FC,Family Computer,B计划,B - Wings,B-WING,1986年6月3日,,,Data East,https://zh.wikipedia.org/wiki/B%E8%AE%A1%E5%88%92,
FC,Family Computer,鸟的故事,Bird Week,バード・ウィーク,1986年6月3日,,,东芝EMI,https://zh.wikipedia.org/wiki/%E9%B8%9F%E7%9A%84%E6%95%85%E4%BA%8B,
FC,Family Computer,星际战士,Star Soldier,スターソルジャー,1986年6月13日,,,Hudson Soft,https://zh.wikipedia.org/wiki/%E6%98%9F%E9%99%85%E6%88%98%E5%A3%AB,
FC,Family Computer,魔界村,Makaimura,魔界村,1986年6月13日,,,卡普空,https://zh.wikipedia.org/wiki/%E9%AD%94%E7%95%8C%E6%9D%91_(%E9%81%8A%E6%88%B2),
FC,Family Computer,超级中国人,Super Chinese,スーパーチャイニーズ,1986年6月20日,,,南梦宫,https://zh.wikipedia.org/wiki/%E8%B6%85%E7%BA%A7%E4%B8%AD%E5%9B%BD%E4%BA%BA,
FC,Family Computer,潜水艇大作战,Sqoon,スクーン,1986年6月26日,,,Irem,https://zh.wikipedia.org/wiki/%E6%BD%9C%E6%B0%B4%E8%89%87%E5%A4%A7%E4%BD%9C%E6%88%98,https://zh.wikipedia.org/wiki/Irem
FC,Family Computer,救援直升机,Choplifter,チョップリフター,1986年6月26日,,,Jaleco,https://zh.wikipedia.org/wiki/%E6%95%91%E6%8F%B4%E7%9B%B4%E5%8D%87%E6%9C%BA,
FC,Family Computer,东海道五十三次,Kanshakudama Nage Kantarou no Toukaidou Gojuusan Tsugi,東海道五十三次,1986年7月3日,,,Sun电子,https://zh.wikipedia.org/wiki/%E4%B8%9C%E6%B5%B7%E9%81%93%E4%BA%94%E5%8D%81%E4%B8%89%E6%AC%A1_(%E6%B8%B8%E6%88%8F),
FC,Family Computer,巴比伦塔,Babel no Tou,バベルの塔,1986年7月18日,,,南梦宫,https://zh.wikipedia.org/wiki/%E5%B7%B4%E6%AF%94%E4%BC%A6%E5%A1%94_(%E6%B8%B8%E6%88%8F),
FC,Family Computer,大盗五佑卫门,Ganbare Goemon! - Karakuri Douchuu,がんばれゴエモン!からくり道中,1986年7月30日,,,科乐美,https://zh.wikipedia.org/wiki/%E5%A4%A7%E7%9B%97%E4%BA%94%E4%BD%91%E5%8D%AB%E9%97%A8,
FC,Family Computer,所罗门之钥,Solomon no Kagi,ソロモンの鍵,1986年7月30日,,,特库摩,https://zh.wikipedia.org/wiki/%E6%89%80%E7%BD%97%E9%97%A8%E4%B9%8B%E9%92%A5_(%E6%B8%B8%E6%88%8F),
FC,Family Computer,女武士大冒险 时之钥传说,Valkyrie no Bouken - Toki no Kagi Densetsu,ワルキューレの冒険 時の鍵伝説,1986年8月1日,,,南梦宫,https://zh.wikipedia.org/wiki/%E5%A5%B3%E6%AD%A6%E5%A3%AB%E5%A4%A7%E5%86%92%E9%99%A9_%E6%97%B6%E4%B9%8B%E9%92%A5%E4%BC%A0%E8%AF%B4,
FC,Family Computer,六三四之剑,Musashi no Ken - Tadaima Shugyou Chuu,六三四の剣 ただいま修行中,1986年8月8日,,,太东,https://zh.wikipedia.org/wiki/%E5%85%AD%E4%B8%89%E5%9B%9B%E4%B9%8B%E5%89%91_(%E7%BA%A2%E7%99%BD%E6%9C%BA),
FC,Family Computer,北斗神拳,Hokuto no Ken,北斗の拳,1986年8月10日,,,东映动画,https://zh.wikipedia.org/wiki/%E5%8C%97%E6%96%97%E7%A5%9E%E6%8B%B3_(%E6%B8%B8%E6%88%8F),
FC,Family Computer,天堂鸟,Sky Kid,スカイキッド,1986年8月22日,,,南梦宫,https://zh.wikipedia.org/wiki/%E5%A4%A9%E5%A0%82%E9%B8%9F_(%E6%B8%B8%E6%88%8F),
FC,Family Computer,茶茶丸大冒险,Jajamaru no Dai Bouken,じゃじゃ丸の大冒険,1986年8月22日,,,Jaleco,https://zh.wikipedia.org/wiki/%E8%8C%B6%E8%8C%B6%E4%B8%B8%E5%A4%A7%E5%86%92%E9%99%A9,
FC,Family Computer,机动战士Z 高达：HOT SCRAMBLE,Mobile Suit Z Gundam - Hot Scramble,機動戦士Ζガンダム・ホットスクランブル,1986年8月28日,,,万代,https://zh.wikipedia.org/wiki/%E6%9C%BA%E5%8A%A8%E6%88%98%E5%A3%ABZ_GUNDAM%EF%BC%9AHOT_SCRAMBLE,
FC,Family Computer,ASO战机,ASO - Armored Scrum Object,ASO,1986年9月3日,,,SNK,https://zh.wikipedia.org/wiki/ASO%E6%88%98%E6%9C%BA,https://zh.wikipedia.org/wiki/SNK
FC,Family Computer,超级陷阱,Super Pitfall,スーパーピットフォール,1986年9月5日,,,波丽佳音,https://zh.wikipedia.org/wiki/%E8%B6%85%E7%BA%A7%E9%99%B7%E9%98%B1,https://zh.wikipedia.org/wiki/%E6%B3%A2%E9%BA%97%E4%BD%B3%E9%9F%B3
FC,Family Computer,香蕉,Banana,バナナ,1986年9月8日,,,Victor音乐产业,https://zh.wikipedia.org/wiki/%E9%A6%99%E8%95%89_(1986%E5%B9%B4%E6%B8%B8%E6%88%8F),https://zh.wikipedia.org/wiki/Victor_Entertainment
FC,Family Computer,高桥名人之冒险岛,Takahashi Meijin no Boukenjima,高橋名人の冒険島,1986年9月12日,,,Hudson Soft,https://zh.wikipedia.org/wiki/%E9%AB%98%E6%A9%8B%E5%90%8D%E4%BA%BA%E4%B9%8B%E5%86%92%E9%9A%AA%E5%B3%B6,
FC,Family Computer,国王骑士,King's Knight,キングスナイト,1986年9月18日,,,史克威尔,https://zh.wikipedia.org/wiki/%E5%9B%BD%E7%8E%8B%E9%AA%91%E5%A3%AB,https://zh.wikipedia.org/wiki/%E5%8F%B2%E5%85%8B%E5%A8%81%E5%B0%94
FC,Family Computer,超级铁板阵 加索布之谜,Super Xevious - Gump no Nazo,スーパーゼビウス ガンプの謎,1986年9月19日,,,南梦宫,https://zh.wikipedia.org/wiki/%E8%B6%85%E7%BA%A7%E9%93%81%E6%9D%BF%E9%98%B5_%E5%8A%A0%E7%B4%A2%E5%B8%83%E4%B9%8B%E8%B0%9C,
FC,Family Computer,魔鬼克星,Ghostbusters,ゴーストバスターズ,1986年9月22日,,,德间书店,https://zh.wikipedia.org/wiki/%E9%AD%94%E9%AC%BC%E5%85%8B%E6%98%9F_(%E6%B8%B8%E6%88%8F),https://zh.wikipedia.org/wiki/%E5%BE%B7%E9%96%93%E6%9B%B8%E5%BA%97
FC,Family Computer,太空猎人,Space Hunter,スペースハンター,1986年9月25日,,,KEMCO,https://zh.wikipedia.org/wiki/%E5%A4%AA%E7%A9%BA%E7%8C%8E%E4%BA%BA,
FC,Family Computer,战场之狼,Senjou no Ookami,戦場の狼,1986年9月27日,,,卡普空,https://zh.wikipedia.org/wiki/%E6%88%98%E5%9C%BA%E4%B9%8B%E7%8B%BC,
FC,Family Computer,神鹰一号,Terra Cresta,テラクレスタ,1986年9月27日,,,日本物产,https://zh.wikipedia.org/wiki/%E7%A5%9E%E9%B9%B0%E4%B8%80%E5%8F%B7,https://zh.wikipedia.org/wiki/%E6%97%A5%E6%9C%AC%E7%89%A9%E7%94%A2
FC,Family Computer,金龟跳车,Buggy Popper,バギー・ポッパー,1986年10月8日,,,Data East,https://zh.wikipedia.org/wiki/%E9%87%91%E9%BE%9C%E8%B7%B3%E8%BB%8A,
FC,Family Computer,福星小子,Urusei Yatsura - Lum no Wedding Bell,うる星やつら ラムのウェディングベル,1986年10月23日,,,Jaleco,https://zh.wikipedia.org/wiki/%E6%A1%83%E5%AD%90120%25,
FC,Family Computer,算术四年级,Sansuu 4 Nen - Keisan Game,けいさんゲーム 算数4年,1986年10月30日,,,东京书籍,,
FC,Family Computer,算术五六年级,Sansuu 5 & 6 Nen - Keisan Game,けいさんゲーム 算数5・6年,1986年10月30日,,,东京书籍,,
FC,Family Computer,密西西比杀人事件,Mississippi Satsujin Jiken,ミシシッピー殺人事件,1986年10月31日,,,Jaleco,https://zh.wikipedia.org/wiki/%E5%AF%86%E8%A5%BF%E8%A5%BF%E6%AF%94%E6%9D%80%E4%BA%BA%E4%BA%8B%E4%BB%B6,
FC,Family Computer,超级星际力量 时空历的秘密,Super Star Force,スーパースターフォース 時空暦の秘密,1986年11月11日,,,特库摩,https://zh.wikipedia.org/wiki/%E8%B6%85%E7%BA%A7%E6%98%9F%E9%99%85%E5%8A%9B%E9%87%8F_%E6%97%B6%E7%A9%BA%E5%8E%86%E7%9A%84%E7%A7%98%E5%AF%86,
FC,Family Computer,跳跳板系列01：运动世界,Family Trainer No.1 - Athletic World,ファミリートレーナー アスレチックワールド,1986年11月12日,,,万代,,
FC,Family Computer,迷宫组曲 米龙的大冒险,Meikyuu Kumikyoku,迷宮組曲,1986年11月13日,,,Hudson Soft,https://zh.wikipedia.org/wiki/%E8%BF%B7%E5%AE%AB%E7%BB%84%E6%9B%B2_%E7%B1%B3%E9%BE%99%E7%9A%84%E5%A4%A7%E5%86%92%E9%99%A9,
FC,Family Computer,黑白棋,Othello,オセロ,1986年11月13日,,,河田,https://zh.wikipedia.org/wiki/%E9%BB%91%E7%99%BD%E6%A3%8B_(1986%E5%B9%B4%E9%81%8A%E6%88%B2),https://zh.wikipedia.org/wiki/%E6%B2%B3%E7%94%B0
FC,Family Computer,长靴猫环游世界80天,Nagagutsu wo Haita Neko - Sekai Isshuu 80 Nichi Dai Bouken,長靴をはいた猫 世界一周80日大冒険,1986年11月21日,,,东映动画,https://zh.wikipedia.org/wiki/%E9%95%BF%E9%9D%B4%E7%8C%AB%E7%8E%AF%E6%B8%B8%E4%B8%96%E7%95%8C80%E5%A4%A9,
FC,Family Computer,古代预言/艾吉娜的寓言,Aigiina no Yogen - From The Legend of Balubalouk,アイギーナの予言,1986年11月21日,,,VIC东海,https://zh.wikipedia.org/wiki/%E5%8F%A4%E4%BB%A3%E9%A2%84%E8%A8%80,
FC,Family Computer,元祖西游记 超级猴子大冒险,Ganso Saiyuuki - Super Monkey Dai Bouken,元祖西遊記スーパーモンキー大冒険,1986年11月21日,,,VAP,https://zh.wikipedia.org/wiki/%E5%85%83%E7%A5%96%E8%A5%BF%E6%B8%B8%E8%AE%B0_%E8%B6%85%E7%BA%A7%E7%8C%B4%E5%AD%90%E5%A4%A7%E5%86%92%E9%99%A9,https://zh.wikipedia.org/wiki/VAP
FC,Family Computer,猫捉老鼠2,Mappy-Land,マッピーランド,1986年11月26日,,,南梦宫,https://zh.wikipedia.org/wiki/%E7%8C%AB%E6%8D%89%E8%80%81%E9%BC%A02,
FC,Family Computer,怒,Ikari,怒,1986年11月26日,,,K. Amusement Leasing,https://zh.wikipedia.org/wiki/%E6%80%92_(%E6%B8%B8%E6%88%8F),
FC,Family Computer,七龙珠 神龙之谜,Dragon Ball - Shen Long no Nazo,ドラゴンボール 神龍の謎,1986年11月27日,,,万代,https://zh.wikipedia.org/wiki/%E4%B8%83%E9%BE%99%E7%8F%A0_%E7%A5%9E%E9%BE%99%E4%B9%8B%E8%B0%9C,
FC,Family Computer,勇者之城/精致之城,Castle Excellent,キャッスルエクセレント,1986年11月28日,,,ASCII,https://zh.wikipedia.org/wiki/%E5%8B%87%E8%80%85%E4%B9%8B%E5%9F%8E,https://zh.wikipedia.org/wiki/ASCII_(%E4%BC%81%E6%A5%AD)
FC,Family Computer,变形金刚,Transformers - Convoy no Nazo,トランスフォーマー コンボイの謎,1986年12月5日,,,特佳丽,https://zh.wikipedia.org/wiki/%E8%AE%8A%E5%BD%A2%E9%87%91%E5%89%9B_(%E9%81%8A%E6%88%B2),https://zh.wikipedia.org/wiki/%E7%89%B9%E4%BD%B3%E9%BA%97
FC,Family Computer,虎式直升机,Tiger-Heli,タイガーヘリ,1986年12月5日,,,波丽佳音,https://zh.wikipedia.org/wiki/%E8%99%8E%E5%BC%8F%E7%9B%B4%E5%8D%87%E6%9C%BA_(%E6%B8%B8%E6%88%8F),
FC,Family Computer,超人迪瓦,Daiva - Imperial of Nirsartia,ディーヴァ ナーサティアの玉座,1986年12月5日,,,东芝EMI,https://zh.wikipedia.org/wiki/%E8%B6%85%E4%BA%BA%E8%BF%AA%E7%93%A6,
FC,Family Computer,地底探险,Hottaaman no Chitei Tanken,ホッターマンの地底探検,1986年12月6日,,,ユース,https://zh.wikipedia.org/wiki/%E5%9C%B0%E5%BA%95%E6%8E%A2%E9%99%A9,
FC,Family Computer,职业棒球 家庭竞技场,Pro Yakyuu - Family Stadium,プロ野球ファミリースタジアム,1986年12月10日,,,南梦宫,https://zh.wikipedia.org/wiki/%E8%81%8C%E4%B8%9A%E6%A3%92%E7%90%83_%E5%AE%B6%E5%BA%AD%E7%AB%9E%E6%8A%80%E5%9C%BA,
FC,Family Computer,北野武的挑战状,Takeshi no Chousenjou,たけしの挑戦状,1986年12月10日,,,太东,https://zh.wikipedia.org/wiki/%E5%8C%97%E9%87%8E%E6%AD%A6%E7%9A%84%E6%8C%91%E6%88%98%E7%8A%B6,
FC,Family Computer,福尔摩斯 伯爵令媛诱拐事件,Sherlock Holmes - Hakushaku Reijou Yuukai Jiken,シャーロック・ホームズ 伯爵令嬢誘拐事件,1986年12月11日,,,トーワチキ,https://zh.wikipedia.org/wiki/%E7%A6%8F%E5%B0%94%E6%91%A9%E6%96%AF_%E4%BC%AF%E7%88%B5%E4%BB%A4%E5%AA%9B%E8%AF%B1%E6%8B%90%E4%BA%8B%E4%BB%B6,
FC,Family Computer,哆啦A梦,Doraemon,ドラえもん,1986年12月12日,,,Hudson Soft,https://zh.wikipedia.org/wiki/%E5%93%86%E5%95%A6A%E6%A2%A6_(1986%E5%B9%B4%E6%B8%B8%E6%88%8F),
FC,Family Computer,魔钟,Mashou,魔鐘,1986年12月15日,,,Irem,https://zh.wikipedia.org/wiki/%E9%AD%94%E9%92%9F,
FC,Family Computer,追赶跑跳蹦,Metro-Cross,メトロクロス,1986年12月16日,,,南梦宫,https://zh.wikipedia.org/wiki/%E8%BF%BD%E8%B5%B6%E8%B7%91%E8%B7%B3%E8%B9%A6,
FC,Family Computer,金刚2 愤怒的百万吨拳头,King Kong 2 - Ikari no Megaton Punch,キングコング2 怒りのメガトンパンチ,1986年12月18日,,,科乐美,https://zh.wikipedia.org/wiki/%E9%87%91%E5%88%9A2_%E6%84%A4%E6%80%92%E7%9A%84%E7%99%BE%E4%B8%87%E5%90%A8%E6%8B%B3%E5%A4%B4,
FC,Family Computer,玛多拉之翼,The Wing of Madoola,マドゥーラの翼,1986年12月18日,,,Sun电子,https://zh.wikipedia.org/wiki/%E7%8E%9B%E5%A4%9A%E6%8B%89%E4%B9%8B%E7%BF%BC,
FC,Family Computer,女超人蕾拉,Layla,レイラ,1986年12月20日,,,dB-Soft,https://zh.wikipedia.org/wiki/%E5%A5%B3%E8%B6%85%E4%BA%BA%E8%95%BE%E6%8B%89,
FC,Family Computer,跳跳板系列02：田径竞技场,Family Trainer No. 2 - Running Stadium,ファミリートレーナー ランニングスタジアム,1986年12月23日,,,万代,,
FC,Family Computer,宇宙创世纪,Cosmo Genesis,コスモジェネシス,1986年12月23日,,,ASCII,https://zh.wikipedia.org/wiki/%E5%AE%87%E5%AE%99%E5%88%9B%E4%B8%96%E7%BA%AA,
FC,Family Computer,斗者的挽歌,Tatakai no Banka,闘いの挽歌,1986年12月24日,,,卡普空,https://zh.wikipedia.org/wiki/%E9%AC%A5%E8%80%85%E7%9A%84%E8%BC%93%E6%AD%8C,
FC,Family Computer,圣饥魔II 恶魔的逆袭,Seikima 2 - Akuma no Gyakushuu,聖飢魔II 悪魔の逆襲,1986年12月24日,,,CBS・ソニー,https://zh.wikipedia.org/wiki/%E5%9C%A3%E9%A5%A5%E9%AD%94II_%E6%81%B6%E9%AD%94%E7%9A%84%E9%80%86%E8%A2%AD,
FC,Family Computer,快打砖块,Arkanoid,アルカノイド,1986年12月26日,,,太东,https://zh.wikipedia.org/wiki/%E5%BF%AB%E6%89%93%E7%A3%9A%E5%A1%8A,
FC,Family Computer,时空旅人,Toki no Tabibito,時空の旅人,1986年12月26日,,,KEMCO,https://zh.wikipedia.org/wiki/%E6%97%B6%E7%A9%BA%E6%97%85%E4%BA%BA_(%E6%B8%B8%E6%88%8F),
FC,Family Computer,疯狂攀登者,Crazy Climber,クレイジー・クライマー,1986年12月26日,,,日本物产,https://zh.wikipedia.org/wiki/%E7%96%AF%E7%8B%82%E6%94%80%E7%99%BB%E8%80%85,https://zh.wikipedia.org/wiki/%E6%97%A5%E6%9C%AC%E7%89%A9%E7%94%A2
FC,Family Computer,火之鸟 凤凰篇 我王的冒险,Hi no Tori - Houou Hen : Gaou no Bouken,火の鳥 鳳凰編 我王の冒険,1987年1月4日,,,科乐美,https://zh.wikipedia.org/wiki/%E7%81%AB%E4%B9%8B%E9%B3%A5_%E9%B3%B3%E5%87%B0%E7%AF%87_%E6%88%91%E7%8E%8B%E7%9A%84%E5%86%92%E9%9A%AA,https://zh.wikipedia.org/wiki/%E7%A7%91%E6%A8%82%E7%BE%8E%E6%95%B8%E4%BD%8D%E5%A8%9B%E6%A8%82
FC,Family Computer,屠龙战记,Dragon Buster,ドラゴンバスター,1987年1月7日,,,南梦宫,https://zh.wikipedia.org/wiki/%E5%B1%A0%E9%BE%99%E6%88%98%E8%AE%B0,https://zh.wikipedia.org/wiki/%E5%8D%97%E6%A2%A6%E5%AE%AB
FC,Family Computer,魔王迷宫,Labyrinth,ラビリンス 魔王の迷宮,1987年1月7日,,,德间书店,https://zh.wikipedia.org/wiki/%E9%AD%94%E7%8E%8B%E8%BF%B7%E5%AE%AB_(1987%E5%B9%B4%E6%B8%B8%E6%88%8F),https://zh.wikipedia.org/wiki/%E5%BE%B7%E9%96%93%E6%9B%B8%E5%BA%97
FC,Family Computer,勇者斗恶龙II 恶灵的众神,Dragon Quest 2,ドラゴンクエストII 悪霊の神々,1987年1月26日,,,艾尼克斯,https://zh.wikipedia.org/wiki/%E5%8B%87%E8%80%85%E6%96%97%E6%81%B6%E9%BE%99II_%E6%81%B6%E7%81%B5%E7%9A%84%E4%BC%97%E7%A5%9E,https://zh.wikipedia.org/wiki/%E8%89%BE%E5%B0%BC%E5%85%8B%E6%96%AF
FC,Family Computer,黑巴斯,The Black Bass,ザ・ブラックバス,1987年2月6日,,,HOT-B,https://zh.wikipedia.org/wiki/%E9%BB%91%E5%B7%B4%E6%96%AF,
FC,Family Computer,新人类,Shin Jinrui - The New Type,新人類,1987年2月10日,,,リコーエレメックス,https://zh.wikipedia.org/wiki/%E6%96%B0%E4%BA%BA%E7%B1%BB_(%E6%B8%B8%E6%88%8F),
FC,Family Computer,飞龙之拳 奥义之书,Hiryuu no Ken - Ougi no Sho,飛龍の拳 奥義の書,1987年2月14日,,,Culture Brain,https://zh.wikipedia.org/wiki/%E9%A3%9E%E9%BE%99%E4%B9%8B%E6%8B%B3_%E5%A5%A5%E4%B9%89%E4%B9%8B%E4%B9%A6,
FC,Family Computer,跳跳板系列03：韵律体操中心,Family Trainer No.3 - Aerobics Studio,ファミリートレーナー エアロビスタジオ,1987年2月26日,,,万代,,https://zh.wikipedia.org/wiki/%E4%B8%87%E4%BB%A3
FC,Family Computer,十王剑之谜,Pocket Zaurus - Juu Ouken no Nazo,ポケットザウルス 十王剣の謎,1987年2月27日,,,万代,https://zh.wikipedia.org/wiki/%E5%8D%81%E7%8E%8B%E5%89%91%E4%B9%8B%E8%B0%9C,
FC,Family Computer,热门音乐,Ikinari Musician,いきなりミュージシャン,1987年3月5日,,,东京书籍,,
FC,Family Computer,米老鼠 不可思议之国的大冒险,Mickey Mouse,ミッキーマウス 不思議の国の大冒険,1987年3月6日,,,Hudson Soft,https://zh.wikipedia.org/wiki/%E7%B1%B3%E8%80%81%E9%BC%A0_%E4%B8%8D%E5%8F%AF%E6%80%9D%E8%AE%AE%E4%B9%8B%E5%9B%BD%E7%9A%84%E5%A4%A7%E5%86%92%E9%99%A9,https://zh.wikipedia.org/wiki/Hudson_Soft
FC,Family Computer,西部法律,Law of the West,ロウ・オブ・ザ・ウエスト,1987年3月6日,,,波丽佳音,https://zh.wikipedia.org/wiki/%E8%A5%BF%E9%83%A8%E6%B3%95%E5%BE%8B,https://zh.wikipedia.org/wiki/%E6%B3%A2%E9%BA%97%E4%BD%B3%E9%9F%B3
FC,Family Computer,邻家女孩,City Adventure Touch - Mystery of Triangle,CITY ADVENTURE タッチ MYSTERY OF TRIANGLE,1987年3月14日,,,东宝,,https://zh.wikipedia.org/wiki/%E4%B8%9C%E5%AE%9D
FC,Family Computer,明星街道/明星之路,Hana no Star Kaidou,花のスター街道,1987年3月17日,,,Victor音乐产业,,https://zh.wikipedia.org/wiki/Victor_Entertainment
FC,Family Computer,七宝奇谋2 弗雷泰利最后的挑战,The Goonies 2 - Fratelli Saigo no Chousen,グーニーズ2 フラッテリー最後の挑戦,1987年3月18日,,,科乐美,https://zh.wikipedia.org/wiki/%E4%B8%83%E5%AE%9D%E5%A5%87%E8%B0%8B2_%E5%BC%97%E9%9B%B7%E6%B3%B0%E5%88%A9%E6%9C%80%E5%90%8E%E7%9A%84%E6%8C%91%E6%88%98,
FC,Family Computer,珍妮,Lost Word of Jenny,ロストワード・オブ・ジェニー 失われたメッセージ,1987年3月25日,,,特佳丽,,https://zh.wikipedia.org/wiki/%E7%89%B9%E4%BD%B3%E9%BA%97
FC,Family Computer,谍对谍：南国指令,Nangoku Shirei!! - Spy Vs Spy,南国指令!!スパイvsスパイ,1987年3月27日,,,KEMCO,,
FC,Family Computer,名侦探秋刀鱼,Sanma no Mei Tantei,さんまの名探偵,1987年4月2日,,,南梦宫,,
FC,Family Computer,魔界岛：七个岛大冒险,Higemaru Makaijima - Nanatsu no Shima Dai Bouken,魔界島 七つの島大冒険,1987年4月14日,,,卡普空,,https://zh.wikipedia.org/wiki/%E5%8D%A1%E6%99%AE%E7%A9%BA
FC,Family Computer,森田将棋,Morita Kazuo no Shougi,森田将棋,1987年4月14日,,,Seta,,
FC,Family Computer,热血硬派,Nekketsu Kouha - Kunio Kun,熱血硬派くにおくん,1987年4月17日,,,Technōs Japan,https://zh.wikipedia.org/wiki/%E7%83%AD%E8%A1%80%E7%A1%AC%E6%B4%BE,https://zh.wikipedia.org/wiki/Techn%C5%8Ds_Japan
FC,Family Computer,北斗神拳2 世纪末救世主传说,Hokuto no Ken 2 - Seikimatsu Kyuuseishu Densetsu,北斗の拳2 世紀末救世主伝説,1987年4月17日,,,东映动画,https://zh.wikipedia.org/wiki/%E5%8C%97%E6%96%97%E7%A5%9E%E6%8B%B32_%E4%B8%96%E7%BA%AA%E6%9C%AB%E6%95%91%E4%B8%96%E4%B8%BB%E4%BC%A0%E8%AF%B4,https://zh.wikipedia.org/wiki/%E4%B8%9C%E6%98%A0%E5%8A%A8%E7%94%BB
FC,Family Computer,未来战士/阿格斯战士,Argos No Senshi,アルゴスの戦士 はちゃめちゃ大進撃,1987年4月17日,,,特库摩,,https://zh.wikipedia.org/wiki/%E7%89%B9%E5%BA%93%E6%91%A9
FC,Family Computer,家庭竞马,Family Jockey,ファミリージョッキー,1987年4月24日,,,南梦宫,,
FC,Family Computer,妖怪俱乐部,Youkai Club,妖怪倶楽部,1987年5月19日,,,Jaleco,,https://zh.wikipedia.org/wiki/Jaleco
FC,Family Computer,保龄球,Dynamite Bowl,ダイナマイトボウル,1987年5月24日,,,东芝EMI,,https://zh.wikipedia.org/wiki/EMI%E9%9F%B3%E6%A8%82_(%E6%97%A5%E6%9C%AC)
FC,Family Computer,跳跳板系列04 慢跑锦标赛,Family Trainer No.4 - Jogging Race,ファミリートレーナー ジョギングレース,1987年5月28日,,,万代,,
FC,Family Computer,高桥名人冒险岛外传,Takahashi Meijin no Bugutte Honey,高橋名人のBUGってハニー,1987年6月5日,,,Hudson Soft,,
FC,Family Computer,雅典娜,Athena,アテナ,1987年6月5日,,,SNK,,https://zh.wikipedia.org/wiki/SNK
FC,Family Computer,海格力斯的荣光 斗人魔境传,Herakles no Eikou - Toujin Makyou Den,闘人魔境伝 ヘラクレスの栄光,1987年6月12日,,,Data East,https://zh.wikipedia.org/wiki/%E6%B5%B7%E6%A0%BC%E5%8A%9B%E6%96%AF%E7%9A%84%E8%8D%A3%E5%85%89_%E6%96%97%E4%BA%BA%E9%AD%94%E5%A2%83%E4%BC%A0,
FC,Family Computer,火爆拳击,Family Boxing,ファミリーボクシング,1987年6月19日,,,南梦宫,,
FC,Family Computer,木偶奇遇记,Woody Poko,うっでいぽこ,1987年6月20日,,,dB-Soft,,
FC,Family Computer,燃烧棒球,Moero!! Pro Yakyuu,燃えろ!!プロ野球,1987年6月26日,,,Jaleco,,
FC,Family Computer,北海道连续杀人事件,Okhotsk ni Kiyu - Hokkaidou Rensa Satsujin,北海道連鎖殺人 オホーツクに消ゆ,1987年6月27日,,,ASCII,,https://zh.wikipedia.org/wiki/ASCII_(%E4%BC%81%E6%A5%AD)
FC,Family Computer,百战大出击,Tokoro San no Mamoru mo Semeru mo,所さんのまもるもせめるも,1987年6月27日,,,Epic-Sony,,https://zh.wikipedia.org/wiki/Epic_Records_Japan
FC,Family Computer,未来神话,Mirai Shinwa Jarvas,未来神話ジャーヴァス,1987年6月30日,,,太东,,https://zh.wikipedia.org/wiki/%E5%A4%AA%E6%9D%B1
FC,Family Computer,僵尸猎人,Zombie Hunter,ゾンビハンター,1987年7月3日,,,ハイスコアメディアワーク,,
FC,Family Computer,月风魔传,Getsufuu Maden,月風魔伝,1987年7月7日,,,科乐美,https://zh.wikipedia.org/wiki/%E6%9C%88%E9%A2%A8%E9%AD%94%E5%82%B3,
FC,Family Computer,时空小子,Booby Kids,ブービーキッズ,1987年7月10日,,,日本物产,,https://zh.wikipedia.org/wiki/%E6%97%A5%E6%9C%AC%E7%89%A9%E7%94%A2
FC,Family Computer,古文明之战,Hector 87,ヘクター'87,1987年7月16日,,,Hudson Soft,,
FC,Family Computer,屠龙剑VI 屠龙家族,Dragon Slayer IV - Drasle Family,ドラゴンスレイヤーIV ドラスレファミリー,1987年7月17日,,,南梦宫,https://zh.wikipedia.org/wiki/%E5%B1%A0%E9%BE%99%E5%89%91VI_%E5%B1%A0%E9%BE%99%E5%AE%B6%E6%97%8F,
FC,Family Computer,雀棒,Jongbou,ジャンボウ,1987年7月18日,,,K. Amusement Leasing,,
FC,Family Computer,幻想空间,Fantasy Zone,ファンタジーゾーン,1987年7月20日,,,Sun电子,,
FC,Family Computer,魔境铁人,Batsu & Terii,バツ&テリー 魔境の鉄人レース,1987年7月22日,,,ユース,,
FC,Family Computer,卡啦OK,Karaoke Studio,カラオケスタジオ,1987年7月30日,,,万代,,
FC,Family Computer,暗黑神的挑战,Chester Field - Ankoku Shin heno Chousen,チェスター・フィールド,1987年7月30日,,,VIC东海,,
FC,Family Computer,跳跳板系列05：迷路大挑战,Family Trainer No.5 - Meiro Dai Sakusen,ファミリートレーナー 迷路大作戦,1987年7月31日,,,万代,,
FC,Family Computer,轰炸之王,Bomber King,ボンバーキング,1987年8月7日,,,Hudson Soft,,
FC,Family Computer,公路之星,Highway Star,ハイウェイスター,1987年8月7日,,,史克威尔,,https://zh.wikipedia.org/wiki/%E5%8F%B2%E5%85%8B%E5%A8%81%E5%B0%94
FC,Family Computer,2100大冒险,Miracle Ropit's Adventure in 2100,ミラクルロピット 2100年の大冒険,1987年8月7日,,,キングレコード,,
FC,Family Computer,圣斗士星矢：黄金传说,Saint Seiya - Ougon Densetsu,聖闘士星矢 黄金伝説,1987年8月10日,,,万代,,
FC,Family Computer,艾鲁那财宝,Erunaaku no Zaihou,エルナークの財宝,1987年8月10日,,,トーワチキ,,
FC,Family Computer,魔城传说2：大魔司教嘉里乌斯,Majou Densetsu 2 - Daimashikyou Galious,魔城伝説II 大魔司教ガリウス,1987年8月11日,,,科乐美,,
FC,Family Computer,水户黄门,Mito Koumon,天下のご意見番 水戸黄門,1987年8月11日,,,Sun电子,,
FC,Family Computer,九路围棋,Igo - Kyuu Roban Taikyoku,囲碁九路盤対局,1987年8月11日,,,BPS,,
FC,Family Computer,家庭麻将,Family Mahjong,ファミリーマージャン,1987年8月11日,,,南梦宫,,
FC,Family Computer,空中要塞,Air Fortress - Kuuchuu Yousai,エアー・フォートレス,1987年8月17日,,,HAL研究所,https://zh.wikipedia.org/wiki/%E7%A9%BA%E4%B8%AD%E8%A6%81%E5%A1%9E,https://zh.wikipedia.org/wiki/HAL%E7%A0%94%E7%A9%B6%E6%89%80
FC,Family Computer,梦幻战士,Valis - The Fantastic Soldier,夢幻戦士ヴァリス,1987年8月21日,,,德间书店,https://zh.wikipedia.org/wiki/%E5%A4%A2%E5%B9%BB%E6%88%B0%E5%A3%AB,
FC,Family Computer,光战士,Foton - The Ultimate Game on Planet Earth,光の戦士フォトン,1987年8月28日,,,特佳丽,,
FC,Family Computer,跳跳板系列06：曼哈顿警察,Family Trainer No.6 - Manhattan Police,ファミリートレーナー マンハッタンポリス,1987年8月31日,,,万代,,
FC,Family Computer,阿拉伯之梦,Arabian Dream Sherazaado,アラビアンドリーム シェラザード,1987年9月3日,,,Culture Brain,https://zh.wikipedia.org/wiki/%E9%98%BF%E6%8B%89%E4%BC%AF%E4%B9%8B%E6%A2%A6,
FC,Family Computer,洛依德：中央大陆之战,Zoids - Chuuou Tairiku no Tatakai,ゾイド 中央大陸の戦い,1987年9月5日,,,东芝EMI,,
FC,Family Computer,数字恶魔物语 女神转生,Digital Devil Story - Megami Tensei,デジタル・デビル物語 女神転生,1987年9月11日,,,南梦宫,https://zh.wikipedia.org/wiki/%E6%95%B0%E5%AD%97%E6%81%B6%E9%AD%94%E7%89%A9%E8%AF%AD_%E5%A5%B3%E7%A5%9E%E8%BD%AC%E7%94%9F,
FC,Family Computer,特种部队,SWAT - Special Weapons & Tactics,SWAT,1987年9月11日,,,东映动画,,
FC,Family Computer,地下冒险2：勇者的挑战,Spelunker 2 - Yuusha heno Chousen,スペランカーII 勇者への挑戦,1987年9月18日,,,Irem,,https://zh.wikipedia.org/wiki/Irem
FC,Family Computer,大相扑,Tsuppari Oozumou,つっぱり大相撲,1987年9月18日,,,特库摩,,
FC,Family Computer,生化战士DAN,Bio Senshi Dan - Increaser tono Tatakai,バイオ戦士DAN インクリーザーとの闘い,1987年9月22日,,,Jaleco,,
FC,Family Computer,井出洋介名人的实战麻将,Ide Yousuke Meijin no Jissen Mahjong,井出洋介名人の実戦麻雀,1987年9月24日,,,卡普空,,
FC,Family Computer,时空门,Star Gate,スター・ゲイト,1987年9月24日,,,HAL研究所,,
FC,Family Computer,沙罗曼蛇,Salamander,サラマンダ,1987年9月25日,,,科乐美,https://zh.wikipedia.org/wiki/%E6%B2%99%E7%BD%97%E6%9B%BC%E8%9B%87,
FC,Family Computer,僵尸小子2,Kyonshiizu 2,キョンシーズ2,1987年9月25日,,,太东,,
FC,Family Computer,杀虫大战：巨大昆虫的反击,Millipede,ミリピード 巨大昆虫の逆襲,1987年10月1日,,,HAL研究所,,
FC,Family Computer,快杰洋枪,Kaiketsu Yanchamaru,快傑ヤンチャ丸,1987年10月2日,,,Irem,,
FC,Family Computer,创世纪III：出埃及记,Ultima - Kyoufu no Exodus,ウルティマ3 エクソダス,1987年10月9日,,,波丽佳音,https://zh.wikipedia.org/wiki/%E5%88%9B%E4%B8%96%E7%BA%AAIII%EF%BC%9A%E5%87%BA%E5%9F%83%E5%8F%8A%E8%AE%B0,
FC,Family Computer,超能力冒险队：魔王的城寨,Esper Bouken Tai,エスパ冒険隊,1987年10月13日,,,Jaleco,,
FC,Family Computer,霸邪封印,Haja no Fuuin,覇邪の封印,1987年10月13日,,,ASCII,,
FC,Family Computer,因陀罗之光,Indora no Hikari,インドラの光,1987年10月20日,,,KEMCO,,
FC,Family Computer,王子复国记,Minelvaton Saga,ミネルバトンサーガ ラゴンの復活,1987年10月23日,,,太东,,
FC,Family Computer,桃太郎传说,Momotarou Densetsu,桃太郎伝説,1987年10月26日,,,Hudson Soft,,
FC,Family Computer,观星人,Hoshi wo Miru Hito,星をみるひと,1987年10月27日,,,HOT-B,,
FC,Family Computer,卡啦OK专用带1,"Karaoke Studio Senyou Cassette Set - Top Hits 20, Vol. 1",カラオケスタジオ 専用カセットVol.1,1987年10月28日,,,万代,,
FC,Family Computer,花式台球,Side Pocket,サイドポケット,1987年10月30日,,,南梦宫,,
FC,Family Computer,鸵鸟骑士,Joust,ジャウスト,1987年10月30日,,,HAL研究所,https://zh.wikipedia.org/wiki/%E9%B4%95%E9%B3%A5%E9%A8%8E%E5%A3%AB,
FC,Family Computer,罗曼西亚,Romancia,ロマンシア,1987年10月30日,,,东京书籍,https://zh.wikipedia.org/wiki/%E7%BD%97%E6%9B%BC%E8%A5%BF%E4%BA%9A,
FC,Family Computer,鲁邦三世：潘多拉的遗产,Lupin Sansei - Pandora no Isan,ルパン三世 パンドラの遺産,1987年11月6日,,,南梦宫,,
FC,Family Computer,宇宙船,Uchuusen - Cosmo Carrier,宇宙船コスモキャリア,1987年11月6日,,,Jaleco,,
FC,Family Computer,亚尔迪里欧斯,Artelius,アルテリオス,1987年11月13日,,,日本物产,,https://zh.wikipedia.org/wiki/%E6%97%A5%E6%9C%AC%E7%89%A9%E7%94%A2
FC,Family Computer,沙那多,Faxanadu,ファザナドゥ,1987年11月16日,,,Hudson Soft,,
FC,Family Computer,拳王泰森的拳无虚发,Mike Tyson's Punch-Out!!,マイクタイソン・パンチアウト!!,1987年11月21日,,,任天堂,https://zh.wikipedia.org/wiki/%E6%8B%B3%E6%97%A0%E8%99%9A%E5%8F%91_(1987%E5%B9%B4%E6%B8%B8%E6%88%8F),https://zh.wikipedia.org/wiki/%E4%BB%BB%E5%A4%A9%E5%A0%82
FC,Family Computer,时空勇传,Jikuu Yuuden - Debias,時空勇伝デビアス,1987年11月27日,,,南梦宫,,
FC,Family Computer,跳跳板系列07：大运动会,Family Trainer No.7 - Dai Undoukai,ファミトレ大運動会,1987年11月27日,,,万代,,
FC,Family Computer,星球大战（Namco版）,Star Wars (Namco),スター・ウォーズ,1987年12月4日,,,南梦宫,,
FC,Family Computer,神龙卷轴：复活的魔龙,Dragon Scroll - Yomigaerishi Maryuu,ドラゴンスクロール 甦りし魔竜,1987年12月4日,,,科乐美,,
FC,Family Computer,上海,Shanghai,上海,1987年12月4日,,,Sun电子,https://zh.wikipedia.org/wiki/%E4%B8%8A%E6%B5%B7_(%E6%B8%B8%E6%88%8F),
FC,Family Computer,蓝波,Rambo,ランボー,1987年12月4日,,,Pack-In-Video,,
FC,Family Computer,霹雳娇娃,Outlanders,アウトランダーズ,1987年12月4日,,,Victor音乐产业,,
FC,Family Computer,3D大作战,JJ - Tobidase Daisakusen Part 2,とびだせ大作戦,1987年12月7日,,,史克威尔,,
FC,Family Computer,高球锦标赛,Golf Club - Birdy Rush,ゴルフ倶楽部 バーディーラッシュ,1987年12月9日,,,Data East,,
FC,Family Computer,家庭网球,Family Tennis,ファミリーテニス,1987年12月11日,,,南梦宫,,
FC,Family Computer,捍卫战士/凌云壮志,Top Gun,トップガン,1987年12月11日,,,科乐美,,
FC,Family Computer,山村美纱悬疑系列：京都龙之寺杀人事件,Yamamura Misa Suspense - Kyouto Ryuu no Tera Satsujin,山村美紗サスペンス 京都龍の寺殺人事件,1987年12月11日,,,太东,,
FC,Family Computer,铁道王,Tetsudou Ou - Famicom Boardgame,鉄道王,1987年12月12日,,,dB-Soft,,
FC,Family Computer,银河三人行,Ginga no Sannin,銀河の三人（ファミコン版）,1987年12月15日,,,任天堂,,
FC,Family Computer,危机一发/拯救人质,Magnum Kiki Ippatsu - Empire City - 1931,マグナム危機一髪 エンパイアシティ1931,1987年12月15日,,,东芝EMI,,
FC,Family Computer,科乐美拳击,Exciting Boxing,エキサイティングボクシング,1987年12月16日,,,科乐美,,
FC,Family Computer,洛克人,Rockman,ロックマン,1987年12月17日,,,卡普空,https://zh.wikipedia.org/wiki/%E6%B4%9B%E5%85%8B%E4%BA%BA_(1987%E5%B9%B4%E6%B8%B8%E6%88%8F),
FC,Family Computer,卡诺夫,Karnov,カルノフ,1987年12月18日,,,南梦宫,,
FC,Family Computer,光荣大赛车,Taito Grand Prix - Eikou heno License,タイトーグランプリ,1987年12月18日,,,太东,,
FC,Family Computer,最终幻想,Final Fantasy,ファイナルファンタジー,1987年12月18日,,,史克威尔,https://zh.wikipedia.org/wiki/%E6%9C%80%E7%BB%88%E5%B9%BB%E6%83%B3_(%E6%B8%B8%E6%88%8F),
FC,Family Computer,冰上曲棍球,Stick Hunter - Exciting Ice Hockey,スティックハンター,1987年12月18日,,,K. Amusement Leasing,,
FC,Family Computer,帕青哥君,Mezase Pachi Pro - Pachio Kun,目指せパチプロ パチ夫くん,1987年12月18日,,,Coconuts Japan,,
FC,Family Computer,明星棒球87年度版,Pro Yakyuu - Family Stadium '87,プロ野球ファミリースタジアム'87,1987年12月22日,,,南梦宫,,
FC,Family Computer,合金装备/燃烧坦克,Metal Gear,メタルギア,1987年12月22日,,,科乐美,https://zh.wikipedia.org/wiki/%E5%90%88%E9%87%91%E8%A3%85%E5%A4%87_(1987%E5%B9%B4%E6%B8%B8%E6%88%8F),
FC,Family Computer,鬼太郎2：怪兽军团的挑战,Gegege no Kitarou 2 - Youkai Gundan no Chousen,ゲゲゲの鬼太郎2 妖怪軍団の挑戦,1987年12月22日,,,万代,,
FC,Family Computer,巫术：疯狂领主的试验场,Wizardry - Proving Grounds of the Mad Overlord,ウィザードリィ,1987年12月22日,,,ASCII,https://zh.wikipedia.org/wiki/%E5%B7%AB%E6%9C%AF%EF%BC%9A%E7%96%AF%E7%8B%82%E9%A2%86%E4%B8%BB%E7%9A%84%E8%AF%95%E9%AA%8C%E5%9C%BA,
FC,Family Computer,超人,Superman,スーパーマン,1987年12月22日,,,KEMCO,,
FC,Family Computer,动物学园,Attack Animal Gakuen,アタックアニマル学園,1987年12月26日,,,波丽佳音,,
FC,Family Computer,跳跳板系列08：突击！风云武城,Family Trainer No.8 - Totsugeki Fuuun Takeshi Jou,ファミリートレーナー 突撃!風雲たけし城,1987年12月28日,,,万代,,
FC,Family Computer,南梦宫赛车,Family Circuit,ファミリーサーキット,1988年1月6日,,,南梦宫,,https://zh.wikipedia.org/wiki/%E5%8D%97%E6%A2%A6%E5%AE%AB
FC,Family Computer,杀意的阶层,Satsui no Kaisou - Power Soft Satsujin Jiken,殺意の階層 ソフトハウス連続殺人事件,1988年1月7日,,,HAL研究所,,https://zh.wikipedia.org/wiki/HAL%E7%A0%94%E7%A9%B6%E6%89%80
FC,Family Computer,科乐美世界,Wai Wai World,コナミワイワイワールド,1988年1月14日,,,科乐美,https://zh.wikipedia.org/wiki/%E7%A7%91%E6%A8%82%E7%BE%8E%E4%B8%96%E7%95%8C,https://zh.wikipedia.org/wiki/%E7%A7%91%E6%A8%82%E7%BE%8E%E6%95%B8%E4%BD%8D%E5%A8%9B%E6%A8%82
FC,Family Computer,刑事三姐妹,Sukeban Deka 3,スケバン刑事III,1988年1月22日,,,东映动画,,https://zh.wikipedia.org/wiki/%E4%B8%9C%E6%98%A0%E5%8A%A8%E7%94%BB
FC,Family Computer,梦幻岛物语,Lipple Island,リップルアイランド,1988年1月23日,,,Sun电子,,
FC,Family Computer,麦当劳大进击,Donald Land,ドナルドランド,1988年1月29日,,,Data East,,
FC,Family Computer,尾琦高尔夫,Jumbo Ozaki no Hole in One Professional,ジャンボ尾崎のホールインワンプロフェッショナル,1988年2月1日,,,HAL研究所,,
FC,Family Computer,巴黎达喀尔拉力赛,Paris-Dakar Rally Special,パリ・ダカール・ラリー・スペシャル,1988年2月1日,,,CBS・ソニー,,
FC,Family Computer,假面俱乐部,Kamen Rider Kurabu,仮面ライダー倶楽部 激突ショッカーランド,1988年2月3日,,,万代,,https://zh.wikipedia.org/wiki/%E4%B8%87%E4%BB%A3
FC,Family Computer,嘉蒂外传,Guardic Gaiden,ガーディック外伝,1988年2月5日,,,Irem,,https://zh.wikipedia.org/wiki/Irem
FC,Family Computer,魂斗罗,Contra,魂斗羅,1988年2月9日,,,科乐美,https://zh.wikipedia.org/wiki/%E9%AD%82%E6%96%97%E7%BD%97_(%E6%B8%B8%E6%88%8F),
FC,Family Computer,勇者斗恶龙III 接着迈向传说,Dragon Quest III,ドラゴンクエストIII そして伝説へ…,1988年2月10日,,,艾尼克斯,https://zh.wikipedia.org/wiki/%E5%8B%87%E8%80%85%E9%AC%A5%E6%83%A1%E9%BE%8DIII_%E6%8E%A5%E8%91%97%E9%82%81%E5%90%91%E5%82%B3%E8%AA%AA,https://zh.wikipedia.org/wiki/%E8%89%BE%E5%B0%BC%E5%85%8B%E6%96%AF
FC,Family Computer,卡啦OK专用带2,"Karaoke Studio Senyou Cassette Set - Top Hits 20, Vol. 2",カラオケスタジオ 専用カセットVol.2,1988年2月18日,,,万代,,
FC,Family Computer,松本亨股票必胜学,Matsumoto Tooru no Kabushiki Hisshou Gaku,松本亨の株式必勝学,1988年2月18日,,,Imagineer,,
FC,Family Computer,原子小金刚,Tetsuwan Atom,鉄腕アトム,1988年2月26日,,,科乐美,,
FC,Family Computer,神宫寺三郎侦探-横滨港连续杀人事件,Tantei Jinguuji Saburou - Yokohamakou Renzoku Satsujin Jiken,探偵 神宮寺三郎 横浜港連続殺人事件,1988年2月26日,,,Data East,,
FC,Family Computer,滚球大战,Ballblazer,ルーカスフィルム ボールブレイザー,1988年3月4日,,,波丽佳音,https://zh.wikipedia.org/wiki/%E6%BB%9A%E7%90%83%E5%A4%A7%E6%88%98,https://zh.wikipedia.org/wiki/%E6%B3%A2%E9%BA%97%E4%BD%B3%E9%9F%B3
FC,Family Computer,快打砖块II：DOH的复仇,Arkanoid II - Revenge of Doh,アルカノイドII リベンジオブドゥ,1988年3月8日,,,太东,https://zh.wikipedia.org/wiki/%E5%BF%AB%E6%89%93%E7%A3%9A%E5%A1%8AII%EF%BC%9ADOH%E7%9A%84%E5%BE%A9%E4%BB%87,https://zh.wikipedia.org/wiki/%E5%A4%AA%E6%9D%B1
FC,Family Computer,终极战士,Predator,シュワルツェネッガー プレデター,1988年3月10日,,,Pack-In-Video,,
FC,Family Computer,天才小钓手,Tsuri Kichi Sanpei - Blue Marlin Hen,釣りキチ三平 ブルーマーリン編,1988年3月17日,,,Victor音乐产业,,https://zh.wikipedia.org/wiki/Victor_Entertainment
FC,Family Computer,将棋指南2：称为名人的道路,Tanigawa Kouji no Shougi Shinan II (Meijin heno Michi),谷川浩司の将棋指南II <名人への道>,1988年3月18日,,,波丽佳音,,
FC,Family Computer,拿破仑战记,Napoleon Senki,ナポレオン戦記,1988年3月18日,,,Irem,https://zh.wikipedia.org/wiki/%E6%8B%BF%E7%A0%B4%E4%BB%91%E6%88%98%E8%AE%B0,
FC,Family Computer,信长之野望·全国版,Nobunaga no Yabou - Zenkoku Ban,信長の野望・全国版,1988年3月18日,,,光荣,https://zh.wikipedia.org/wiki/%E4%BF%A1%E9%95%BF%E4%B9%8B%E9%87%8E%E6%9C%9B%C2%B7%E5%85%A8%E5%9B%BD%E7%89%88,https://zh.wikipedia.org/wiki/%E5%85%89%E8%8D%A3_(%E4%BC%81%E4%B8%9A)
FC,Family Computer,战斗高尔夫,Fighting Golf,ファイティングゴルフ,1988年3月24日,,,SNK,,https://zh.wikipedia.org/wiki/SNK
FC,Family Computer,狙击13：第一章-诸神的黄昏,Golgo 13 - Dai 1 Shou - Kamigami no Tasogare,ゴルゴ13 第一章神々の黄昏,1988年3月26日,,,VIC东海,,
FC,Family Computer,爱的传说：奥林帕斯的传说,Olympus no Tatakai,オリュンポスの戦い 愛の伝説,1988年3月28日,,,Imagineer,,
FC,Family Computer,武田信玄,Takeda Shingen,武田信玄,1988年3月28日,,,HOT-B,,
FC,Family Computer,不动明王传,Fudou Myouou Den,不動明王伝,1988年3月29日,,,太东,https://zh.wikipedia.org/wiki/%E4%B8%8D%E5%8A%A8%E6%98%8E%E7%8E%8B%E4%BC%A0,
FC,Family Computer,海战指挥官,Fleet Commander,フリートコマンダー,1988年3月29日,,,ASCII,,https://zh.wikipedia.org/wiki/ASCII_(%E4%BC%81%E6%A5%AD)
FC,Family Computer,高校生极乐传说,Be-Bop-Highschool - Koukousei Gokuraku Densetsu,ビー・バップ・ハイスクール 高校生極楽伝説,1988年3月30日,,,Data East,,
FC,Family Computer,独眼龙政宗,Dokuganryuu Masamune,独眼竜政宗,1988年4月5日,,,南梦宫,,
FC,Family Computer,双截龙,Double Dragon,ダブルドラゴン,1988年4月8日,,,Technōs Japan,https://zh.wikipedia.org/wiki/%E5%8F%8C%E6%88%AA%E9%BE%99_(%E6%B8%B8%E6%88%8F),https://zh.wikipedia.org/wiki/Techn%C5%8Ds_Japan
FC,Family Computer,化身博士/彷魔之刻,Houma ga Toki,ジーキル博士の彷魔が刻,1988年4月8日,,,东宝,https://zh.wikipedia.org/wiki/%E5%8C%96%E8%BA%AB%E5%8D%9A%E5%A3%AB_(%E6%B8%B8%E6%88%8F),https://zh.wikipedia.org/wiki/%E4%B8%9C%E5%AE%9D
FC,Family Computer,燃烧网球,Moero!! Pro Tennis,燃えろ!!プロテニス,1988年4月15日,,,Jaleco,,https://zh.wikipedia.org/wiki/Jaleco
FC,Family Computer,怒2：怒号层圈,Ikari 2 - Dogosoken,怒II DOGOSOKEN,1988年4月16日,,,K. Amusement Leasing,,
FC,Family Computer,沙漠之狐：战车战略,Sensha Senryaku - Sabaku no Kitsune,戦車戦略 砂漠の狐,1988年4月28日,,,KEMCO,,
FC,Family Computer,勇士屠龙,Elysion,エリュシオン,1988年4月28日,,,东京书籍,,
FC,Family Computer,天使之翼/足球小将,Captain Tsubasa,キャプテン翼,1988年4月28日,,,特库摩,,https://zh.wikipedia.org/wiki/%E7%89%B9%E5%BA%93%E6%91%A9
FC,Family Computer,深入地下城3：成为勇士的旅行,Deep Dungeon III - Yuushi heno Tabi,ディープダンジョンIII 勇士への旅,1988年5月13日,,,史克威尔,,https://zh.wikipedia.org/wiki/%E5%8F%B2%E5%85%8B%E5%A8%81%E5%B0%94
FC,Family Computer,名侦探福尔摩斯：雾之伦敦杀人事件,Mei Tantei Holmes - Kiri no London Satsujin Jiken,名探偵ホームズ 霧のロンドン殺人事件,1988年5月13日,,,トーワチキ,,
FC,Family Computer,假面忍者赤影,Kamen no Ninja - Akakage,仮面の忍者 赤影,1988年5月20日,,,东映动画,,
FC,Family Computer,南梦宫高尔夫,Namco Classic,ナムコクラシック,1988年5月27日,,,南梦宫,,
FC,Family Computer,番茄公主,Salad no Kuni no Tomato Hime,サラダの国のトマト姫,1988年5月27日,,,Hudson Soft,,https://zh.wikipedia.org/wiki/Hudson_Soft
FC,Family Computer,将军,Shougun,将軍,1988年5月27日,,,Hect,,
FC,Family Computer,忍者君：阿修罗之章,Ninja Kun - Ashura no Shou,忍者くん 阿修羅の章,1988年5月27日,,,UPL,,
FC,Family Computer,圣斗士星矢：黄金传说完结篇,Saint Seiya - Ougon Densetsu Kanketsu Hen,聖闘士星矢 黄金伝説完結編,1988年5月30日,,,万代,,
FC,Family Computer,宇宙刑警,Cosmo Police - Galivan,コスモポリス ギャリバン,1988年6月3日,,,日本物产,,https://zh.wikipedia.org/wiki/%E6%97%A5%E6%9C%AC%E7%89%A9%E7%94%A2
FC,Family Computer,超惑星战记,Blaster Master,超惑星戦記 メタファイト,1988年6月17日,,,Sun电子,https://zh.wikipedia.org/wiki/%E8%B6%85%E6%83%91%E6%98%9F%E6%88%98%E8%AE%B0,
FC,Family Computer,妖怪道中记,Youkai Douchuuki,妖怪道中記,1988年6月24日,,,南梦宫,https://zh.wikipedia.org/wiki/%E5%A6%96%E6%80%AA%E9%81%93%E4%B8%AD%E8%A8%98,
FC,Family Computer,真田十勇士,Sanada Juu Yuushi,真田十勇士,1988年6月27日,,,KEMCO,,
FC,Family Computer,究极棒球,Kyuukyoku Harikiri Stadium,究極ハリキリスタジアム,1988年6月28日,,,太东,,
FC,Family Computer,超级黑石传说,Super Black Onyx,スーパーブラックオニキス,1988年7月14日,,,BPS,,
FC,Family Computer,浪花乃爆破娘：知惠,Jarinko Chie - Bakudan Musume no Shiawase Sagashi,じゃりン子チエ ばくだん娘の幸せさがし,1988年7月15日,,,科乐美,,
FC,Family Computer,传说骑士：艾尔洛德,Densetsu no Kishi - Elrond,伝説の騎士エルロンド,1988年7月15日,,,Jaleco,,
FC,Family Computer,亚斯基职业棒球,Best Play Pro Yakyuu,ベストプレープロ野球,1988年7月15日,,,ASCII,,
FC,Family Computer,希特勒复活,Hitler no Fukkatsu - Top Secret,ヒットラーの復活 TOP SECRET,1988年7月20日,,,卡普空,,https://zh.wikipedia.org/wiki/%E5%8D%A1%E6%99%AE%E7%A9%BA
FC,Family Computer,相聚一刻,Maison Ikkoku,めぞん一刻 〜想いでのフォトグラフ〜,1988年7月21日,,,ボーステック,,
FC,Family Computer,凯伊历险记,the Quest of Ki,カイの冒険,1988年7月22日,,,南梦宫,,
FC,Family Computer,天堂和地狱,Kakefu Kun no Jump Tengoku - Speed Jigoku,カケフくんのジャンプ天国 スピード地獄,1988年7月22日,,,VIC东海,,
FC,Family Computer,彩虹岛,Rainbow Islands - The Story of Bubble Bobble 2,レインボーアイランド,1988年7月26日,,,太东,,
FC,Family Computer,热血高校躲避球部,Nekketsu Koukou Dodgeball Bu,熱血高校ドッジボール部,1988年7月26日,,,Technōs Japan,https://zh.wikipedia.org/wiki/%E7%83%AD%E8%A1%80%E9%AB%98%E6%A0%A1%E8%BA%B2%E9%81%BF%E7%90%83%E9%83%A8_(FC),
FC,Family Computer,三国志 中原之霸者,Sangokushi - Chuugen no Hasha,三国志 中原の覇者,1988年7月29日,,,南梦宫,https://zh.wikipedia.org/wiki/%E4%B8%89%E5%9B%BD%E5%BF%97_%E4%B8%AD%E5%8E%9F%E4%B9%8B%E9%9C%B8%E8%80%85,
FC,Family Computer,飞龙之拳II 飞龙之翼,Hiryuu no Ken 2 - Dragon no Tsubasa,飛龍の拳II ドラゴンの翼,1988年7月29日,,,Culture Brain,,
FC,Family Computer,大坦克,Great Tank,グレートタンク,1988年7月29日,,,SNK,https://zh.wikipedia.org/wiki/%E5%A4%A7%E5%9D%A6%E5%85%8B,
FC,Family Computer,超级实战棒球88版,Super Real Baseball '88,スーパーリアルベースボール,1988年7月30日,,,VAP,,https://zh.wikipedia.org/wiki/VAP
FC,Family Computer,太阳神殿,Taiyou no Shinden - Asteka 2,太陽の神殿,1988年8月3日,,,东京书籍,,
FC,Family Computer,蛋王子：迷宫复活,Eggerland - Meikyuu no Fukkatsu,エッガーランド 迷宮の復活,1988年8月9日,,,HAL研究所,,
FC,Family Computer,斗将拉面男：炸裂超人102艺,Tatakae!! Rahmen Man - Sakuretsu Choujin 102 Gei,闘将!!拉麺男 炸裂超人一〇二芸,1988年8月10日,,,万代,,
FC,Family Computer,燃烧棒球88决定版,Moero!! Pro Yakyuu '88 - Kettei Ban,燃えろ!!プロ野球'88決定版,1988年8月10日,,,Jaleco,,
FC,Family Computer,金钱游戏,The Money Game,ザ・マネーゲーム,1988年8月10日,,,ソフエル,,
FC,Family Computer,水户黄门II 世界漫游记,Mito Koumon - Sekai Manyuu Ki,水戸黄門II 世界漫遊記,1988年8月11日,,,Sun电子,,
FC,Family Computer,任天堂战争,Famicom Wars,ファミコンウォーズ,1988年8月12日,,,任天堂,https://zh.wikipedia.org/wiki/%E4%BB%BB%E5%A4%A9%E5%A0%82%E6%88%98%E4%BA%89_(%E6%B8%B8%E6%88%8F),https://zh.wikipedia.org/wiki/%E4%BB%BB%E5%A4%A9%E5%A0%82
FC,Family Computer,最后冲刺,Final Lap,ファイナルラップ,1988年8月12日,,,南梦宫,,
FC,Family Computer,鳄鱼先生,Mad City,マッド・シティ,1988年8月12日,,,科乐美,,
FC,Family Computer,七龙珠 大魔王复活,Dragon Ball - Dai Maou Fukkatsu,ドラゴンボール 大魔王復活,1988年8月12日,,,万代,https://zh.wikipedia.org/wiki/%E4%B8%83%E9%BE%99%E7%8F%A0_%E5%A4%A7%E9%AD%94%E7%8E%8B%E5%A4%8D%E6%B4%BB,
FC,Family Computer,维纳斯足球赛,Soccer League - Winner's Cup,サッカーリーグ ウィナーズカップ,1988年8月12日,,,Data East,,
FC,Family Computer,不如归,Hototogisu,不如帰,1988年8月19日,,,Irem,,
FC,Family Computer,超级弹珠柜,Super Pinball,スーパーピンボール,1988年8月23日,,,Coconuts Japan,,
FC,Family Computer,乌龟报恩,Kame no Ongaeshi - Urashima Densetsu,亀の恩返し〜ウラシマ伝説〜,1988年8月26日,,,Hudson Soft,,
FC,Family Computer,伊苏 失落的伊苏古国 序章,Ys,イース,1988年8月26日,,,Victor音乐产业,https://zh.wikipedia.org/wiki/%E4%BC%8A%E8%8B%8F_%E5%A4%B1%E8%90%BD%E7%9A%84%E4%BC%8A%E8%8B%8F%E5%8F%A4%E5%9B%BD_%E5%BA%8F%E7%AB%A0,
FC,Family Computer,超级羽毛球,Super Dyna'mix Badminton,スーパーダイナミックスバドミントン,1988年8月26日,,,VAP,,
FC,Family Computer,任天堂名人战,Famicom Meijin Sen,ファミコン名人戦,1988年9月2日,,,SNK,,
FC,Family Computer,疯狂大楼/狂气之馆,Maniac Masion,マニアックマンション,1988年9月13日,,,Jaleco,https://zh.wikipedia.org/wiki/%E7%98%8B%E7%8B%82%E5%A4%A7%E6%A8%93,
FC,Family Computer,科乐美首尔奥运会,Konamic Sports in Seoul,科樂美ックスポーツ イン ソウル,1988年9月16日,,,科乐美,https://zh.wikipedia.org/wiki/%E7%A7%91%E4%B9%90%E7%BE%8E%E9%A6%96%E5%B0%94%E5%A5%A5%E8%BF%90%E4%BC%9A,
FC,Family Computer,灵幻道士,Reigen Doushi,霊幻道士,1988年9月16日,,,波丽佳音,,
FC,Family Computer,孔雀王,Kujaku Ou,孔雀王,1988年9月21日,,,波丽佳音,,
FC,Family Computer,唐老鸭,Donald Duck,ドナルドダック,1988年9月22日,,,KEMCO,,
FC,Family Computer,少年梦冒险,Erika to Satoru no Yume Bouken,えりかとさとるの夢冒険,1988年9月27日,,,南梦宫,https://zh.wikipedia.org/wiki/%E5%B0%91%E5%B9%B4%E6%A2%A6%E5%86%92%E9%99%A9,
FC,Family Computer,八眼宝石,8 Eyes,エイト・アイズ,1988年9月27日,,,Seta,,
FC,Family Computer,霹雳游侠,Knight Rider,ナイトライダー,1988年9月30日,,,Pack-In-Video,,
FC,Family Computer,赌城拉斯维加斯,Viva! Lasvegas,VIVA LASVEGAS,1988年9月30日,,,Epic-Sony,,https://zh.wikipedia.org/wiki/Epic_Records_Japan
FC,Family Computer,大战略,Dai Senryaku,大戦略,1988年10月11日,,,Bothtec,https://zh.wikipedia.org/wiki/%E5%A4%A7%E6%88%98%E7%95%A5_(%E7%BA%A2%E7%99%BD%E6%9C%BA),
FC,Family Computer,亚斯基职业野球 新资料版,Best Play Pro Yakyuu - Shin Data,ベストプレープロ野球 新データ,1988年10月11日,,,ASCII,,
FC,Family Computer,钓鱼模拟游戏：黑巴斯2,The Black Bass 2,ザ・ブラックバスII,1988年10月18日,,,HOT-B,,
FC,Family Computer,源平讨魔传,Genpei Touma Den - Computer Boardgame,源平討魔伝,1988年10月21日,,,南梦宫,https://zh.wikipedia.org/wiki/%E6%BA%90%E5%B9%B3%E8%AE%A8%E9%AD%94%E4%BC%A0,
FC,Family Computer,眼镜蛇指挥官,Cobra Command,コブラコマンド,1988年10月21日,,,Data East,,
FC,Family Computer,超级马力欧兄弟3,Super Mario Bros 3,スーパーマリオブラザーズ3,1988年10月23日,,,任天堂,https://zh.wikipedia.org/wiki/%E8%B6%85%E7%B4%9A%E7%91%AA%E5%88%A9%E6%AD%90%E5%85%84%E5%BC%9F3,
FC,Family Computer,美国总统大选,America Daitouryou Senkyo,アメリカ大統領選挙,1988年10月28日,,,Hect,,
FC,Family Computer,三国志,Romance of Three Kingdoms,三國志,1988年10月30日,,,光荣,https://zh.wikipedia.org/wiki/%E4%B8%89%E5%9C%8B%E5%BF%97_(%E9%81%8A%E6%88%B2),
FC,Family Computer,东方见文录,Touhou Kenbun Roku,東方見文録,1988年11月10日,,,Natsume,,https://zh.wikipedia.org/wiki/Natsume
FC,Family Computer,西游记世界,Saiyuuki World,西遊記ワールド,1988年11月11日,,,Jaleco,,
FC,Family Computer,自我中心派,Gambler Jiko Chuushin Ha - Mahjong Game,ぎゅわんぶらあ自己中心派,1988年11月11日,,,Asmik,,
FC,Family Computer,美式橄榄球,Touch Down Fever,アメリカンフットボール タッチダウンフィーバー,1988年11月11日,,,K. Amusement Leasing,,
FC,Family Computer,趣味问答,Family Quiz,ファミリークイズ 4人はライバル,1988年11月16日,,,アテナ,,
FC,Family Computer,贝兽物语,Kaijuu Monogatari,貝獣物語,1988年11月18日,,,南梦宫,https://zh.wikipedia.org/wiki/%E8%B4%9D%E5%85%BD%E7%89%A9%E8%AF%AD,
FC,Family Computer,燃烧篮球,Moero!! Junior Basket - Two on Two,燃えろ!!ジュニアバスケット ツーオンツー,1988年11月22日,,,Jaleco,,
FC,Family Computer,时空线索：恶魔真的来临,Deja Vu,ディジャブ 悪夢は本当にやって来た,1988年11月22日,,,KEMCO,,
FC,Family Computer,家庭麻将：上海之道,Family Mahjong 2 - Shanghai Heno Michi,ファミリーマージャンII 上海への道,1988年11月25日,,,南梦宫,,
FC,Family Computer,阿武的战国风云儿,Takeshi no Sengoku Fuuunji,たけしの戦国風雲児,1988年11月25日,,,太东,,
FC,Family Computer,中国占星术,Chuugoku Senseijutsu,中国占星術,1988年11月29日,,,Jaleco,,
FC,Family Computer,异形风暴,Alien Syndrome,エイリアンシンドローム,1988年12月2日,,,Sun电子,,
FC,Family Computer,突然君,Totsuzen! Machoman,突然!マッチョマン,1988年12月2日,,,VIC东海,,
FC,Family Computer,桃太郎电铁,Momotarou Dentetsu,桃太郎電鉄,1988年12月2日,,,Hudson Soft,,
FC,Family Computer,半熟英雄,Hanjuku Hero,半熟英雄,1988年12月2日,,,史克威尔,,
FC,Family Computer,万王之王,King of Kings,キングオブキングス,1988年12月9日,,,南梦宫,,
FC,Family Computer,哥斯拉/酷斯拉,Godzilla,ゴジラ,1988年12月9日,,,东宝,,
FC,Family Computer,忍者龙剑传,Ninja Ryukenden,忍者龍剣伝,1988年12月9日,,,特库摩,https://zh.wikipedia.org/wiki/%E5%BF%8D%E8%80%85%E9%BE%99%E5%89%91%E4%BC%A0_(%E7%BA%A2%E7%99%BD%E6%9C%BA),
FC,Family Computer,中屿悟F1英雄,Nakajima Satoru - F1 Hero,中嶋悟F-1ヒーロー,1988年12月9日,,,バリエ,,
FC,Family Computer,89电脑占星术,'89 Dennou Kyuusei Uranai,'89電脳九星占い,1988年12月10日,,,イントロダクションプロデュース,,
FC,Family Computer,战斗之路,Fighting Road,ファイティングロード,1988年12月13日,,,东映动画,,
FC,Family Computer,宇宙巡航舰II 高弗的野望,Gradius 2,グラディウスII,1988年12月16日,,,科乐美,https://zh.wikipedia.org/wiki/%E5%AE%87%E5%AE%99%E5%B7%A1%E8%88%AA%E8%89%A6II_%E9%AB%98%E5%BC%97%E7%9A%84%E9%87%8E%E6%9C%9B,
FC,Family Computer,究极棒球88年版,Kyuukyoku Harikiri Stadium '88 - Shin Senshu Data Version,究極ハリキリスタジアム'88,1988年12月16日,,,太东,,
FC,Family Computer,锡鲁巴船长,Captain Silver,キャプテンシルバー,1988年12月16日,,,德间书店,,https://zh.wikipedia.org/wiki/%E5%BE%B7%E9%96%93%E6%9B%B8%E5%BA%97
FC,Family Computer,竹取公主传说,Kaguya Hime Densetsu,かぐや姫伝説,1988年12月16日,,,Victor音乐产业,,
FC,Family Computer,铁人竞技,The Triathron,ザ・トライアスロン,1988年12月16日,,,K. Amusement Leasing,,
FC,Family Computer,最终幻想II,Final Fantasy 2,ファイナルファンタジーII,1988年12月17日,,,史克威尔,https://zh.wikipedia.org/wiki/%E6%9C%80%E7%BB%88%E5%B9%BB%E6%83%B3II,
FC,Family Computer,单车王,Cycle Race - Road Man,サイクルレース ロードマン 〜激走!! 日本一周4000km〜,1988年12月17日,,,东京书籍,,
FC,Family Computer,顶级赛车,Top Rider,トップライダー,1988年12月17日,,,バリエ,,
FC,Family Computer,明星职棒88年度版,Pro Yakyuu - Family Stadium '88,プロ野球ファミリースタジアム'88,1988年12月20日,,,南梦宫,,
FC,Family Computer,跳跳板系列09：风云武城,Family Trainer No.9 - Fuuun Takeshi Jou 2,ファミリートレーナー 風雲!たけし城2,1988年12月20日,,,万代,,
FC,Family Computer,幻想空间2：欧巴欧巴的眼泪,Fantasy Zone 2 - The Teardrop of Opa-Opa,ファンタジーゾーン2,1988年12月20日,,,Sun电子,,
FC,Family Computer,超级弹珠柜,Rollerball,ローラーボール,1988年12月20日,,,HAL研究所,,
FC,Family Computer,银河英雄传说,Ginga Eiyuu Densetsu,銀河英雄伝説,1988年12月21日,,,KEMCO,,
FC,Family Computer,俄罗斯方块,Tetris,テトリス,1988年12月22日,,,BPS,https://zh.wikipedia.org/wiki/%E4%BF%84%E7%BE%85%E6%96%AF%E6%96%B9%E5%A1%8A,
FC,Family Computer,燃烧足球,Moero!! Pro Soccer,燃えろ!!プロサッカー,1988年12月23日,,,Jaleco,,
FC,Family Computer,阿基拉,Akira,AKIRA,1988年12月24日,,,太东,https://zh.wikipedia.org/wiki/%E9%98%BF%E5%9F%BA%E6%8B%89_(%E6%B8%B8%E6%88%8F),
FC,Family Computer,洛克人2 威利博士之谜,Rockman 2 - Dr Wily no Nazo,ロックマン2 Dr.ワイリーの謎,1988年12月24日,,,卡普空,https://zh.wikipedia.org/wiki/%E6%B4%9B%E5%85%8B%E4%BA%BA2_%E5%A8%81%E5%88%A9%E5%8D%9A%E5%A3%AB%E4%B9%8B%E8%AC%8E,
FC,Family Computer,小公子,Shoukoushi Ceddie,小公子セディ,1988年12月24日,,,フジテレビジョン,,https://zh.wikipedia.org/wiki/%E3%83%95%E3%82%B8%E3%83%86%E3%83%AC%E3%83%93%E3%82%B8%E3%83%A7%E3%83%B3
FC,Family Computer,飞狼,Airwolf,エアー・ウルフ,1988年12月24日,,,九娯贸易,,
FC,Family Computer,职业棒球杀人事件,Pro Yakyuu Satsujin Jiken!,プロ野球?殺人事件!,1988年12月24日,,,卡普空,,
FC,Family Computer,古巴战士/革命英雄,Guevara,ゲバラ,1988年12月26日,,,SNK,https://zh.wikipedia.org/wiki/%E5%8F%A4%E5%B7%B4%E6%88%98%E5%A3%AB,
FC,Family Computer,大盗伍佑卫门2,Ganbare Goemon 2,がんばれゴエモン2,1989年1月4日,,,科乐美,,https://zh.wikipedia.org/wiki/%E7%A7%91%E6%A8%82%E7%BE%8E%E6%95%B8%E4%BD%8D%E5%A8%9B%E6%A8%82
FC,Family Computer,时空战士/太空哈利,Space Harrier,スペースハリアー,1989年1月6日,,,特佳丽,,https://zh.wikipedia.org/wiki/%E7%89%B9%E4%BD%B3%E9%BA%97
FC,Family Computer,百万小子：梦幻的帝王编,100 Man $ Kid - Maboroshi no Teiou Hen,100万$キッド 幻の帝王編,1989年1月6日,,,ソフエル,,
FC,Family Computer,西村京太郎神秘系列：蓝色列车杀人事件,Nishimura Kyoutarou Mystery - Blue Train Satsujin Jiken,西村京太郎ミステリー ブルートレイン殺人事件,1989年1月20日,,,Irem,,https://zh.wikipedia.org/wiki/Irem
FC,Family Computer,里见八犬传,Satomi Hakkenden,里見八犬伝,1989年1月20日,,,SNK,,https://zh.wikipedia.org/wiki/SNK
FC,Family Computer,跳跳板系列10：来来小子僵尸大冒险,Family Trainer No.10 - Rairai Kyonshiizu,来来キョンシーズ ベビーキョンシーのあみだ大冒険,1989年1月26日,,,万代,,https://zh.wikipedia.org/wiki/%E4%B8%87%E4%BB%A3
FC,Family Computer,摩托车越野赛,Motocross Champion,モトクロスチャンピオン,1989年1月27日,,,科乐美,,
FC,Family Computer,电击超人,Dengeki - Big Bang!,電撃ビッグバン!,1989年1月27日,,,VIC东海,,
FC,Family Computer,洛依德2：捷尼巴斯的反击,Zoids 2 - Zenebasu no Gyakushuu,ゾイド2 ゼネバスの逆襲,1989年1月27日,,,东芝EMI,,https://zh.wikipedia.org/wiki/EMI%E9%9F%B3%E6%A8%82_(%E6%97%A5%E6%9C%AC)
FC,Family Computer,帕青夫君2,Pachio Kun 2,パチ夫くん2,1989年1月30日,,,Coconuts Japan,,
FC,Family Computer,F1世界冠军杯赛车,World Grand-Prix - Pole To Finish,POLE TO FINISH,1989年1月31日,,,Data East,,
FC,Family Computer,汤姆的冒险,Tom Sawyer no Bouken,トム・ソーヤーの冒険,1989年2月6日,,,Seta,,
FC,Family Computer,瓦强世界,Wagan Land,ワギャンランド,1989年2月9日,,,南梦宫,,https://zh.wikipedia.org/wiki/%E5%8D%97%E6%A2%A6%E5%AE%AB
FC,Family Computer,赤龙王,Sekiryuuou,赤龍王,1989年2月10日,,,Sun电子,,
FC,Family Computer,山村美纱悬疑系列：京都花之密室杀人事件,Yamamura Misa Suspense - Kyouto Hana no Misshitsu Satsujin J,山村美紗サスペンス 京都花の密室殺人事件,1989年2月11日,,,太东,,https://zh.wikipedia.org/wiki/%E5%A4%AA%E6%9D%B1
FC,Family Computer,Famicom Jump 英雄列传,Famicom Jump - Eiyuu Retsuden,ファミコンジャンプ 英雄列伝,1989年2月15日,,,万代,https://zh.wikipedia.org/wiki/Famicom_Jump_%E8%8B%B1%E9%9B%84%E5%88%97%E4%BC%A0,
FC,Family Computer,影之空间,Space Shadow,スペースシャドー,1989年2月15日,,,万代,,
FC,Family Computer,梦幻仙境3：来自黑暗的访问者,Hydlide 3 - Yami Kara no Houmonsha,ハイドライド3 闇からの訪問者,1989年2月17日,,,南梦宫,,
FC,Family Computer,救火英雄,Flying Hero,飛ingヒーロー,1989年2月17日,,,Epic-Sony,,https://zh.wikipedia.org/wiki/Epic_Records_Japan
FC,Family Computer,巫术II：利加敏的遗产,Wizardry II - Legacy of Llylgamyn,ウィザードリィII リルガミンの遺産,1989年2月21日,,,ASCII,https://zh.wikipedia.org/wiki/%E5%B7%AB%E6%9C%AFIII%EF%BC%9A%E5%88%A9%E5%8A%A0%E6%95%8F%E7%9A%84%E9%81%97%E4%BA%A7,https://zh.wikipedia.org/wiki/ASCII_(%E4%BC%81%E6%A5%AD)
FC,Family Computer,百鬼夜行,Hyakkiyakou,百鬼夜行,1989年2月23日,,,ユース,,
FC,Family Computer,棒球锦标赛,Ganbare Pennant Race!,がんばれペナントレース!,1989年2月28日,,,科乐美,,
FC,Family Computer,超级围棋,Hayauchi Super Igo,早打ちスーパー囲碁,1989年3月3日,,,南梦宫,,
FC,Family Computer,魁男塾：疾风一号生,Sakigake!! Otoko Juku - Shippuu Ichi Gou Sei,魁!!男塾 疾風一号生,1989年3月3日,,,万代,,
FC,Family Computer,爆笑人生剧场,Bakushou!! Jinsei Gekijoh,爆笑!!人生劇場,1989年3月17日,,,太东,,
FC,Family Computer,星际搜索：恐怖的生化怪物,Jesus - Kyoufu no Bio Monster,ジーザス 恐怖のバイオモンスター,1989年3月17日,,,キングレコード,,
FC,Family Computer,闪电小组,Rolling Thunder,ローリングサンダー,1989年3月17日,,,南梦宫,,
FC,Family Computer,家庭弹珠台,Family Pinball,ファミリーピンボール,1989年3月24日,,,南梦宫,,
FC,Family Computer,黑暗神话：日本武尊传说,Ankoku Shinwa - Yamato Takeru Densetsu,暗黒神話 ヤマトタケル伝説,1989年3月24日,,,东京书籍,,https://zh.wikipedia.org/wiki/%E4%B8%9C%E4%BA%AC%E4%B9%A6%E7%B1%8D
FC,Family Computer,茶茶丸忍法帐,Jajamaru Ninpou Chou,じゃじゃ丸忍法帳,1989年3月28日,,,Jaleco,,https://zh.wikipedia.org/wiki/Jaleco
FC,Family Computer,冲破火网,After Burner,アフターバーナー,1989年3月30日,,,Sun电子,https://zh.wikipedia.org/wiki/%E5%86%B2%E7%A0%B4%E7%81%AB%E7%BD%91,
FC,Family Computer,野狼计划,Operation Wolf,オペレーションウルフ,1989年3月31日,,,太东,https://zh.wikipedia.org/wiki/%E9%87%8E%E7%8B%BC%E8%A8%88%E5%8A%83,
FC,Family Computer,暗影之门,Shadowgate,シャドウゲイト,1989年3月31日,,,KEMCO,,
FC,Family Computer,全垒打王,Home Run Nighter - Pennant League!!,ペナントリーグ ホームランナイター,1989年3月31日,,,Data East,,
FC,Family Computer,松本亨股票必胜学2,Matsumoto Tooru no Kabushiki Hisshou Gaku 2,松本亨の株式必勝学II,1989年3月31日,,,Imagineer,,
FC,Family Computer,加菲猫,Garfield - A Week of Garfield,ガーフィールドの一週間,1989年4月7日,,,トーワチキ,,
FC,Family Computer,龙魂：新的传说,Dragon Spirit - Aratanaru Densetsu,ドラゴンスピリット 新たなる伝説,1989年4月14日,,,南梦宫,,
FC,Family Computer,超能力行者,Mindseeker,マインドシーカー,1989年4月18日,,,南梦宫,,
FC,Family Computer,苍狼与白鹿 成吉思汗,Aoki Ookami to Shiroki Mejika - Genghis Khan,蒼き狼と白き牝鹿・ジンギスカン,1989年4月20日,,,光荣,https://zh.wikipedia.org/wiki/%E8%8B%8D%E7%8B%BC%E4%B8%8E%E7%99%BD%E9%B9%BF_%E6%88%90%E5%90%89%E6%80%9D%E6%B1%97,https://zh.wikipedia.org/wiki/%E5%85%89%E8%8D%A3_(%E4%BC%81%E4%B8%9A)
FC,Family Computer,恶魔人,Devil Man,デビルマン,1989年4月25日,,,南梦宫,,
FC,Family Computer,热血物语,Downtown - Nekketsu Monogatari,ダウンタウン熱血物語,1989年4月25日,,,Technōs Japan,https://zh.wikipedia.org/wiki/%E7%83%AD%E8%A1%80%E7%89%A9%E8%AF%AD,https://zh.wikipedia.org/wiki/Techn%C5%8Ds_Japan
FC,Family Computer,屠龙记2：暗黑的封印,Dragon Buster 2 - Yami no Fuuin,ドラゴンバスターII 闇の封印,1989年4月27日,,,南梦宫,,
FC,Family Computer,神圣战记,Holy Diver,HOLY DIVER,1989年4月28日,,,Irem,,
FC,Family Computer,本命赛马,Keiba Simulation - Honmei,KEIBA simulation 本命,1989年4月28日,,,日本物产,,https://zh.wikipedia.org/wiki/%E6%97%A5%E6%9C%AC%E7%89%A9%E7%94%A2
FC,Family Computer,名侦探福尔摩斯：来自M的挑战书,Mei Tantei Holmes - M Kara no Chousenjou,名探偵ホームズ Mからの挑戦状,1989年5月1日,,,トーワチキ,,
FC,Family Computer,株式道场：实践篇,Kabushiki Doujou,株式道場,1989年5月2日,,,Hect,,
FC,Family Computer,激龟忍者传/忍者神龟,Gekikame Ninja Den,激亀忍者伝,1989年5月12日,,,科乐美,https://zh.wikipedia.org/wiki/%E6%BF%80%E9%BE%9F%E5%BF%8D%E8%80%85%E4%BC%A0,
FC,Family Computer,吞食天地,Tenchi wo Kurau,天地を喰らう,1989年5月19日,,,卡普空,https://zh.wikipedia.org/wiki/%E5%90%9E%E9%A3%9F%E5%A4%A9%E5%9C%B0_(FC),https://zh.wikipedia.org/wiki/%E5%8D%A1%E6%99%AE%E7%A9%BA
FC,Family Computer,明星棒球赛：目标三冠王,Baseball Star - Mezase Sankanou!!,ベースボールスター めざせ三冠王,1989年5月19日,,,SNK,,
FC,Family Computer,超级中国人2：龙孩儿,Super Chinese 2 - Dragon Kid,スーパーチャイニーズ2 ドラゴンキッド,1989年5月26日,,,Culture Brain,,
FC,Family Computer,军人将棋,Kaettekita! Gunjin Shougi - Nanya Sore!,帰って来た!軍人将棋 なんやそれ?,1989年5月26日,,,ソフエル,,
FC,Family Computer,1943 中途岛海战,1943,1943,1989年6月20日,,,卡普空,https://zh.wikipedia.org/wiki/1943_%E4%B8%AD%E9%80%94%E5%B3%B6%E6%B5%B7%E6%88%B0,
FC,Family Computer,偶像大冒险,Rasaaru Ishii no Childs Quest,ラサール石井のチャイルズクエスト,1989年6月23日,,,南梦宫,,
FC,Family Computer,SD钢弹扭蛋战士2：胶囊战记,SD Gundam - Gachapon Senshi 2 - Capsule Senki,SDガンダムワールド ガチャポン戦士2 カプセル戦記,1989年6月25日,,,万代,,
FC,Family Computer,解谜大作战,Quinty,クインティ,1989年6月27日,,,南梦宫,,
FC,Family Computer,谋杀俱乐部,Murder Club,マーダークラブ JBハロルドの事件簿,1989年6月30日,,,Seta,,
FC,Family Computer,脱狱 -囚犯的战争-,Datsugoku - Prisoners of War,脱獄,1989年6月30日,,,K. Amusement Leasing,https://zh.wikipedia.org/wiki/%E8%84%B1%E7%8B%B1_-%E5%9B%9A%E7%8A%AF%E7%9A%84%E6%88%98%E4%BA%89-,
FC,Family Computer,龙之忍者,Dragon Ninja,ドラゴンニンジャ,1989年7月14日,,,南梦宫,,
FC,Family Computer,白狮子传说,White Lion Densetsu,ホワイトライオン伝説 ピラミッドの彼方に,1989年7月14日,,,KEMCO,,
FC,Family Computer,围棋指南,Igo Shinan,囲碁指南,1989年7月14日,,,Hect,,
FC,Family Computer,威洛之旅,Willow,ウィロー WILLOW,1989年7月18日,,,卡普空,,
FC,Family Computer,必杀道场,Hissatsu Doujou Yaburi,必殺道場破り,1989年7月18日,,,シグマ商事,,
FC,Family Computer,天下第一武士,Tenkaichi Bushi - Keru Naguuru,天下一武士 ケルナグール,1989年7月21日,,,南梦宫,,
FC,Family Computer,究极棒球平成元年版,Kyuukyoku Harikiri Stadium - Heisei Gannen Ban,究極ハリキリスタジアム 平成元年版,1989年7月21日,,,太东,,
FC,Family Computer,全美职业篮球,Zenbei!! Pro Basketball,全米プロバスケット,1989年7月21日,,,VIC东海,https://zh.wikipedia.org/wiki/%E5%85%A8%E7%BE%8E%E8%81%8C%E4%B8%9A%E7%AF%AE%E7%90%83,
FC,Family Computer,封印之剑,Faria,ファリア 封印の剣,1989年7月21日,,,ハイスコアメディアワーク,,
FC,Family Computer,美味之旅：究极菜单三本胜负,Oishinbo,美味しんぼ 究極のメニュー三本勝負,1989年7月25日,,,万代,,
FC,Family Computer,完美保龄球,Perfect Bowling,パーフェクトボウリング,1989年7月25日,,,トンキンハウス[东京书籍],,
FC,Family Computer,地球冒险,Mother,MOTHER,1989年7月27日,,,任天堂,https://zh.wikipedia.org/wiki/%E5%9C%B0%E7%90%83%E5%86%92%E9%9A%AA,https://zh.wikipedia.org/wiki/%E4%BB%BB%E5%A4%A9%E5%A0%82
FC,Family Computer,新燃烧棒球,Shin Moero!! Pro Yakyuu,新・燃えろ!!プロ野球,1989年7月27日,,,Jaleco,,
FC,Family Computer,明星职棒89开幕版,Famista '89 - Kaimaku Ban!!,ファミスタ'89 開幕版!!,1989年7月28日,,,南梦宫,,
FC,Family Computer,鬼屋历险,Splatter House - Wanpaku Graffiti,スプラッターハウス わんぱくグラフィティ,1989年7月31日,,,南梦宫,,
FC,Family Computer,宇宙模拟战,Cosmic Wars,コズミックウォーズ,1989年8月4日,,,科乐美,,
FC,Family Computer,究极虎,Twin Cobra,究極タイガー,1989年8月4日,,,CBS・ソニー,,
FC,Family Computer,第三野球部,Meimon! Dai San Yakyuu Bu,名門!第三野球部,1989年8月8日,,,万代,,
FC,Family Computer,疯狂老哥,Moeru! Oniisan,燃える!お兄さん,1989年8月8日,,,东宝,,https://zh.wikipedia.org/wiki/%E4%B8%9C%E5%AE%9D
FC,Family Computer,美鲁拜尔之炎,Melville's Flame,ムーランルージュ戦記 メルヴィルの炎,1989年8月11日,,,学习研究社,,https://zh.wikipedia.org/wiki/%E5%AD%A6%E7%A0%94%E3%83%9B%E3%83%BC%E3%83%AB%E3%83%87%E3%82%A3%E3%83%B3%E3%82%B0%E3%82%B9
FC,Family Computer,武田信玄2,Takeda Shingen 2,武田信玄2,1989年8月21日,,,HOT-B,,
FC,Family Computer,四驱车,Racer Mini Yonku - Japan Cup,レーサーミニ四駆 ジャパンカップ,1989年8月25日,,,科乐美,,
FC,Family Computer,ED队长,Captain Ed,Captain ED（キャプテン・エド）,1989年8月25日,,,CBS・ソニー,,
FC,Family Computer,机器战警,Robocop,ロボコップ,1989年8月25日,,,Data East,,
FC,Family Computer,激斗摔角,Gekitou Puroresu!! - Toukon Densetsu,激闘プロレス!!闘魂伝説,1989年9月1日,,,特库摩,,https://zh.wikipedia.org/wiki/%E7%89%B9%E5%BA%93%E6%91%A9
FC,Family Computer,偶像八犬传,Idol Hakkenden,アイドル八犬伝,1989年9月14日,,,トーワチキ,,
FC,Family Computer,将棋指南3,Tanigawa Kouji no Shougi Shinan 3,谷川浩司の将棋指南III,1989年9月14日,,,波丽佳音,,https://zh.wikipedia.org/wiki/%E6%B3%A2%E9%BA%97%E4%BD%B3%E9%9F%B3
FC,Family Computer,玛尔莎之女,Marusa no Onna,マルサの女,1989年9月19日,,,卡普空,,
FC,Family Computer,创世纪IV：圣者传奇,Ultima - Seija heno Michi,ウルティマ 聖者への道,1989年9月20日,,,波丽佳音,https://zh.wikipedia.org/wiki/%E5%88%9B%E4%B8%96%E7%BA%AAIV%EF%BC%9A%E5%9C%A3%E8%80%85%E4%BC%A0%E5%A5%87,
FC,Family Computer,中华大仙,Chuka Taisen,中華大仙,1989年9月22日,,,太东,,
FC,Family Computer,美国之梦,American Dream,アメリカンドリーム,1989年9月23日,,,Coconuts Japan,,
FC,Family Computer,兵蜂3 波克波克大魔王,TwinBee 3 - Poko Poko Dai Maou,ツインビー3 ポコポコ大魔王,1989年9月29日,,,科乐美,https://zh.wikipedia.org/wiki/%E5%85%B5%E8%9C%823_%E6%B3%A2%E5%85%8B%E6%B3%A2%E5%85%8B%E5%A4%A7%E9%AD%94%E7%8E%8B,
FC,Family Computer,游戏空间/小猪仓库番,Okkotoshi Puzzle - Tonjan!,落っことしパズル とんじゃん!?,1989年9月29日,,,Jaleco,,
FC,Family Computer,印度战记,Maharaja,マハラジャ,1989年9月29日,,,Sun电子,,
FC,Family Computer,恶魔招待状,Akuma no Shoutaijou,悪魔の招待状,1989年9月29日,,,KEMCO,,
FC,Family Computer,明治维新,Meiji Ishin,明治維新,1989年9月29日,,,ユース,,
FC,Family Computer,雷鸟号,Thunderbirds,サンダーバード,1989年9月29日,,,Pack-In-Video,,
FC,Family Computer,甲子园,Koushien,甲子園,1989年10月6日,,,K. Amusement Leasing,,
FC,Family Computer,世界杯网球赛,World Super Tennis,ワールドスーパーテニス,1989年10月13日,,,Asmik,,
FC,Family Computer,金星战记,Venus Senki,ヴィナス戦記,1989年10月14日,,,バリエ,,
FC,Family Computer,北斗神拳3：新世纪创造-凄拳列传,Hokuto no Ken 3 - Shin Seiki Souzou Seiken Restuden,北斗の拳3 新世紀創造 凄拳烈伝,1989年10月19日,,,东映动画,,https://zh.wikipedia.org/wiki/%E4%B8%9C%E6%98%A0%E5%8A%A8%E7%94%BB
FC,Family Computer,七龙珠3 悟空传,Dragon Ball 3 - Gokuu Den,ドラゴンボール3 悟空伝,1989年10月27日,,,万代,https://zh.wikipedia.org/wiki/%E4%B8%83%E9%BE%99%E7%8F%A03_%E6%82%9F%E7%A9%BA%E4%BC%A0,
FC,Family Computer,职棒大联盟,Major League,メジャーリーグ,1989年10月27日,,,Irem,,
FC,Family Computer,垒球天国,Softball Tengoku,ソフトボール天国,1989年10月27日,,,トンキンハウス[东京书籍],,
FC,Family Computer,超人棒球,Choujin - Ultra Baseball,超人ウルトラベースボール,1989年10月27日,,,Culture Brain,,
FC,Family Computer,田代君,Tashiro Masashi no Princess ga Ippai,田代まさしのプリンセスがいっぱい,1989年10月27日,,,Epic-Sony,,
FC,Family Computer,麻雀大会,Mahjong Taikai,麻雀大会,1989年10月31日,,,光荣,,
FC,Family Computer,海滩排球,V'Ball US Championship,V'BALL,1989年11月10日,,,Technōs Japan,,
FC,Family Computer,巫术魔洞：魔剑的元素,Dungeon & Magic - Swords of Element,ダンジョン&マジック,1989年11月10日,,,Natsume,,https://zh.wikipedia.org/wiki/Natsume
FC,Family Computer,弥次喜多珍道中,Gozonji - Yaji Kita Chin Douchuu,御存知弥次喜多珍道中,1989年11月17日,,,HAL研究所,,https://zh.wikipedia.org/wiki/HAL%E7%A0%94%E7%A9%B6%E6%89%80
FC,Family Computer,忍者警察,Ninja Cop Saizou,忍者COP サイゾウ,1989年11月17日,,,九娯贸易,,
FC,Family Computer,寺尾大相扑,Terao no Dosukoi Oozumou,寺尾のどすこい大相撲,1989年11月24日,,,Jaleco,,
FC,Family Computer,宇宙战机,Cosmic Epsilon,コズミックイプシロン,1989年11月24日,,,Asmik,,
FC,Family Computer,拉斯维加斯-我爱赌城,Vegas Connection - Casino Kara Ai wo Komete,ベガスコネクション カジノより愛をこめて,1989年11月24日,,,シグマ商事,,
FC,Family Computer,高尔夫公开赛,Golf Ko Open,ゴルフッ子オープン,1989年11月25日,,,太东,,
FC,Family Computer,激突四驱车,Gekitotsu Yonku Battle,激突四駆バトル,1989年11月27日,,,Irem,,
FC,Family Computer,史克威尔的汤姆·索亚,Square no Tom Sawyer,スクウェアのトム・ソーヤ,1989年11月30日,,,史克威尔,https://zh.wikipedia.org/wiki/%E5%8F%B2%E5%85%8B%E5%A8%81%E5%B0%94%E7%9A%84%E6%B1%A4%E5%A7%86%C2%B7%E7%B4%A2%E4%BA%9A,https://zh.wikipedia.org/wiki/%E5%8F%B2%E5%85%8B%E5%A8%81%E5%B0%94
FC,Family Computer,抢救人质,Hostages - The Embassy Mission,ホステージ,1989年12月1日,,,KEMCO,,
FC,Family Computer,多古西加油团/硬派六人众,Meimon! Takonishi Ouendan - Kouha 6 Nin Shuu,名門!多古西応援団,1989年12月1日,,,Asmik,,
FC,Family Computer,三军大作战,Conflict,コンフリクト,1989年12月1日,,,VIC东海,,
FC,Family Computer,道,Tao,道（TAO）,1989年12月1日,,,VAP,,https://zh.wikipedia.org/wiki/VAP
FC,Family Computer,未来战史,Mirai Senshi - Lios,未来戦史ライオス,1989年12月1日,,,Pack-In-Video,,
FC,Family Computer,小松先生,Osomatsu Kun,おそ松くん バックツーザミーの出っ歯,1989年12月8日,,,万代,,
FC,Family Computer,追踪HQ,Chase H.Q.,タイトー チェイスH.Q.,1989年12月8日,,,太东,,
FC,Family Computer,星云狩猎,Seirei Gari,星霊狩り,1989年12月8日,,,Hudson Soft,,https://zh.wikipedia.org/wiki/Hudson_Soft
FC,Family Computer,新里见八犬传：光明与黑暗的战争,Shin Satomi Hakken-Den - Hikari to Yami no Tatakai,新・里見八犬伝 光と闇の戦い,1989年12月8日,,,东映动画,,
FC,Family Computer,打地鼠,Super Mogura Tataki!! - Pokkun Moguraa,スーパーもぐらたたき ぽっくんモグラー,1989年12月8日,,,アイジーエス,,
FC,Family Computer,超级职业摔角,Superstar Pro Wrestling,スーパースタープロレスリング,1989年12月9日,,,波丽佳音,,
FC,Family Computer,捍卫战士2/凌云壮志2,Top Gun - Dual Fighters,トップガン2 デュアルファイターズ,1989年12月15日,,,科乐美,,
FC,Family Computer,弹珠柜高手,Pinball Quest,ピンボールクエスト,1989年12月15日,,,Jaleco,,
FC,Family Computer,智慧方块,Flipull - An Exciting Cube Game,フリップル,1989年12月15日,,,太东,,
FC,Family Computer,甜蜜之家,Sweet Home,スウィートホーム,1989年12月15日,,,卡普空,https://zh.wikipedia.org/wiki/%E7%94%9C%E8%9C%9C%E4%B9%8B%E5%AE%B6_(%E9%81%8A%E6%88%B2),
FC,Family Computer,神仙传,Shinsenden,神仙伝,1989年12月15日,,,Irem,,
FC,Family Computer,绝对合体,Abadox,アバドックス,1989年12月15日,,,Natsume,,
FC,Family Computer,任天堂野球盘,Famicom Yakyuu Ban,ファミコン野球盤,1989年12月15日,,,エポック社,,
FC,Family Computer,白熊历险记,Famicom Doubutsu Seitai Zukan! - Katte ni Shirokuma - Mori wo Sukue no Maki!,かってにシロクマ もりをすくえのまき,1989年12月15日,,,CBS・ソニー,,
FC,Family Computer,激斗棒球,Gekitou Stadium!!,激闘スタジアム!!,1989年12月15日,,,特库摩,,
FC,Family Computer,明星职棒90年度版,Famista '90,ファミスタ'90,1989年12月19日,,,南梦宫,,
FC,Family Computer,软垒大赛,I Love Softball,I LOVE ソフトボール,1989年12月19日,,,Coconuts Japan,,
FC,Family Computer,10倍职业棒球,Emoyan no 10-Bai Pro Yakyuu,エモやんの10倍プロ野球,1989年12月19日,,,Hect,,
FC,Family Computer,美式橄榄球四分位,Quarter Back Scramble,クォーターバックスクランブル,1989年12月19日,,,波丽佳音,,
FC,Family Computer,金钱游戏2,The Money Game 2 - Kabutochou no Kiseki,ザ・マネーゲームII 兜町の奇跡,1989年12月20日,,,ソフエル,,
FC,Family Computer,战王之王,The Lord of King,ザ・ロードオブキング,1989年12月21日,,,Jaleco,,
FC,Family Computer,老鼠小子,Mappy Kids,マッピーキッズ,1989年12月22日,,,南梦宫,,
FC,Family Computer,恶魔城传说,Akumajou Densetsu,悪魔城伝説,1989年12月22日,,,科乐美,https://zh.wikipedia.org/wiki/%E6%83%A1%E9%AD%94%E5%9F%8E%E5%82%B3%E8%AA%AA,
FC,Family Computer,蝙蝠侠,Batman,バットマン,1989年12月22日,,,Sun电子,https://zh.wikipedia.org/wiki/%E8%9D%99%E8%9D%A0%E4%BE%A0%EF%BC%9A%E7%94%B5%E5%AD%90%E6%B8%B8%E6%88%8F,
FC,Family Computer,双截龙II 复仇,Double Dragon 2 - The Revenge,ダブルドラゴンII ザ・リベンジ,1989年12月22日,,,Technōs Japan,https://zh.wikipedia.org/wiki/%E9%9B%99%E6%88%AA%E9%BE%8DII_%E5%BE%A9%E4%BB%87,
FC,Family Computer,TM Network现场演奏会,Live in Power Bowl - TM Network,TM NETWORK LIVE IN POWER BOWL,1989年12月22日,,,Epic-Sony,,
FC,Family Computer,中国雀士故事：东风,Chuugoku Janshi Story - Tonpuu,中国雀士ストーリー 東風,1989年12月23日,,,Natsume,,
FC,Family Computer,大力士的光荣2：泰坦的灭亡/斗人魔境传2,Herakles no Eikou 2 - Titan no Metsubou,ヘラクレスの栄光II タイタンの滅亡,1989年12月23日,,,Data East,,
FC,Family Computer,超级橄榄球,Super Rugby,スーパーラグビー,1989年12月27日,,,T.S.S.,,
FC,Family Computer,大盗伍佑卫门外传：消失的黄金烟斗,Ganbare Goemon Gaiden - Kieta Ougon Kiseru,がんばれゴエモン外伝 きえた黄金キセル,1990年1月5日,,,科乐美,,https://zh.wikipedia.org/wiki/%E7%A7%91%E6%A8%82%E7%BE%8E%E6%95%B8%E4%BD%8D%E5%A8%9B%E6%A8%82
FC,Family Computer,蛋王子,Adventures of Lolo,アドベンチャーズ オブ ロロ,1990年1月6日,,,HAL研究所,,https://zh.wikipedia.org/wiki/HAL%E7%A0%94%E7%A9%B6%E6%89%80
FC,Family Computer,围棋名鉴,Igo Meikan,囲碁名鑑,1990年1月10日,,,青木书店,,https://zh.wikipedia.org/wiki/%E9%9D%92%E6%9C%A8%E4%B9%A6%E5%BA%97
FC,Family Computer,唐老鸭梦冒险,Wanpaku Duck Yume Bouken,わんぱくダック夢冒険,1990年1月26日,,,卡普空,https://zh.wikipedia.org/wiki/%E5%94%90%E8%80%81%E9%B8%AD%E6%A2%A6%E5%86%92%E9%99%A9,https://zh.wikipedia.org/wiki/%E5%8D%A1%E6%99%AE%E7%A9%BA
FC,Family Computer,超级魂斗罗,Super Contra,スーパー魂斗羅,1990年2月2日,,,科乐美,https://zh.wikipedia.org/wiki/%E8%B6%85%E7%BA%A7%E9%AD%82%E6%96%97%E7%BD%97,
FC,Family Computer,凯迪拉克,Cadillac,キャデラック,1990年2月2日,,,Hect,,
FC,Family Computer,信长之野望·战国群雄传,Nobunaga no Yabou - Sengoku Gunyuu Den,信長の野望・戦国群雄伝,1990年2月3日,,,光荣,https://zh.wikipedia.org/wiki/%E4%BF%A1%E9%95%BF%E4%B9%8B%E9%87%8E%E6%9C%9B%C2%B7%E6%88%98%E5%9B%BD%E7%BE%A4%E9%9B%84%E4%BC%A0,https://zh.wikipedia.org/wiki/%E5%85%89%E6%A6%AE%E5%85%AC%E5%8F%B8
FC,Family Computer,危险刑警,Mottomo Abunai Deka,もっともあぶない刑事,1990年2月6日,,,东映动画,,https://zh.wikipedia.org/wiki/%E4%B8%9C%E6%98%A0%E5%8A%A8%E7%94%BB
FC,Family Computer,勇者斗恶龙IV 被引导的人们,Dragon Quest IV - Michibikareshi Monotachi,ドラゴンクエストIV 導かれし者たち,1990年2月11日,,,艾尼克斯,https://zh.wikipedia.org/wiki/%E5%8B%87%E8%80%85%E6%96%97%E6%81%B6%E9%BE%99IV_%E8%A2%AB%E5%BC%95%E5%AF%BC%E7%9A%84%E4%BA%BA%E4%BB%AC,https://zh.wikipedia.org/wiki/%E8%89%BE%E5%B0%BC%E5%85%8B%E6%96%AF
FC,Family Computer,人间兵器,Ningen Heiki - Dead Fox,人間兵器 デッドフォックス,1990年2月23日,,,卡普空,https://zh.wikipedia.org/wiki/%E4%BA%BA%E9%97%B4%E5%85%B5%E5%99%A8,
FC,Family Computer,奇天烈大百科,Kiteretsu Dai Hyakka,キテレツ大百科,1990年2月23日,,,エポック社,,
FC,Family Computer,北极星,Arctic,アークティック,1990年2月23日,,,波丽佳音,,https://zh.wikipedia.org/wiki/%E6%B3%A2%E9%BA%97%E4%BD%B3%E9%9F%B3
FC,Family Computer,恶魔君：魔界的陷阱,Akuma Kun - Makai no Wana,悪魔くん 魔界の罠,1990年2月24日,,,万代,,https://zh.wikipedia.org/wiki/%E4%B8%87%E4%BB%A3
FC,Family Computer,战斗龙单位,Dragon Unit,ドラゴンユニット,1990年2月27日,,,アテナ,,
FC,Family Computer,西村京太郎神秘系列：超级特快车杀人事件,Nishimura Kyoutarou Mystery - Super Express Satsujin Jiken,西村京太郎ミステリー スーパーエクスプレス殺人事件,1990年3月2日,,,Irem,,https://zh.wikipedia.org/wiki/Irem
FC,Family Computer,经营者的选择,President no Sentaku,プレジデントの選択,1990年3月2日,,,HOT-B,,
FC,Family Computer,午夜攻击/重装战士,Heavy Barrel,ヘビーバレル,1990年3月2日,,,Data East,,
FC,Family Computer,摩艾君,Moai Kun,モアイくん,1990年3月9日,,,科乐美,,
FC,Family Computer,木匠兄弟,Don Doko Don,ドンドコドン,1990年3月9日,,,太东,,https://zh.wikipedia.org/wiki/%E5%A4%AA%E6%9D%B1
FC,Family Computer,巫术III：钻石骑士,Wizardry III - The Knight of Diamonds,ウィザードリィIII ダイヤモンドの騎士,1990年3月9日,,,ASCII,https://zh.wikipedia.org/wiki/%E5%B7%AB%E6%9C%AFII%EF%BC%9A%E9%92%BB%E7%9F%B3%E9%AA%91%E5%A3%AB,https://zh.wikipedia.org/wiki/ASCII_(%E4%BC%81%E6%A5%AD)
FC,Family Computer,假面忍者花丸,Kamen no Ninja - Hanamaru,仮面の忍者 花丸,1990年3月16日,,,卡普空,,
FC,Family Computer,梦幻战机,Image Fight,イメージファイト,1990年3月16日,,,Irem,https://zh.wikipedia.org/wiki/%E5%A4%A2%E5%B9%BB%E6%88%B0%E9%AC%A5,
FC,Family Computer,怒3,Ikari 3,怒III,1990年3月16日,,,K. Amusement Leasing,,
FC,Family Computer,竞马必胜学,Isaki Shuugorou no Keiba Hisshou Gaku,井崎脩五郎の競馬必勝学,1990年3月20日,,,Imagineer,,
FC,Family Computer,魔神英雄传,Majin Eiyuu Den Wataru Gaiden,魔神英雄伝ワタル外伝,1990年3月23日,,,Hudson Soft,,https://zh.wikipedia.org/wiki/Hudson_Soft
FC,Family Computer,育龙战记,Sansaara Naaga,サンサーラ・ナーガ,1990年3月23日,,,Victor音乐产业,,https://zh.wikipedia.org/wiki/Victor_Entertainment
FC,Family Computer,寻宝大进击,Boulder Dash,バルダーダッシュ,1990年3月23日,,,Data East,,
FC,Family Computer,魍魉战记：魔陀罗,Mouryou Senki Madara,魍魎戦記MADARA,1990年3月30日,,,科乐美,,
FC,Family Computer,亚斯基职业棒球,Best Play Pro Yakyuu 2,ベストプレープロ野球II,1990年3月30日,,,ASCII,,
FC,Family Computer,弹力足球,Power Soccer,パワーサッカー,1990年3月30日,,,德间书店,,https://zh.wikipedia.org/wiki/%E5%BE%B7%E9%96%93%E6%9B%B8%E5%BA%97
FC,Family Computer,数字恶魔物语 女神转生II,Digital Devil Story - Megami Tensei 2,デジタル・デビル物語 女神転生II,1990年4月6日,,,南梦宫,https://zh.wikipedia.org/wiki/%E6%95%B0%E5%AD%97%E6%81%B6%E9%AD%94%E7%89%A9%E8%AF%AD_%E5%A5%B3%E7%A5%9E%E8%BD%AC%E7%94%9FII,https://zh.wikipedia.org/wiki/%E5%8D%97%E6%A2%A6%E5%AE%AB
FC,Family Computer,深入地下城4：黑色妖术师,Deep Dungeon 4 - Kuro no Youjutsushi,ディープダンジョンIV 黒の妖術師,1990年4月6日,,,Asmik,,
FC,Family Computer,忍者龙剑传II 暗黑的邪神剑,Ninja Ryukenden 2 - Ankoku no Jashin Ken,忍者龍剣伝II 暗黒の邪神剣,1990年4月6日,,,特库摩,https://zh.wikipedia.org/wiki/%E5%BF%8D%E8%80%85%E9%BE%99%E5%89%91%E4%BC%A0II_%E6%9A%97%E9%BB%91%E7%9A%84%E9%82%AA%E7%A5%9E%E5%89%91,https://zh.wikipedia.org/wiki/%E7%89%B9%E5%BA%93%E6%91%A9
FC,Family Computer,怪兽超人俱乐部2：归来吧怪兽超人俱乐部,Ultraman Club 2 - Kaettekita Ultraman Club,ウルトラマン倶楽部2 帰ってきたウルトラマン倶楽部,1990年4月7日,,,万代,,
FC,Family Computer,射击方块,Quarth,クォース,1990年4月13日,,,科乐美,,
FC,Family Computer,机甲战士：新的战役,Gun Hed,ガンヘッド 新たなる戦い,1990年4月13日,,,バリエ,,
FC,Family Computer,天神之剑：遥远地天空奏鸣曲,God Slayer - Haruka Tenkuu no Sonata,ゴッドスレイヤー はるか天空のソナタ,1990年4月13日,,,SNK,,https://zh.wikipedia.org/wiki/SNK
FC,Family Computer,火焰之纹章 暗黑龙与光之剑,Fire Emblem - Ankokuryu to Hikari no Ken,ファイアーエムブレム 暗黒竜と光の剣,1990年4月20日,,,任天堂,https://zh.wikipedia.org/wiki/%E7%81%AB%E7%84%B0%E4%B9%8B%E7%BA%B9%E7%AB%A0_%E6%9A%97%E9%BB%91%E9%BE%99%E4%B8%8E%E5%85%89%E4%B9%8B%E5%89%91,https://zh.wikipedia.org/wiki/%E4%BB%BB%E5%A4%A9%E5%A0%82
FC,Family Computer,能源战士,Power Blazer,パワーブレイザー,1990年4月20日,,,太东,,
FC,Family Computer,SD大相扑：平成英雄场所,SD Battle Oozumou - Heisei Hero Basho,SDバトル大相撲 平成ヒーロー場所,1990年4月20日,,,帕布雷斯特,,https://zh.wikipedia.org/wiki/%E5%B8%95%E5%B8%83%E9%9B%B7%E6%96%AF%E7%89%B9
FC,Family Computer,胜马传说,Kurogane Hiroshi no Yosou Daisuki! - Kachiuma Densetsu,黒鉄ヒロシの予想大好き! 勝馬伝説,1990年4月20日,,,日本物产,,https://zh.wikipedia.org/wiki/%E6%97%A5%E6%9C%AC%E7%89%A9%E7%94%A2
FC,Family Computer,最终幻想III,Final Fantasy III,ファイナルファンタジーIII,1990年4月27日,,,史克威尔,https://zh.wikipedia.org/wiki/%E6%9C%80%E7%BB%88%E5%B9%BB%E6%83%B3III,https://zh.wikipedia.org/wiki/%E5%8F%B2%E5%85%8B%E5%A8%81%E5%B0%94
FC,Family Computer,影狼传说,Kagerou Densetsu,影狼伝説,1990年5月11日,,,ピクセル,,
FC,Family Computer,奇幻大冒险,Castle Quest,キャッスルクエスト,1990年5月18日,,,Hudson Soft,,
FC,Family Computer,热血足球,Nekketsu Koukou Dodgeball Bu - Soccer Hen,熱血高校ドッジボール部サッカー編,1990年5月18日,,,Technōs Japan,https://zh.wikipedia.org/wiki/%E7%83%AD%E8%A1%80%E8%B6%B3%E7%90%83,https://zh.wikipedia.org/wiki/Techn%C5%8Ds_Japan
FC,Family Computer,伊苏II 失落的伊苏古国 终章,Ys 2 - Ancient Ys Vanished The Final Chapter,イースII,1990年5月25日,,,Victor音乐产业,https://zh.wikipedia.org/wiki/%E4%BC%8A%E8%8B%8FII_%E5%A4%B1%E8%90%BD%E7%9A%84%E4%BC%8A%E8%8B%8F%E5%8F%A4%E5%9B%BD_%E7%BB%88%E7%AB%A0,
FC,Family Computer,马券必胜学,Baken Hisshou Gaku - Gate In,馬券必勝学 ゲートイン,1990年5月25日,,,K. Amusement Leasing,,
FC,Family Computer,茶茶丸击魔传：梦幻的金魔城,Jajamaru Gekimaden - Maboroshi no Kinmajou,じゃじゃ丸撃魔伝,1990年5月29日,,,Jaleco,,https://zh.wikipedia.org/wiki/Jaleco
FC,Family Computer,松鼠大作战,Chip to Dale no Dai Sakusen,チップとデールの大作戦,1990年6月8日,,,卡普空,https://zh.wikipedia.org/wiki/%E6%9D%BE%E9%BC%A0%E5%A4%A7%E4%BD%9C%E6%88%B0,
FC,Family Computer,卫刺野郎,Dash Yarou,ダッシュ野郎,1990年6月15日,,,ビスコ,,
FC,Family Computer,大海战,Battle Fleet,バトルフリート,1990年6月22日,,,南梦宫,,
FC,Family Computer,最后任务/飞天魂斗罗,Final Mission,ファイナルミッション,1990年6月22日,,,Natsume,,https://zh.wikipedia.org/wiki/Natsume
FC,Family Computer,水浒传·天命之誓,Suikoden - Tenmei no Chikai,水滸伝・天命の誓い,1990年6月25日,,,光荣,https://zh.wikipedia.org/wiki/%E6%B0%B4%E6%BB%B8%E5%82%B3%C2%B7%E5%A4%A9%E5%91%BD%E4%B9%8B%E8%AA%93,
FC,Family Computer,燃烧柔道,Moero!! Juudou Warriors,燃えろ!!柔道WARRIORS,1990年6月29日,,,Jaleco,,
FC,Family Computer,迷宫岛,Meikyuu Jima,迷宮島,1990年6月29日,,,Irem,,
FC,Family Computer,飞龙之拳3：5人的龙战士,Hiryuu no Ken III - 5 Nin no Ryuu Senshi,飛龍の拳III 5人の龍戦士,1990年7月6日,,,Culture Brain,,
FC,Family Computer,帽子方块,Hatris,ハットリス,1990年7月6日,,,BPS,,
FC,Family Computer,骰子方块,Palamedes,パラメデス,1990年7月6日,,,HOT-B,,
FC,Family Computer,SD英雄总决战-打倒邪恶的军团,SD Hero Soukessen - Taose! Aku no Gundan,SDヒーロー総決戦 倒せ!悪の軍団,1990年7月7日,,,帕布雷斯特,,
FC,Family Computer,维兹超人,Wit's,Wit's,1990年7月13日,,,アテナ,,
FC,Family Computer,无赖战士,Burai Fighter,ブライファイター,1990年7月20日,,,太东,,
FC,Family Computer,兽王记,Juuouki,獣王記,1990年7月20日,,,Asmik,https://zh.wikipedia.org/wiki/%E5%85%BD%E7%8E%8B%E8%AE%B0,
FC,Family Computer,物产麻将,Nichibutsu Mahjong 3 - Mahjong G Men,マージャンGメン ニチブツマージャンIII,1990年7月20日,,,日本物产,,https://zh.wikipedia.org/wiki/%E6%97%A5%E6%9C%AC%E7%89%A9%E7%94%A2
FC,Family Computer,天使之翼2：超级射门员/足球小将2,Captain Tsubasa Vol 2 - Super Striker,キャプテン翼II スーパーストライカー,1990年7月20日,,,特库摩,,
FC,Family Computer,魔城奇兵：三次元迷宫的狂兽,Solstice - Sanjigen Meikyu no Kyoju,ソルスティス 三次元迷宮の狂獣,1990年7月20日,,,Epic-Sony,,https://zh.wikipedia.org/wiki/Epic_Records_Japan
FC,Family Computer,全垒打王90,Home Run Nighter '90 - The Pennant League,ホームランナイター'90,1990年7月24日,,,Data East,,
FC,Family Computer,马力欧医生,Dr. Mario,Dr.マリオ,1990年7月27日,,,任天堂,https://zh.wikipedia.org/wiki/%E9%A9%AC%E9%87%8C%E5%A5%A5%E5%8C%BB%E7%94%9F,
FC,Family Computer,燃烧棒球90感动篇,Moe Pro! '90 - Kandou Hen,燃えプロ'90感動編,1990年7月27日,,,Jaleco,,
FC,Family Computer,激斗圣战士,Bikkuriman World - Gekitou Sei Senshi,ビックリマンワールド 激闘聖戦士,1990年7月27日,,,Hudson Soft,,
FC,Family Computer,狙击13：第二章-伊卡尔斯之谜,Golgo 13 - The Riddle of Icarus,ゴルゴ13 第二章イカロスの謎,1990年7月27日,,,VIC东海,,
FC,Family Computer,遗迹行星的野望,Sted - Iseki Wakusei no Yabou,ステッドSTED 遺跡惑星の野望,1990年7月27日,,,K. Amusement Leasing,,
FC,Family Computer,魔法门I：心灵圣地之谜,Might and Magic,マイト・アンド・マジック,1990年7月31日,,,学研,https://zh.wikipedia.org/wiki/%E9%AD%94%E6%B3%95%E9%97%A8I%EF%BC%9A%E5%BF%83%E7%81%B5%E5%9C%A3%E5%9C%B0%E4%B9%8B%E8%B0%9C,https://zh.wikipedia.org/wiki/%E5%AD%A6%E7%A0%94%E3%83%9B%E3%83%BC%E3%83%AB%E3%83%87%E3%82%A3%E3%83%B3%E3%82%B0%E3%82%B9
FC,Family Computer,兔宝宝,Happy Birthday Bugs,ハッピーバースディ・バックス,1990年8月3日,,,KEMCO,,
FC,Family Computer,游戏大会,Game Party,ゲームパーティー,1990年8月3日,,,Coconuts Japan,,
FC,Family Computer,街头快打2010,Street Fighter 2010,2010 ストリートファイター,1990年8月8日,,,卡普空,,
FC,Family Computer,忍者男孩,Ninjara Hoi!,忍者らホイ!,1990年8月8日,,,ASCII,,
FC,Family Computer,星际魂斗罗/最终殖民地,Raf World,ラフワールド,1990年8月10日,,,Sun电子,https://zh.wikipedia.org/wiki/%E6%98%9F%E9%99%85%E9%AD%82%E6%96%97%E7%BD%97,
FC,Family Computer,日本第一名监督,Nihonichi no Mei Kantoku,日本一の名監督,1990年8月10日,,,Asmik,,
FC,Family Computer,赤影战士,Shadow of the Ninja,闇の仕事人 KAGE,1990年8月10日,,,Natsume,https://zh.wikipedia.org/wiki/%E8%B5%A4%E5%BD%B1%E6%88%98%E5%A3%AB,
FC,Family Computer,龙之斗士,Dragon Fighter,ドラゴンファイター,1990年8月10日,,,トーワチキ,,
FC,Family Computer,钓鱼太郎,Kawa no Nushi Tsuri,川のぬし釣り,1990年8月10日,,,Pack-In-Video,,
FC,Family Computer,泰坦,Titan,TITAN,1990年8月10日,,,ソフエル,,
FC,Family Computer,平行世界,Parallel World,ぱられるワールド,1990年8月10日,,,バリエ,,
FC,Family Computer,机器人引导赛,Peepar Time,ピーパータイム,1990年8月10日,,,サンリツ电気,,
FC,Family Computer,SD钢弹外传：骑士钢弹物语,SD Gundam Gaiden - Knight Gundam Monogatari,SDガンダム外伝 ナイトガンダム物語,1990年8月11日,,,万代,,
FC,Family Computer,布洛蒂亚之地-解谜任务,Blodia Land - Puzzle Quest,ブロディアランド,1990年8月11日,,,トンキンハウス[东京书籍],,
FC,Family Computer,孔雀王2,Kujaku Ou 2,孔雀王II,1990年8月21日,,,波丽佳音,,
FC,Family Computer,上海2,Shanghai 2,上海II,1990年8月24日,,,Sun电子,,
FC,Family Computer,魔天童子,Matendouji,魔天童子,1990年8月24日,,,クエスト,,
FC,Family Computer,雀豪,Jangou,雀豪,1990年8月30日,,,Victor音乐产业,,
FC,Family Computer,迷宫小子,Dungeon Kid,ダンジョンキッド,1990年8月31日,,,クエスト,,
FC,Family Computer,宇宙警备队SDF,Uchuu Keibitai SDF,宇宙警備隊SDF,1990年9月7日,,,HAL研究所,,
FC,Family Computer,SD战国武将传,SD Sengoku Bushou Retsuden,SD戦国武将列伝 烈火のごとく天下を盗れ!,1990年9月8日,,,帕布雷斯特,,
FC,Family Computer,世界拳击赛,World Boxing,ワールドボクシング,1990年9月8日,,,T.S.S.,,
FC,Family Computer,小叮当RPG：大僵尸的反击,Doraemon - Gigazombie no Gyakushuu,ドラえもん ギガゾンビの逆襲,1990年9月14日,,,エポック社,,
FC,Family Computer,爆笑四天王,Bakushou! Star Monomane Shitennou,爆笑スター ものまね四天王,1990年9月14日,,,Pack-In-Video,,
FC,Family Computer,魔导师阴谋/超魔兽大战,Little Magic,リトルマジック,1990年9月14日,,,Data East,https://zh.wikipedia.org/wiki/%E9%AD%94%E5%AF%BC%E5%B8%88%E9%98%B4%E8%B0%8B,
FC,Family Computer,维新之岚,Ishin no Arashi,維新の嵐,1990年9月15日,,,光荣,,
FC,Family Computer,昆虫大战,Insector X,インセクターX,1990年9月20日,,,太东,,
FC,Family Computer,南北战争,North & South,ノース&サウス わくわく南北戦争,1990年9月21日,,,KEMCO,,
FC,Family Computer,田村光昭麻雀研究会,Tamura Koushou Mahjong Seminar,田村光昭の麻雀ゼミナール,1990年9月21日,,,波丽佳音,,
FC,Family Computer,神奇王子,Magic John,マジックジョン,1990年9月28日,,,Jaleco,,
FC,Family Computer,洛克人3 威利博士的末期！？,Rockman 3 - Dr Wily no Saigo!,ロックマン3 Dr.ワイリーの最期!?,1990年9月28日,,,卡普空,https://zh.wikipedia.org/wiki/%E6%B4%9B%E5%85%8B%E4%BA%BA3_%E5%A8%81%E5%88%A9%E5%8D%9A%E5%A3%AB%E7%9A%84%E6%9C%AB%E6%9C%9F%EF%BC%81%EF%BC%9F,
FC,Family Computer,侦探神宫原三郎：过了那时,Tantei Jinguuji Saburou - Toki no Sugiyuku Mama ni,探偵 神宮寺三郎 時の過ぎゆくままに…,1990年9月28日,,,Data East,,
FC,Family Computer,加纳战机,Gun Nac,ガンナック,1990年10月5日,,,トンキンハウス[东京书籍],https://zh.wikipedia.org/wiki/%E5%8A%A0%E7%BA%B3%E6%88%98%E6%9C%BA,
FC,Family Computer,热血行进曲,Downtown - Nekketsu Koushin Kyoku - Soreyuke Dai Undoukai,ダウンタウン熱血行進曲 それいけ大運動会,1990年10月12日,,,Technōs Japan,https://zh.wikipedia.org/wiki/%E7%86%B1%E8%A1%80%E8%A1%8C%E9%80%B2%E6%9B%B2,https://zh.wikipedia.org/wiki/Techn%C5%8Ds_Japan
FC,Family Computer,恶魔城外传 少年德古拉君,Akumajou Special - Boku Dracula Kun,悪魔城すぺしゃる ぼくドラキュラくん,1990年10月19日,,,科乐美,https://zh.wikipedia.org/wiki/%E6%81%B6%E9%AD%94%E5%9F%8E%E5%A4%96%E4%BC%A0_%E5%B0%91%E5%B9%B4%E5%BE%B7%E5%8F%A4%E6%8B%89%E5%90%9B,
FC,Family Computer,血魔的反击,Bloody Warriors - Shan-Go no Gyakushuu,ブラッディ・ウァリアーズ シャンゴーの逆襲,1990年10月19日,,,东映动画,,
FC,Family Computer,麻将战记,Majaventure - Mahjong Senki,まじゃべんちゃー 麻雀戦記,1990年10月19日,,,德间书店,,
FC,Family Computer,浮球大赛,Shufflepuck Cafe,シャッフルパックカフェ,1990年10月21日,,,波丽佳音,,
FC,Family Computer,教育软体：面包超人的结束写背,Oeka Kids - Anpanman to Oekaki Shiyou!!,おえかキッズ アンパンマンとおえかきしよう!!,1990年10月25日,,,万代,,
FC,Family Computer,水岛新司大甲子园,Mizushima Shinji no Dai Koushien,水島新司の大甲子園,1990年10月26日,,,卡普空,,
FC,Family Computer,太阳电子棒球,Nantettatte!! Baseball,なんてったって!!ベースボール,1990年10月26日,,,Sun电子,,
FC,Family Computer,冲锋飞车,Astro Fang - Super Machine,アストロファング,1990年10月26日,,,A-WAVE,,
FC,Family Computer,帕青夫君3,Pachio Kun 3,パチ夫くん3 帰ってきたパチ夫くん,1990年10月26日,,,Coconuts Japan,,
FC,Family Computer,七龙珠Z 强袭！赛亚人,Dragon Ball Z - Kyoushuu! Saiya Jin,ドラゴンボールZ 強襲!サイヤ人,1990年10月27日,,,万代,https://zh.wikipedia.org/wiki/%E4%B8%83%E9%BE%99%E7%8F%A0Z_%E5%BC%BA%E8%A2%AD%EF%BC%81%E8%B5%9B%E4%BA%9A%E4%BA%BA,
FC,Family Computer,三国志II,Romance of the Three Kingdoms II,三國志II,1990年11月2日,,,光荣,https://zh.wikipedia.org/wiki/%E4%B8%89%E5%9C%8B%E5%BF%97II,
FC,Family Computer,霹雳火,Cross Fire,クロスファイヤー,1990年11月2日,,,九娯贸易,,
FC,Family Computer,山村美纱悬疑系列：京都理财杀人事件,Yamamura Misa Suspense - Kyouto Zaiteku Satsujin Jiken,山村美紗サスペンス 京都財テク殺人事件,1990年11月2日,,,Hect,,
FC,Family Computer,最后的哈米吉多顿,Last Armageddon,ラストハルマゲドン,1990年11月10日,,,万代,https://zh.wikipedia.org/wiki/%E6%9C%80%E5%BE%8C%E7%9A%84%E5%93%88%E7%B1%B3%E5%90%89%E5%A4%9A%E9%A0%93,
FC,Family Computer,特库摩橄榄球,Tecmo Bowl,テクモボウル,1990年11月13日,,,特库摩,,
FC,Family Computer,动物方块/三立鸥嘉年华会,Sanrio Carnival,サンリオカーニバル,1990年11月22日,,,Character Soft,,
FC,Family Computer,男孩与泡泡怪,Fushigina Bloby - Blobania no Kiki,ふしぎなブロビー ブロバニアの危機,1990年11月29日,,,Jaleco,,
FC,Family Computer,疯狂大射击,Parodius da!,パロディウスだ!,1990年11月30日,,,科乐美,,
FC,Family Computer,大迷路,Dai Meiro - Meikyuu no Tatsujin,大迷路 迷宮の達人,1990年11月30日,,,エポック社,,
FC,Family Computer,忍者神龟 街机版,Teenage Mutant Ninja Turtles,T.M.N.T.,1990年12月7日,,,科乐美,https://zh.wikipedia.org/wiki/%E5%BF%8D%E8%80%85%E7%A5%9E%E9%BE%9F_%E8%A1%97%E6%9C%BA%E7%89%88,
FC,Family Computer,西游记世界2：天上界的魔神,Saiyuuki World 2 - Tenjoukai no Majin,西遊記ワールドII 天上界の魔神,1990年12月7日,,,Jaleco,,
FC,Family Computer,梦之勇士/睡衣英雄,Nemo - Pajama Hero,NEMO パジャマヒーロー,1990年12月7日,,,卡普空,https://zh.wikipedia.org/wiki/%E6%A2%A6%E4%B9%8B%E5%8B%87%E5%A3%AB,
FC,Family Computer,自我中心派2,Gambler Jiko Chuushin Ha 2,ぎゅわんぶらあ自己中心派2,1990年12月7日,,,Asmik,,
FC,Family Computer,时空勇士,Times of Lore,タイムズ オブ ロア 失われたメダリオン,1990年12月7日,,,东宝,,https://zh.wikipedia.org/wiki/%E4%B8%9C%E5%AE%9D
FC,Family Computer,世界拳击,Rush Up,グレートボクシング RUSH UP,1990年12月7日,,,ビスコ,,
FC,Family Computer,千代大相扑,Chiyo no Fuji no Ooichou,千代の富士の大銀杏,1990年12月7日,,,フェイス,,
FC,Family Computer,特库摩世界杯足球赛,Tecmo World Cup Soccer,テクモ ワールドカップサッカー,1990年12月7日,,,特库摩,,
FC,Family Computer,任天堂顶尖经营者,Famicom Top Management,ファミコントップマネジメント,1990年12月12日,,,光荣,,
FC,Family Computer,亚斯基础职业棒球90,Best Play Pro Yakyuu '90,ベストプレープロ野球'90,1990年12月13日,,,ASCII,,
FC,Family Computer,瓦强世界2,Wagan Land 2,ワギャンランド2,1990年12月14日,,,南梦宫,,
FC,Family Computer,金属装甲,Metal Flame Psybuster,メタルフレーム・サイバスター,1990年12月14日,,,Jaleco,,
FC,Family Computer,叮当超人/小超人帕门,Paaman - Enban wo Torikaese!!,パーマン えんばんをとりかえせ,1990年12月14日,,,Irem,,
FC,Family Computer,小精灵2：新种诞生,Gremlin 2 - Shinshu Tanjou,グレムリン2 -新種誕生-,1990年12月14日,,,Sun电子,,
FC,Family Computer,立体方块,KLAX,クラックス,1990年12月14日,,,Hudson Soft,,
FC,Family Computer,小魔女皮皮,Magical Doropie,まじかるキッズどろぴー,1990年12月14日,,,VIC东海,,
FC,Family Computer,暴坊天狗,Abarenbou Tengu,暴れん坊天狗,1990年12月14日,,,メルダック,,https://zh.wikipedia.org/wiki/%E5%BE%B3%E9%96%93%E3%82%B8%E3%83%A3%E3%83%91%E3%83%B3%E3%82%B3%E3%83%9F%E3%83%A5%E3%83%8B%E3%82%B1%E3%83%BC%E3%82%B7%E3%83%A7%E3%83%B3%E3%82%BA
FC,Family Computer,忍者龙牙,Ninja Crusaders - Ryuuga,忍者クルセイダーズ 龍牙,1990年12月14日,,,Sammy,https://zh.wikipedia.org/wiki/%E5%BF%8D%E8%80%85%E9%BE%99%E7%89%99,https://zh.wikipedia.org/wiki/Sammy
FC,Family Computer,必杀仕事,Hissatsu Shigoto Nin,必殺仕事人,1990年12月15日,,,帕布雷斯特,,
FC,Family Computer,杰克与魔豆,Jumpin' Kid - Jack to Mame no Ki Monogatari,ジャンピン・キッド ジャックと豆の木ものがたり,1990年12月19日,,,Asmik,,
FC,Family Computer,战斗野球,Battle Stadium - Senbatsu Pro Yakyuu,バトルスタジアム 選抜プロ野球,1990年12月19日,,,アイジーエス,,
FC,Family Computer,明星职棒91年度版,Famista '91,ファミスタ'91,1990年12月21日,,,南梦宫,,
FC,Family Computer,剑之达人,Sword Master,ソードマスター,1990年12月21日,,,アテナ,,
FC,Family Computer,地狱极乐丸,Jigoku Gokuraku Maru,地獄・極楽丸,1990年12月21日,,,Pack-In-Video,,
FC,Family Computer,洛依德默示录,Zoids Mokushiroku,ゾイド黙示録,1990年12月21日,,,Tomy,,https://zh.wikipedia.org/wiki/Tomy
FC,Family Computer,大怪兽得普拉斯,Dai Kaijuu - Deburas,大怪獣デブラス,1990年12月21日,,,Data East,,
FC,Family Computer,冰城传奇：未知的故事,The Bard's Tale - Tales of the Unknown,バーズテイル 知られざる物語,1990年12月21日,,,波丽佳音,,
FC,Family Computer,SD钢弹扭蛋战士3：英雄战记,SD Gundam - Gachapon Senshi 3 - Eiyuu Senki,SDガンダムワールド ガチャポン戦士3 英雄戦記,1990年12月22日,,,万代,,
FC,Family Computer,武藏冒险,Musashi no Bouken,ムサシの冒険,1990年12月22日,,,シグマ商事,,
FC,Family Computer,新魔鬼克星2,New Ghostbusters 2,NEWゴーストバスターズ2,1990年12月26日,,,HAL研究所,,
FC,Family Computer,蛋王子2,Adventures of Lolo 2,アドベンチャーズ オブ ロロII,1990年12月26日,,,HAL研究所,,
FC,Family Computer,爆笑爱剧场,Bakushou Ai no Gekijou,爆笑!愛の劇場,1990年12月29日,,,Coconuts Japan,,
FC,Family Computer,超编时空物语/十兵卫大冒险,Juvei Quest,じゅうべえくえすと,1991年1月4日,,,南梦宫,,https://zh.wikipedia.org/wiki/%E5%8D%97%E6%A2%A6%E5%AE%AB
FC,Family Computer,科乐美世界2,Wai Wai World 2 - SOS!! Paseri Jou,ワイワイワールド2 SOS!!パセリ城,1991年1月5日,,,科乐美,,https://zh.wikipedia.org/wiki/%E7%A7%91%E6%A8%82%E7%BE%8E%E6%95%B8%E4%BD%8D%E5%A8%9B%E6%A8%82
FC,Family Computer,企鹅梦物语,Yume Penguin Monogatari,夢ペンギン物語,1991年1月25日,,,科乐美,,
FC,Family Computer,成龙之龙,Jackie Chan,ジャッキーチェン,1991年1月25日,,,Hudson Soft,,https://zh.wikipedia.org/wiki/Hudson_Soft
FC,Family Computer,DORA麻将,Mahjong RPG Dora Dora Dora,麻雀RPG ドラドラドラ,1991年1月25日,,,Natsume,,https://zh.wikipedia.org/wiki/Natsume
FC,Family Computer,送报员,Paperboy,ペーパーボーイ,1991年1月30日,,,Arutoron,https://zh.wikipedia.org/wiki/%E9%80%81%E5%A0%B1%E5%93%A1_(%E9%81%8A%E6%88%B2),
FC,Family Computer,高尔夫锦标赛,Golf Grand Slam,ゴルフグランドスラム,1991年1月31日,,,Hect,,
FC,Family Computer,冠军杯保龄球,Championship Bowling,チャンピオンシップボウリング,1991年2月8日,,,アテナ,,
FC,Family Computer,幽灵列车,Akagawa Jirou no Yuurei Ressha,赤川次郎の幽霊列車,1991年2月8日,,,キングレコード,,
FC,Family Computer,黑暗骑士,Dark Lord,ダークロード,1991年2月8日,,,Data East,,
FC,Family Computer,阳伞平平-刺激的童话世界,Parasol Henbee,パラソルヘンべえ おとぎの国は大さわぎ!,1991年2月15日,,,エポック社,,
FC,Family Computer,将棋龙王赛,Famicom Shougi - Ryuuousen,ファミコン将棋竜王戦,1991年2月15日,,,I'MAX,,
FC,Family Computer,行星戒严令,Max Warrior - Wakusei Kaigenrei,マックスウォーリアー 惑星戒厳令,1991年2月15日,,,VAP,,https://zh.wikipedia.org/wiki/VAP
FC,Family Computer,迷你高尔夫,Mini Putt,ミニパット,1991年2月15日,,,A-WAVE,,
FC,Family Computer,井出洋介名人的实战麻雀2,Ide Yousuke Meijin no Jissen Mahjong 2,井出洋介名人の実戦麻雀II,1991年2月22日,,,卡普空,,https://zh.wikipedia.org/wiki/%E5%8D%A1%E6%99%AE%E7%A9%BA
FC,Family Computer,双截龙III 罗塞塔之石,Double Dragon III: The Sacred Stone,ダブルドラゴンIII ザ・ロゼッタストーン,1991年2月22日,,,Technōs Japan,https://zh.wikipedia.org/wiki/%E5%8F%8C%E6%88%AA%E9%BE%99III_%E7%BD%97%E5%A1%9E%E5%A1%94%E4%B9%8B%E7%9F%B3,https://zh.wikipedia.org/wiki/Techn%C5%8Ds_Japan
FC,Family Computer,彩虹丝路,Niji no Silk Road,虹のシルクロード,1991年2月22日,,,Victor音乐产业,,https://zh.wikipedia.org/wiki/Victor_Entertainment
FC,Family Computer,守护剑士,Grand Master,グランドマスター,1991年2月26日,,,バリエ,,
FC,Family Computer,太阳电子棒球子卡OB全明星赛编,Nantettatte!! Baseball - Kogame Set OB All Star Hen,なんてったって!!ベースボール 子ガメカセットOBオールスター編,1991年2月26日,,,Sun电子,,
FC,Family Computer,究极棒球3,Kyuukyoku Harikiri Stadium 3,究極ハリキリスタジアムIII,1991年3月1日,,,太东,,https://zh.wikipedia.org/wiki/%E5%A4%AA%E6%9D%B1
FC,Family Computer,超级中国人3,Super Chinese 3,スーパーチャイニーズ3,1991年3月1日,,,Culture Brain,,
FC,Family Computer,南梦宫麻将3：麻将天国,Namcot Mahjong 3 - Mahjong Tengoku,ナムコット麻雀III マージャン天国,1991年3月8日,,,南梦宫,,
FC,Family Computer,龙与地下城：长枪英雄,Advanced Dungeons & Dragons - Heroes of the Lance,Advanced Dungeons & Dragons ヒーローオブランス,1991年3月8日,,,波丽佳音,,https://zh.wikipedia.org/wiki/%E6%B3%A2%E9%BA%97%E4%BD%B3%E9%9F%B3
FC,Family Computer,救援任务,Gun Sight,ガンサイト,1991年3月15日,,,科乐美,,
FC,Family Computer,大航海时代,Dai Koukai Jidai,大航海時代,1991年3月15日,,,光荣,https://zh.wikipedia.org/wiki/%E5%A4%A7%E8%88%AA%E6%B5%B7%E6%99%82%E4%BB%A3_(%E9%81%8A%E6%88%B2),https://zh.wikipedia.org/wiki/%E5%85%89%E8%8D%A3_(%E4%BC%81%E4%B8%9A)
FC,Family Computer,冒险少女娜汀亚/海底两万里,Fushigi no Umi no Nadia,ふしぎの海のナディア,1991年3月15日,,,东宝,,https://zh.wikipedia.org/wiki/%E4%B8%9C%E5%AE%9D
FC,Family Computer,魔法台风,Magical Taruruuto Kun - Fantastic World!!,まじかるタルるートくん FANTASTIC WORLD!!,1991年3月21日,,,万代,,https://zh.wikipedia.org/wiki/%E4%B8%87%E4%BB%A3
FC,Family Computer,创业人生,Itadaki Street - Watashi no Mise ni Yottette,いただきストリート 〜私のお店によってって〜,1991年3月21日,,,ASCII,,https://zh.wikipedia.org/wiki/ASCII_(%E4%BC%81%E6%A5%AD)
FC,Family Computer,龙与地下城：幽城宝藏,Advanced Dungeons & Dragons - Hillsfar,Advanced Dungeons & Dragons ヒルズファー,1991年3月21日,,,波丽佳音,,
FC,Family Computer,魅影智慧,Shadow Brain,シャドウブレイン,1991年3月21日,,,波丽佳音,,
FC,Family Computer,爆笑人生剧场2,Bakushou!! Jinsei Gekijoh 2,爆笑!!人生劇場2,1991年3月22日,,,太东,,
FC,Family Computer,识字软体：面包超人的喜欢平假名,Oeka Kids - Anpanman no Hiragana Daisuki,アンパンマンのひらがなだいすき,1991年3月26日,,,万代,,
FC,Family Computer,忍者茶茶丸：银河大作战,Ninja Jajamaru - Ginga Dai Sakusen,忍者じゃじゃ丸〜銀河大作戦〜,1991年3月29日,,,Jaleco,,https://zh.wikipedia.org/wiki/Jaleco
FC,Family Computer,北斗神拳4：七星霸拳传-北斗神拳的那方,Hokuto no Ken 4 - Shichisei Haken Den - Hokuto Shinken no Ka,北斗の拳4 七星覇拳伝 北斗神拳の彼方へ,1991年3月29日,,,东映动画,,https://zh.wikipedia.org/wiki/%E4%B8%9C%E6%98%A0%E5%8A%A8%E7%94%BB
FC,Family Computer,青蛙大冒险,Kero Kero Keroppi no Dai Bouken,けろけろけろっぴの大冒険,1991年3月29日,,,Character Soft,,
FC,Family Computer,机器战警2,Robocop 2,ロボコップ2,1991年4月2日,,,Data East,,
FC,Family Computer,吞食天地II 诸葛孔明传,Tenchi wo Kurau 2 - Shokatsu Koumei Den,天地を喰らうII 諸葛孔明伝,1991年4月5日,,,卡普空,https://zh.wikipedia.org/wiki/%E5%90%9E%E9%A3%9F%E5%A4%A9%E5%9C%B0II_%E8%AB%B8%E8%91%9B%E5%AD%94%E6%98%8E%E5%82%B3,
FC,Family Computer,纽约小子,New York Nyankies,N.Y.ニャンキーズ,1991年4月5日,,,アトラス,,
FC,Family Computer,敲竹杠君,Obocchama Kun,おぼっちゃまくん,1991年4月5日,,,特库摩,,https://zh.wikipedia.org/wiki/%E7%89%B9%E5%BA%93%E6%91%A9
FC,Family Computer,水管大作战,Gorby no Pipeline Dai Sakusen,ゴルビーのパイプライン大作戦,1991年4月12日,,,德间书店,,https://zh.wikipedia.org/wiki/%E5%BE%B7%E9%96%93%E6%9B%B8%E5%BA%97
FC,Family Computer,家庭砖块/雷公弹,Family Block,ファミリーブロック,1991年4月12日,,,アテナ,,
FC,Family Computer,双鹰,Twin Eagle - Revenge Joe's Brother,ツインイーグル,1991年4月12日,,,ビスコ,,
FC,Family Computer,麻将俱乐部永田町：总裁战,Mahjong Club - Nagatachou,麻雀倶楽部永田町・総裁戦,1991年4月25日,,,Hect,,
FC,Family Computer,拉格朗日点,Lagrange Point,ラグランジュポイント,1991年4月26日,,,科乐美,https://zh.wikipedia.org/wiki/%E6%8B%89%E6%A0%BC%E6%9C%97%E6%97%A5%E7%82%B9_(%E6%B8%B8%E6%88%8F),
FC,Family Computer,泰德篮球,Taito Basketball,タイトー バスケットボール,1991年4月26日,,,太东,,
FC,Family Computer,高桥名人之冒险岛II,Takahashi Meijin no Boukenjima 2,高橋名人の冒険島II,1991年4月26日,,,Hudson Soft,https://zh.wikipedia.org/wiki/%E9%AB%98%E6%A1%A5%E5%90%8D%E4%BA%BA%E4%B9%8B%E5%86%92%E9%99%A9%E5%B2%9BII,
FC,Family Computer,紫禁城,Shi Kin Jou,紫禁城,1991年4月26日,,,东映动画,,
FC,Family Computer,飞镖大赛,Magic Darts,マジック・ダーツ,1991年4月26日,,,Seta,,
FC,Family Computer,迪克火枪,Vice: Project Doom,ガンデック,1991年4月26日,,,Sammy,https://zh.wikipedia.org/wiki/%E8%BF%AA%E5%85%8B%E7%81%AB%E6%9E%AA,https://zh.wikipedia.org/wiki/Sammy
FC,Family Computer,飞越地平线,Over Horizon,オーバーホライゾン,1991年4月26日,,,HOT-B,,
FC,Family Computer,魔法世界,COCORON,ココロン,1991年5月3日,,,タケル,,
FC,Family Computer,骰子方块2,Palamedes 2 - Star Twinkles,パラメデスII,1991年5月7日,,,HOT-B,,
FC,Family Computer,奇幻射击,Fuzzical Fighter,ファジカルファイター,1991年5月17日,,,シグマ商事,,
FC,Family Computer,拿破仑,L'Empereur,ランペルール,1991年5月23日,,,光荣,,
FC,Family Computer,星际斗士,Tetrastar - The Fighter,テトラスター,1991年5月24日,,,太东,,
FC,Family Computer,重装机兵,Metal Max,メタルマックス,1991年5月24日,,,Data East,https://zh.wikipedia.org/wiki/%E9%87%8D%E8%A3%85%E6%9C%BA%E5%85%B5_(%E6%B8%B8%E6%88%8F),
FC,Family Computer,埃及历险记,Egypt,エジプト,1991年5月31日,,,ヒューマン,,
FC,Family Computer,太阳电子棒球子卡91开幕编,Nantettatte!! Baseball Ko-Game Set '91 Kaimakuban,なんてったって!!ベースボール 子ガメカセット'91開幕編,1991年5月31日,,,Sun电子,,
FC,Family Computer,飞龙之拳特别版：格斗大战,Hiryuu no Ken Special - Fighting Wars,飛龍の拳スペシャル ファイティングウォーズ,1991年6月21日,,,Culture Brain,,
FC,Family Computer,忍者龙剑传III 黄泉的方船,Ninja Ryukenden 3 - Yomi no Hakobune,忍者龍剣伝III 黄泉の方舟,1991年6月21日,,,特库摩,https://zh.wikipedia.org/wiki/%E5%BF%8D%E8%80%85%E9%BE%99%E5%89%91%E4%BC%A0III_%E9%BB%84%E6%B3%89%E7%9A%84%E6%96%B9%E8%88%B9,
FC,Family Computer,王者密令,Sugoro Quest - Dice no Senshi Tachi,すごろクエスト ダイスの戦士たち,1991年6月28日,,,Technōs Japan,,
FC,Family Computer,役满天国,Shin 4 Nin Uchi Mahjong - Yakuman Tengoku,新4人打ちマージャン 役満天国,1991年6月28日,,,任天堂,,https://zh.wikipedia.org/wiki/%E4%BB%BB%E5%A4%A9%E5%A0%82
FC,Family Computer,炸弹人II,Bomberman II,ボンバーマンII,1991年6月28日,,,Hudson Soft,https://zh.wikipedia.org/wiki/%E7%82%B8%E5%BC%B9%E4%BA%BAII,
FC,Family Computer,超人狼战记：战狼,Chou Jinrou Senki - Warwolf,超人狼戦記 WARWOLF,1991年6月28日,,,特佳丽,,https://zh.wikipedia.org/wiki/%E7%89%B9%E4%BD%B3%E9%BA%97
FC,Family Computer,龙与地下城：光芒之池,Advanced Dungeons & Dragons - Pool of Radiance,AD&Dプール・オブ・レイディアンス,1991年6月28日,,,波丽佳音,,
FC,Family Computer,最佳反击,Tsuppari Wars,つっぱりウォーズ,1991年6月28日,,,Sammy,,
FC,Family Computer,围棋指南91,Igo Shinan '91,囲碁指南'91,1991年7月5日,,,Hect,,
FC,Family Computer,棒球斗士,Baseball Fighter,ベースボールファイター,1991年7月5日,,,VAP,,
FC,Family Computer,南梦宫赛车91,Family Circuit '91,ファミリーサーキット'91,1991年7月19日,,,南梦宫,,
FC,Family Computer,SD刑事,SD Keiji - Blader,SD刑事ブレイダー,1991年7月19日,,,太东,,
FC,Family Computer,小美人鱼,Little Mermaid - Ningyo Hime,リトル・マーメイド,1991年7月19日,,,卡普空,,
FC,Family Computer,神奇方块,Puzznic,パズニック,1991年7月19日,,,アイジーエス,,
FC,Family Computer,猫党忍者传/忍者猫,Cattou Ninden Teyandee,キャッ党忍伝てやんでえ,1991年7月19日,,,特库摩,,
FC,Family Computer,终极警探,Die Hard,ダイ・ハード,1991年7月19日,,,Pack-In-Video,,
FC,Family Computer,柏青哥大作战,Pachinko Dai Sakusen,パチンコ大作戦,1991年7月19日,,,Coconuts Japan,,
FC,Family Computer,JuJu传说,Juju Densetsu,JuJu伝説,1991年7月19日,,,太东,,
FC,Family Computer,热血时代剧,Downtown Special - Kunio Kun no Jidaigeki Dayo Zenin Shuugou,ダウンタウンスペシャル くにおくんの時代劇だよ全員集合!,1991年7月26日,,,Technōs Japan,,
FC,Family Computer,星座之旅,Otaku no Seiza - An Adventure in the Otaku Galaxy,おたくの星座,1991年7月31日,,,M&M,,
FC,Family Computer,机器神童,Robocco Wars,ロボッ子ウォーズ,1991年8月2日,,,アイジーエス,,
FC,Family Computer,我的志愿,My Life My Love - Boku no Yume - Watashi no Negai,マイライフ・マイラブ ぼくの夢わたしの願い,1991年8月3日,,,帕布雷斯特,,https://zh.wikipedia.org/wiki/%E5%B8%95%E5%B8%83%E9%9B%B7%E6%96%AF%E7%89%B9
FC,Family Computer,超级冲刺赛,Super Sprint,スーパースプリント,1991年8月3日,,,Arutoron,,
FC,Family Computer,龙之战争,Dragon Wars,ドラゴンウォーズ,1991年8月9日,,,KEMCO,,
FC,Family Computer,立体方块,Deblock,デ・ブロック,1991年8月9日,,,アテナ,,
FC,Family Computer,穿山甲小子,Armadillo,アルマジロ,1991年8月9日,,,アイジーエス,,
FC,Family Computer,百世界的故事,Hyaku no Sekai no Monogatari - The Tales on a Watery Wildern,百の世界の物語,1991年8月9日,,,アスク讲谈社,,
FC,Family Computer,游园地,Doki! Doki! Yuuenchi,ドキ!ドキ!遊園地,1991年8月9日,,,VAP,,
FC,Family Computer,七龙珠ZII 激神弗利萨！！,Dragon Ball Z 2 - Gekishin Freeza!!,ドラゴンボールZII 激神フリーザ!!,1991年8月10日,,,万代,https://zh.wikipedia.org/wiki/%E4%B8%83%E9%BE%99%E7%8F%A0ZII_%E6%BF%80%E7%A5%9E%E5%BC%97%E5%88%A9%E8%90%A8%EF%BC%81%EF%BC%81,
FC,Family Computer,A列车,A Ressha de Ikou,A列車で行こう,1991年8月21日,,,波丽佳音,,
FC,Family Computer,宇宙神鹰/危机武力,Crisis Force,クライシスフォース,1991年8月27日,,,科乐美,,
FC,Family Computer,欧洲战记,Royal Blood,ロイヤルブラッド,1991年8月29日,,,光荣,,
FC,Family Computer,快杰洋枪2,Kaiketsu Yanchamaru 2 - Karakuri Land,快傑ヤンチャ丸2 からくりランド,1991年8月30日,,,Irem,,https://zh.wikipedia.org/wiki/Irem
FC,Family Computer,金属之光/金属荣耀,Metal Slader Glory,メタルスレイダーグローリー,1991年8月30日,,,HAL研究所,https://zh.wikipedia.org/wiki/%E9%87%91%E5%B1%9E%E4%B9%8B%E5%85%89,https://zh.wikipedia.org/wiki/HAL%E7%A0%94%E7%A9%B6%E6%89%80
FC,Family Computer,绘描卫门,Dezaemon,絵描衛門,1991年9月13日,,,アテナ,,
FC,Family Computer,西部小子,Western Kids,ウエスタンキッズ,1991年9月13日,,,ビスコ,,
FC,Family Computer,马力欧高尔夫公开赛,Mario Open Golf,マリオオープンゴルフ,1991年9月20日,,,任天堂,https://zh.wikipedia.org/wiki/%E9%A9%AC%E5%8A%9B%E6%AC%A7%E9%AB%98%E5%B0%94%E5%A4%AB%E5%85%AC%E5%BC%80%E8%B5%9B,
FC,Family Computer,迷糊蛋,Hebereke,へべれけ,1991年9月20日,,,Sun电子,,
FC,Family Computer,龙穴历险记,Dragon's Lair,ドラゴンズレア,1991年9月20日,,,Epic-Sony,,https://zh.wikipedia.org/wiki/Epic_Records_Japan
FC,Family Computer,方程序战斗赛车,Battle Formula,バトルフォーミュラ,1991年9月27日,,,Sun电子,,
FC,Family Computer,成龙踢馆2,Spartan X 2,スパルタンX2,1991年9月27日,,,Irem,,
FC,Family Computer,伊苏III 来自伊苏的冒险者,Ys 3 - Wanderers From Ys,イースIII ワンダラーズフロムイース,1991年9月27日,,,Victor音乐产业,https://zh.wikipedia.org/wiki/%E6%9D%A5%E8%87%AA%E4%BC%8A%E8%8B%8F%E7%9A%84%E5%86%92%E9%99%A9%E8%80%85,
FC,Family Computer,中屿悟F1英雄2,Nakajima Satoru - F-1 Hero 2,中嶋悟F-1ヒーロー2,1991年9月27日,,,バリエ,,
FC,Family Computer,樱桃小丸子,Chibi Maruko Chan - Uki Uki Shopping,ちびまる子ちゃん うきうきショッピング,1991年10月4日,,,南梦宫,,
FC,Family Computer,忍者剑豪传,Karakuri Kengou Den - Musashi Road - Karakuri Nin Hashiru!,からくり剣豪伝ムサシロード,1991年10月5日,,,Yutaka,,
FC,Family Computer,SD钢弹外传2：光之骑士,SD Gundam Gaiden - Knight Gundam Monogatari 2 - Hikari no Ki,SDガンダム外伝 ナイトガンダム物語2 光の騎士,1991年10月12日,,,万代,,
FC,Family Computer,纸牌游戏,Great Deal,グレートディール,1991年10月25日,,,Hect,,
FC,Family Computer,时空地带,Time Zone,たいむゾーン,1991年10月25日,,,シグマ商事,,
FC,Family Computer,混沌世界,Chaos World,カオスワールド,1991年10月25日,,,Natsume,,
FC,Family Computer,特救指令,Tokkyuu Shirei - Solbrain,特救指令ソルブレイン,1991年10月26日,,,Angel,,
FC,Family Computer,大富翁,Monopoly,モノポリー,1991年11月1日,,,Tomy,,https://zh.wikipedia.org/wiki/Tomy
FC,Family Computer,大力工头,Daiku no Gen San,大工の源さん,1991年11月15日,,,Irem,,
FC,Family Computer,少年亚吉具：尼泊尔大冒险之卷,Shounen Ashibe - Nepal Dai Bouken no Maki,少年アシベ ネパール大冒険の巻,1991年11月15日,,,特佳丽,,
FC,Family Computer,星球大战,Star Wars (Victor Ongaku Sangyou),スター・ウォーズ,1991年11月15日,,,Victor音乐产业,https://zh.wikipedia.org/wiki/%E6%98%9F%E9%9A%9B%E5%A4%A7%E6%88%B0_(1991%E5%B9%B4%E9%81%8A%E6%88%B2),
FC,Family Computer,地底大作战,Chitei Senkuu Vazorudaa,地底戦空バゾルダー,1991年11月15日,,,ソフエル,,
FC,Family Computer,拉迪亚战记：黎明篇,Radia Senki - Reimei Hen,ラディア戦記 黎明篇,1991年11月15日,,,特库摩,,
FC,Family Computer,燃烧棒球最强篇,Moe Pro! - Saikyou Hen,燃えプロ最強編,1991年11月22日,,,Jaleco,,
FC,Family Computer,帕青夫君4,Pachio Kun 4,パチ夫くん4,1991年11月22日,,,Coconuts Japan,,
FC,Family Computer,大家一起连连看,Minna no Taabou no Nakayoshi Dai Sakusen,みんなのたあ坊なかよし大作戦,1991年11月22日,,,Character Soft,,
FC,Family Computer,领国战役/领土大战,Rampart,ランパート,1991年11月29日,,,科乐美,,
FC,Family Computer,围棋入门,Famicom Igo Nyuumon,ファミコン囲碁入門,1991年11月29日,,,アイマックス,,
FC,Family Computer,横贯美国大猜谜,America Oudan Ultra Quiz - Shijou Saidai no Tatakai,アメリカ横断ウルトラクイズ,1991年11月29日,,,Tomy,,
FC,Family Computer,任天堂JUMP：最强的七人/英雄列传2,Famicom Jump 2 - Saikyou no 7 Nin,ファミコンジャンプII 最強の7人,1991年12月2日,,,万代,,
FC,Family Computer,平成天才：笨蛋波恩,Heisei Tensai Bakabon,平成天才バカボン,1991年12月6日,,,南梦宫,,
FC,Family Computer,洛克人4 新的野心！！,Rockman 4 - Aratanaru Yabou!!,ロックマン4 新たなる野望!!,1991年12月6日,,,卡普空,https://zh.wikipedia.org/wiki/%E6%B4%9B%E5%85%8B%E4%BA%BA4_%E6%96%B0%E7%9A%84%E9%87%8E%E5%BF%83%EF%BC%81%EF%BC%81,
FC,Family Computer,雪人兄弟,Snow Bros.,スノーブラザーズ,1991年12月6日,,,东亜プラン,https://zh.wikipedia.org/wiki/%E9%9B%AA%E4%BA%BA%E5%85%84%E5%BC%9F,
FC,Family Computer,忍者神龟 曼哈顿计划,Teenage Mutant Ninja Turtles 2,T.M.N.T.2 ザ・マンハッタンプロジェクト,1991年12月13日,,,科乐美,,
FC,Family Computer,光头王子闯天关,Tsuru Pika Hagemaru - Mezase! Tsuru Seko no Akashi,つるピカハゲ丸 めざせ!つるセコの証,1991年12月13日,,,Jaleco,,
FC,Family Computer,俄罗斯方块2,Tetris 2 + Bombliss,テトリス2+ボンブリス,1991年12月13日,,,BPS,,
FC,Family Computer,史上最强问题王,Gimmi a Break - Shijou Saikyou no Quiz Ou Ketteisen,ギミアぶれいく 史上最強のクイズ王決定戦,1991年12月13日,,,Party Room 21[ヨネザワ],,
FC,Family Computer,特库摩超级美式橄榄球,Tecmo Super Bowl,テクモスーパーボウル,1991年12月13日,,,特库摩,,
FC,Family Computer,东京帕青哥大冒险,Toukyou Pachi Slot Adventure,東京パチスロアドベンチャー,1991年12月13日,,,Coconuts Japan,,
FC,Family Computer,耀西的蛋,Yoshi no Tamago,ヨッシーのたまご,1991年12月14日,,,任天堂,https://zh.wikipedia.org/wiki/%E8%80%80%E8%A5%BF%E7%9A%84%E8%9B%8B,
FC,Family Computer,第2次超级机器人大战,2nd Super Robot Wars,第2次スーパーロボット大戦,1991年12月19日,,,帕布雷斯特,https://zh.wikipedia.org/wiki/%E7%AC%AC2%E6%AC%A1%E8%B6%85%E7%B4%9A%E6%A9%9F%E5%99%A8%E4%BA%BA%E5%A4%A7%E6%88%B0,
FC,Family Computer,明星职棒92年度版,Famista '92,ファミスタ'92,1991年12月20日,,,南梦宫,,
FC,Family Computer,兔宝宝历险记,Tiny Toon Adventures,タイニートゥーン アドベンチャーズ,1991年12月20日,,,科乐美,,
FC,Family Computer,爆笑人生剧场3,Bakushou Jinsei Gekijoh 3,爆笑!!人生劇場3,1991年12月20日,,,太东,,
FC,Family Computer,叮当超人2/小超人帕门2,Paaman Part 2 - Himitsu Kessha Madoodan wo Taose!,パーマンPART2 秘密結社マドー団を倒せ!,1991年12月20日,,,Irem,,
FC,Family Computer,炸药蝙蝠侠,Dynamite Batman,ダイナマイトバットマン,1991年12月20日,,,Sun电子,,
FC,Family Computer,阿兹米克君,Asmik Kun Land,アスミッくんランド,1991年12月20日,,,Asmik,,
FC,Family Computer,铁面无私,The Untouchables,アンタッチャブル,1991年12月20日,,,Arutoron,,
FC,Family Computer,忍者蛙,Battletoads,バトルトード,1991年12月20日,,,Masaya[日本Computer System],https://zh.wikipedia.org/wiki/%E5%BF%8D%E8%80%85%E8%9B%99,
FC,Family Computer,香蕉王子大冒险,Bananan Ouji no Dai Bouken,バナナン王子の大冒険,1991年12月20日,,,特佳丽,,
FC,Family Computer,怪兽制造场：七个大密宝,Monster Maker - 7 Tsu no Hihou,モンスターメーカー 7つの秘宝,1991年12月20日,,,ソフエル,,
FC,Family Computer,亚斯基德贝赛马,Best Keiba - Derby Stallion,ベスト競馬ダービースタリオン,1991年12月21日,,,ASCII,,
FC,Family Computer,信长之野望·武将风云录,Nobunaga no Yabou - Bushou Fuuun Roku,信長の野望・武将風雲録,1991年12月21日,,,光荣,https://zh.wikipedia.org/wiki/%E4%BF%A1%E9%95%B7%E4%B9%8B%E9%87%8E%E6%9C%9B%C2%B7%E6%AD%A6%E5%B0%87%E9%A2%A8%E9%9B%B2%E9%8C%84,
FC,Family Computer,SD钢弹扭蛋战士4：新类型故事,SD Gundam - Gachapon Senshi 4 - New Type Story,SDガンダムワールド ガチャポン戦士4 ニュータイプストーリー,1991年12月21日,,,Yutaka,,
FC,Family Computer,鸟人战队：Jetman,Choujin Sentai - Jetman,鳥人戦隊ジェットマン,1991年12月21日,,,Angel,,
FC,Family Computer,战斗风暴,Battle Storm,バトルストーム,1991年12月21日,,,Party Room 21[ヨネザワ],,
FC,Family Computer,顽皮狗,Chiki Chiki Machine Mou Race,チキチキマシン猛レース,1991年12月25日,,,アトラス,,
FC,Family Computer,钓鱼模拟游戏：海钓王,The Blue Marlin,ザ・ブルーマリーン,1991年12月27日,,,HOT-B,,
FC,Family Computer,哈得森之鹰,Hudson Hawk,ハドソン・ホーク,1991年12月27日,,,Epic-Sony,,
FC,Family Computer,怪兽超人俱乐部3：再次出击！超人兄弟,Ultraman Club 3 - Matamata Shutsugeki! Ultra Kyodai,ウルトラマン倶楽部3,1991年12月29日,,,Yutaka,,
FC,Family Computer,大盗伍佑卫门外传2：天下的财宝,Ganbare Goemon Gaiden 2 - Tenka no Zaihou,がんばれゴエモン外伝2〜天下の財宝〜,1992年1月3日,,,科乐美,,https://zh.wikipedia.org/wiki/%E7%A7%91%E6%A8%82%E7%BE%8E%E6%95%B8%E4%BD%8D%E5%A8%9B%E6%A8%82
FC,Family Computer,批萨大战,Pizza Pop!,ピザ・ポップ,1992年1月7日,,,Jaleco,,https://zh.wikipedia.org/wiki/Jaleco
FC,Family Computer,太阳勇者,Taiyou no Yuusha Fighbird,太陽の勇者ファイバード,1992年1月11日,,,Irem,,https://zh.wikipedia.org/wiki/Irem
FC,Family Computer,所罗门之钥2：库尔敏岛救出作战,Solomon no Kagi 2 - Coolmin Tou Kyuushutsu Sakusen,ソロモンの鍵2,1992年1月24日,,,特库摩,,https://zh.wikipedia.org/wiki/%E7%89%B9%E5%BA%93%E6%91%A9
FC,Family Computer,商场战争,Business Wars,ビジネス・ウォーズ,1992年1月24日,,,Hect,,
FC,Family Computer,冰城传奇2：命运骑士,The Bard's Tale 2 - The Destiny Knight,バーズテイルII,1992年1月25日,,,波丽佳音,,https://zh.wikipedia.org/wiki/%E6%B3%A2%E9%BA%97%E4%BD%B3%E9%9F%B3
FC,Family Computer,将棋名鉴92,Shougi Meikan '92,将棋名鑑'92,1992年1月30日,,,Hect,,
FC,Family Computer,吉米克！,Gimmick!,ギミック!,1992年1月31日,,,Sun电子,https://zh.wikipedia.org/wiki/%E5%90%89%E7%B1%B3%E5%85%8B%EF%BC%81,
FC,Family Computer,外星战将,Bucky O'Hare,バッキーオヘア,1992年1月31日,,,科乐美,,
FC,Family Computer,木匠兄弟2,Don Doko Don 2,ドンドコドン2,1992年1月31日,,,太东,,https://zh.wikipedia.org/wiki/%E5%A4%AA%E6%9D%B1
FC,Family Computer,热血曲棍球,Ike Ike! Nekketsu Hockey Bu - Subette Koronde Dai Rantou,いけいけ熱血ホッケー部 すべってころんで大乱闘,1992年2月7日,,,Technōs Japan,,https://zh.wikipedia.org/wiki/Techn%C5%8Ds_Japan
FC,Family Computer,F1竞赛场,F1 Circus,F1サーカス,1992年2月7日,,,日本物产,,https://zh.wikipedia.org/wiki/%E6%97%A5%E6%9C%AC%E7%89%A9%E7%94%A2
FC,Family Computer,大海军战,Navy Blue,ネイビーブルー,1992年2月14日,,,I'MAX,,
FC,Family Computer,龙与地下城：神龙之谜,Advanced Dungeons & Dragons - Dragons of Flame,AD&Dドラゴンオブフレイム,1992年2月21日,,,波丽佳音,,
FC,Family Computer,帕青嫂,Puzslot,パズロット,1992年2月28日,,,Sammy,,https://zh.wikipedia.org/wiki/Sammy
FC,Family Computer,传染总动员,Utsurun Desu,伝染るんです。 かわうそハワイへ行く,1992年3月6日,,,特佳丽,,https://zh.wikipedia.org/wiki/%E7%89%B9%E4%BD%B3%E9%BA%97
FC,Family Computer,魔烛,The Magic Candle,マジックキャンドル,1992年3月6日,,,Sammy,,
FC,Family Computer,围棋指南92,Igo Shinan '92,囲碁指南'92,1992年3月10日,,,Hect,,
FC,Family Computer,南梦宫高尔夫2,Namco Classic 2,ナムコクラシック2,1992年3月13日,,,南梦宫,,https://zh.wikipedia.org/wiki/%E5%8D%97%E6%A2%A6%E5%AE%AB
FC,Family Computer,火焰之纹章外传,Fire Emblem Gaiden,ファイアーエムブレム外伝,1992年3月14日,,,任天堂,https://zh.wikipedia.org/wiki/%E7%81%AB%E7%84%B0%E4%B9%8B%E7%BA%B9%E7%AB%A0%E5%A4%96%E4%BC%A0,https://zh.wikipedia.org/wiki/%E4%BB%BB%E5%A4%A9%E5%A0%82
FC,Family Computer,究极甲子园,Kyuukyoku Harikiri Koushien,究極ハリキリ甲子園,1992年3月19日,,,太东,,
FC,Family Computer,超级桃太郎电铁,Super Momotarou Dentetsu,SUPER桃太郎電鉄,1992年3月20日,,,Hudson Soft,,https://zh.wikipedia.org/wiki/Hudson_Soft
FC,Family Computer,徒步旅行游戏：面包超人,Soreike! Anpanman - Minna de Hiking Game!,それいけ!アンパンマン みんなでハイキングゲーム!,1992年3月20日,,,Angel,,
FC,Family Computer,机器人弹珠柜,Plasma Ball,プラズマ・ボール,1992年3月27日,,,Jaleco,,
FC,Family Computer,WWF摔角,WWF Wrestlemania Challenge,WWFレッスルマニアチャレンジ,1992年3月27日,,,HOT-B,,
FC,Family Computer,凯蒂猫世界,Hello Kitty World,ハローキティワールド,1992年3月27日,,,Character Soft,,
FC,Family Computer,虎克船长,Hook,Hook(フック),1992年3月27日,,,Epic-Sony,,https://zh.wikipedia.org/wiki/Epic_Records_Japan
FC,Family Computer,火炎斗球儿弹平,Honoo no Toukyuuji - Dodge Danpei,炎の闘球児 ドッジ弾平,1992年3月28日,,,Sun电子,,
FC,Family Computer,幼儿教育软体：打开吧！朋基基,Play School Soft - Hirake! Ponkikki,プレスクールソフト ひらけ!ポンキッキ,1992年4月17日,,,特佳丽,,
FC,Family Computer,舛添要一,Masuzoe Youichi - Asa Made Famicom,舛添要一 朝までファミコン,1992年4月17日,,,Coconuts Japan,,
FC,Family Computer,小厨师,Wanpaku Kokkun no Gourmet World,わんぱくコックンのグルメワールド,1992年4月24日,,,太东,,
FC,Family Computer,重力装甲：金属风暴,Juuryoku Soukou Metal Storm,重力装甲メタルストーム,1992年4月24日,,,Irem,,
FC,Family Computer,刺激赛车,Exciting Rally - World Rally Championship,エキサイティング・ラリー,1992年4月24日,,,科学技研,,
FC,Family Computer,葫芦岛之旅,Hyokkori Hyoutan Jima - Nazo no Kaizokusen,ひょっこりひょうたん島 -なぞのかいぞくせん-,1992年4月25日,,,Yutaka,,
FC,Family Computer,麻将大战,Mahjong Taisen,麻雀大戦,1992年5月20日,,,日本物产,,https://zh.wikipedia.org/wiki/%E6%97%A5%E6%9C%AC%E7%89%A9%E7%94%A2
FC,Family Computer,猜谜项目Q,Project Q,プロジェクトQ,1992年5月29日,,,Hect,,
FC,Family Computer,巴塞罗那奥运92,Capcom Barcelona '92,CAPCOMバルセロナ'92,1992年6月5日,,,卡普空,,https://zh.wikipedia.org/wiki/%E5%8D%A1%E6%99%AE%E7%A9%BA
FC,Family Computer,三国志II 霸王的大陆,Sangokushi 2 - Haou no Tairiku,三国志II 覇王の大陸,1992年6月10日,,,南梦宫,https://zh.wikipedia.org/wiki/%E4%B8%89%E5%9B%BD%E5%BF%97II_%E9%9C%B8%E7%8E%8B%E7%9A%84%E5%A4%A7%E9%99%86,
FC,Family Computer,魔法台风2,Magical Taruruuto Kun 2 - Mahou Dai Bouken,まじかるタルるートくん2 まほうだいぼうけん,1992年6月19日,,,万代,,https://zh.wikipedia.org/wiki/%E4%B8%87%E4%BB%A3
FC,Family Computer,小超人2：新的战斗,Esper Dream 2 - Aratanaru Tatakai,エスパードリーム2 新たなる戦い,1992年6月26日,,,科乐美,,
FC,Family Computer,圣铃传说,Seirei Densetsu Lickle,聖鈴伝説リックル,1992年6月26日,,,太东,,
FC,Family Computer,热血新纪录,Crash 'n the Boys: Street Challenge,びっくり熱血新記録 はるかなる金メダル,1992年6月26日,,,Technōs Japan,https://zh.wikipedia.org/wiki/%E7%86%B1%E8%A1%80%E6%96%B0%E7%B4%80%E9%8C%84,
FC,Family Computer,阴谋惑星,Seiryaku Simulation - Inbou no Wakusei - Shancara,陰謀の惑星 シャンカラ,1992年6月26日,,,アイジーエス,,
FC,Family Computer,魔鬼终结者2,Terminator 2 - Judgement Day,ターミネーター2,1992年6月26日,,,Pack-In-Video,,
FC,Family Computer,高尔夫92,The Golf '92,THE GOLF'92,1992年7月3日,,,ジーオーワン,,
FC,Family Computer,红魔冒险II/魔界村外传,Red Ariimaa 2,レッドアリーマーII,1992年7月17日,,,卡普空,,
FC,Family Computer,夏日嘉年华'92 烈火,Summer Carnival '92 - Recca,サマーカーニバル'92烈火,1992年7月17日,,,加贺电子,https://zh.wikipedia.org/wiki/%E5%A4%8F%E6%97%A5%E5%98%89%E5%B9%B4%E8%8F%AF%2792_%E7%83%88%E7%81%AB,
FC,Family Computer,动物排球赛/三立鸥杯排球赛,Sanrio Cup - Pon Pon Volley,サンリオカップポンポンバレー,1992年7月17日,,,Character Soft,,
FC,Family Computer,三目童子,Mitsume ga Tooru,三つ目がとおる,1992年7月17日,,,Tomy,https://zh.wikipedia.org/wiki/%E4%B8%89%E7%9B%AE%E7%AB%A5%E5%AD%90,https://zh.wikipedia.org/wiki/Tomy
FC,Family Computer,柏青哥大作战2,Pachinko Dai Sakusen 2,パチンコ大作戦2,1992年7月19日,,,Coconuts Japan,,
FC,Family Computer,斗魂俱乐部,Toukon Club,闘魂倶楽部,1992年7月24日,,,Jaleco,,
FC,Family Computer,魔界佣兵,Silva Saga,シルヴァ・サーガ,1992年7月24日,,,Seta,,
FC,Family Computer,魔法公主,Mahou no Princess Minky Momo - Remember Dream,魔法のプリンセス ミンキーモモ,1992年7月29日,,,Yutaka,,
FC,Family Computer,高桥名人之冒险岛III,Takahashi Meijin no Boukenjima 3,高橋名人の冒険島III,1992年7月31日,,,Hudson Soft,https://zh.wikipedia.org/wiki/%E9%AB%98%E6%A1%A5%E5%90%8D%E4%BA%BA%E4%B9%8B%E5%86%92%E9%99%A9%E5%B2%9BIII,
FC,Family Computer,七龙珠ZIII 烈战人造人,Dragon Ball Z 3 - Ressen Jinzou Ningen,ドラゴンボールZIII 烈戦人造人間,1992年8月7日,,,万代,https://zh.wikipedia.org/wiki/%E4%B8%83%E9%BE%8D%E7%8F%A0ZIII_%E7%83%88%E6%88%B0%E4%BA%BA%E9%80%A0%E4%BA%BA,
FC,Family Computer,铁鹰战士,Aces - Iron Eagle 3,エイセス・アイアンイーグル3,1992年8月7日,,,Pack-In-Video,,
FC,Family Computer,摩登原始人,The Flintstones - The Rescue of Dino & Hoppy,フリントストーン,1992年8月7日,,,太东,,
FC,Family Computer,史上最强问题王2,Gimmi a Break - Shijou Saikyou no Quiz Ou Ketteisen 2,ギミアぶれいく 史上最強のクイズ王決定戦2,1992年8月28日,,,Party Room 21[ヨネザワ],,
FC,Family Computer,月水晶,Moon Crystal,ムーンクリスタル,1992年8月28日,,,Hect,,
FC,Family Computer,德贝赛马全国版,Derby Stallion - Zenkoku Ban,ダービースタリオン 全国版,1992年8月29日,,,ASCII,,https://zh.wikipedia.org/wiki/ASCII_(%E4%BC%81%E6%A5%AD)
FC,Family Computer,超级马力欧兄弟USA,Super Mario USA,スーパーマリオUSA,1992年9月14日,,,任天堂,https://zh.wikipedia.org/wiki/%E8%B6%85%E7%BA%A7%E9%A9%AC%E9%87%8C%E5%A5%A5%E5%85%84%E5%BC%9FUSA,
FC,Family Computer,1999世纪末,"1999 - Hore, Mitakotoka! Seikimatsu",1999ほれ、見たことか!世紀末,1992年9月18日,,,Coconuts Japan,,
FC,Family Computer,梦境之王,Dream Master,ドリームマスター,1992年9月22日,,,南梦宫,,
FC,Family Computer,足球GOAL！,Goal!!,GOAL!!,1992年9月25日,,,Jaleco,,
FC,Family Computer,救助上尉,Captain Saver,キャプテンセイバー,1992年9月29日,,,太东,,
FC,Family Computer,米老鼠3,Mickey Mouse 3 - Yume Fuusen,ミッキーマウスIII 夢ふうせん,1992年9月30日,,,KEMCO,,
FC,Family Computer,英雄大战,Shaffle Fight,シャッフルファイト,1992年10月9日,,,帕布雷斯特,,https://zh.wikipedia.org/wiki/%E5%B8%95%E5%B8%83%E9%9B%B7%E6%96%AF%E7%89%B9
FC,Family Computer,亚斯基职业棒球特别版,Best Play Pro Yakyuu Special,ベストプレープロ野球スペシャル,1992年10月16日,,,ASCII,,
FC,Family Computer,点子精灵,Spot,SPOT,1992年10月16日,,,BPS,,
FC,Family Computer,顶级足球员,Top Striker,トップストライカー,1992年10月22日,,,南梦宫,,
FC,Family Computer,SD钢弹外传3：骑士钢弹物语,SD Gundam Gaiden - Knight Gundam Monogatari 3 - Densetsu no,SDガンダム外伝 ナイトガンダム物語3 伝説の騎士団,1992年10月23日,,,万代,,
FC,Family Computer,变月传说,Double Moon Densetsu,ダブルムーン伝説,1992年10月30日,,,Masaya[日本Computer System],,
FC,Family Computer,恐龙战队,Kyouryuu Sentai Juuranger,恐竜戦隊ジュウレンジャー,1992年11月6日,,,Angel,,
FC,Family Computer,汤姆和杰瑞,Tom & Jerry,トムとジェリー&タッフィー,1992年11月13日,,,Arutoron,,
FC,Family Computer,法拉利大赛车,Ferrari Grand Prix Challenge,フェラーリ Grand Prix Challenge,1992年11月13日,,,Coconuts Japan,,
FC,Family Computer,围棋指南93,Igo Shinan '93,囲碁指南'93,1992年11月20日,,,Hect,,
FC,Family Computer,哥伦布传：黄金的拂晓,Columbus - Ougon no Yoake,コロンブス,1992年11月20日,,,Tomy,,
FC,Family Computer,耀西的饼干,Yoshi no Cookie,ヨッシーのクッキー,1992年11月21日,,,任天堂,https://zh.wikipedia.org/wiki/%E8%80%80%E8%A5%BF%E7%9A%84%E9%A4%85%E4%B9%BE,
FC,Family Computer,兔宝宝历险记2,Tiny Toon Adventures 2 - Montana Land he Youkoso,タイニートゥーン アドベンチャーズ2 モンタナランドへようこそ,1992年11月27日,,,科乐美,,
FC,Family Computer,洛克人5 布鲁斯的陷阱！？,Rockman 5 - Blues no Wana!,ロックマン5 ブルースの罠!?,1992年12月4日,,,卡普空,https://zh.wikipedia.org/wiki/%E6%B4%9B%E5%85%8B%E4%BA%BA5_%E5%B8%83%E9%AD%AF%E6%96%AF%E7%9A%84%E9%99%B7%E9%98%B1%EF%BC%81%EF%BC%9F,
FC,Family Computer,将棋名鉴93,Shougi Meikan '93,将棋名鑑'93,1992年12月4日,,,Hect,,
FC,Family Computer,小小妖怪阿奇、柯奇、索奇,Chiisana Obake - Acchi Socchi Kocchi,ちいさなおばけアッチコッチソッチ,1992年12月4日,,,VAP,,https://zh.wikipedia.org/wiki/VAP
FC,Family Computer,瓦强世界3,Wagan Land 3,ワギャンランド3,1992年12月8日,,,南梦宫,,
FC,Family Computer,妖精物语,Rod Land,妖精物語ロッドランド,1992年12月11日,,,Jaleco,,
FC,Family Computer,大嘴鸟乐园,Kyoro Chan Land,キョロちゃんランド,1992年12月11日,,,ヒロ,,
FC,Family Computer,凯蒂猫的花园,Hello Kitty no Ohanabatake,ハローキティのおはなばたけ,1992年12月11日,,,Character Soft,,
FC,Family Computer,光荣圣战,Just Breed,ジャストブリード,1992年12月15日,,,史克威尔,,https://zh.wikipedia.org/wiki/%E5%8F%B2%E5%85%8B%E5%A8%81%E5%B0%94
FC,Family Computer,条码世界,Barcode World,バーコードワールド,1992年12月18日,,,Sun电子,,
FC,Family Computer,明星职棒93年度版,Famista '93,ファミスタ'93,1992年12月22日,,,南梦宫,,
FC,Family Computer,SD钢弹扭蛋战士5：宇宙世纪的战斗,SD Gundam - Gachapon Senshi 5 - Battle of Universal Century,SDガンダムワールド ガチャポン戦士5 BATTLE OF UNIVERSAL CENTURY,1992年12月22日,,,Yutaka,,
FC,Family Computer,热血格斗传说,Nekketsu Kakutou Densetsu,熱血格闘伝説,1992年12月23日,,,Technōs Japan,https://zh.wikipedia.org/wiki/%E7%86%B1%E8%A1%80%E6%A0%BC%E9%AC%A5%E5%82%B3%E8%AA%AA,
FC,Family Computer,英雄挑战,Great Battle Cyber,グレイトバトルサイバー,1992年12月25日,,,帕布雷斯特,,
FC,Family Computer,野球人生,Aa! Yakyuu Jinsei Icchokusen,嗚呼!野球人生一直線,1992年12月25日,,,Sammy,,
FC,Family Computer,怪兽超人俱乐部：怪兽大决战,Ultraman Club - Kaijuu Dai Kessen!,ウルトラマン倶楽部,1992年12月25日,,,Angel,,
FC,Family Computer,读卡机系列：七龙珠Z-天下武道会,Datach - Dragon Ball Z - Gekitou Tenkaichi Budou Kai,ドラゴンボールZ 激闘天下一武道会,1992年12月29日,,,万代,,
FC,Family Computer,动物方块2/三立鸥嘉年华会2,Sanrio Carnival 2,サンリオカーニバル2,1993年1月14日,,,Character Soft,,
FC,Family Computer,洛克人大富翁,Wily & Light no Rockboard - That's Paradise,ワイリー&ライトのロックボード ザッツパラダイス,1993年1月15日,,,卡普空,,https://zh.wikipedia.org/wiki/%E5%8D%A1%E6%99%AE%E7%A9%BA
FC,Family Computer,SD假面骑士,Kamen Rider SD - Guranshokkaa no Yabou,仮面ライダーSD グランショッカーの野望,1993年1月22日,,,Angel,,
FC,Family Computer,F1赛车,F-1 Sensation,F-1 SENSATION,1993年1月29日,,,科乐美,,https://zh.wikipedia.org/wiki/%E7%A7%91%E6%A8%82%E7%BE%8E%E6%95%B8%E4%BD%8D%E5%A8%9B%E6%A8%82
FC,Family Computer,恶魔城ROM复刻版,Akumajou Dracula(Rom),悪魔城ドラキュラ,1993年2月5日,,,科乐美,https://zh.wikipedia.org/wiki/%E6%83%A1%E9%AD%94%E5%9F%8E_(%E9%81%8A%E6%88%B2),
FC,Family Computer,青蛙大冒险,Kero Kero Keroppi no Dai Bouken 2 - Donuts Ike ha Oosawagi,けろけろけろっぴの大冒険2 ドーナツ池はおおさわぎ!,1993年2月19日,,,Character Soft,,
FC,Family Computer,战斗棒球,Battle Baseball,バトルベースボール,1993年2月19日,,,帕布雷斯特,,https://zh.wikipedia.org/wiki/%E5%B8%95%E5%B8%83%E9%9B%B7%E6%96%AF%E7%89%B9
FC,Family Computer,乌帕王子,Bio Miracle Bokutte Upa,バイオミラクル ぼくってウパ,1988年4月22日,,,科乐美,,
FC,Family Computer,职业高尔夫,Mezase Top Pro - Green ni Kakeru Yume,めざせ!トッププロ グリーンに賭ける夢,1993年3月5日,,,Jaleco,,https://zh.wikipedia.org/wiki/Jaleco
FC,Family Computer,泡泡龙2,Bubble Bobble 2,バブルボブル2,1993年3月5日,,,太东,,https://zh.wikipedia.org/wiki/%E5%A4%AA%E6%9D%B1
FC,Family Computer,美式曲棍球,USA Ice Hockey in FC,USA ICE HOCKEY in FC,1993年3月6日,,,Jaleco,,
FC,Family Computer,星球大战：帝国大反击,Star Wars - The Empire Strikes Back,スターウォーズ 帝国の逆襲,1993年3月12日,,,Victor音乐产业,,
FC,Family Computer,大迷路,Pyokotan no Dai Meiro,ぴょこたんの大迷路,1993年3月19日,,,Sun电子,,
FC,Family Computer,竞马大赛场,Casino Derby,カジノダービー,1993年3月19日,,,Party Room 21[ヨネザワ],,
FC,Family Computer,星之卡比 梦之泉物语,Hoshi no Kirby - Yume no Izumi no Monogatari,星のカービィ 夢の泉の物語,1993年3月23日,,,任天堂,https://zh.wikipedia.org/wiki/%E6%98%9F%E4%B9%8B%E5%8D%A1%E6%AF%94_%E5%A4%A2%E4%B9%8B%E6%B3%89%E7%89%A9%E8%AA%9E,https://zh.wikipedia.org/wiki/%E4%BB%BB%E5%A4%A9%E5%A0%82
FC,Family Computer,苍狼与白鹿 元朝秘史,Aoki Ookami to Shiroki Mejika - Genchou Hishi,蒼き狼と白き牝鹿・元朝秘史,1993年3月25日,,,光荣,https://zh.wikipedia.org/wiki/%E8%8B%8D%E7%8B%BC%E4%B8%8E%E7%99%BD%E9%B9%BF_%E5%85%83%E6%9C%9D%E7%A7%98%E5%8F%B2,https://zh.wikipedia.org/wiki/%E5%85%89%E6%A6%AE%E5%85%AC%E5%8F%B8
FC,Family Computer,兵蜂2：拯救西那蒙博士,Moero TwinBee - Cinnamon Hakase wo Sukue!,もえろツインビー シナモン博士を救え!,1993年3月26日,,,科乐美,,
FC,Family Computer,火炎斗球儿-弹平2,Honoo no Toukyuuji - Dodge Danpei 2,炎の闘球児 ドッジ弾平2,1993年3月26日,,,Sun电子,,
FC,Family Computer,爱先生,Ai Sensei no Oshiete - Watashi no Hoshi,愛先生のO・SHI・E・TEわたしの星,1993年3月26日,,,Irem,,https://zh.wikipedia.org/wiki/Irem
FC,Family Computer,快杰洋枪3,Kaiketsu Yanchamaru 3 - Taiketsu! Zouringen,快傑ヤンチャ丸3 対決!ゾウリンゲン,1993年3月30日,,,Irem,,
FC,Family Computer,读卡机系列：SD钢弹-钢弹大战,Datach - SD Gundam - Gundam Wars,データック SDガンダム ガンダムウォーズ,1993年4月23日,,,万代,,https://zh.wikipedia.org/wiki/%E4%B8%87%E4%BB%A3
FC,Family Computer,读卡机系列：超人俱乐部,Datach - Ultraman Club - Supokon Fight!,ウルトラマン倶楽部 スポ根ファイト!,1993年4月23日,,,万代,,
FC,Family Computer,杰森一家,The Jetsons - Cogswell's Caper!,ジェットソン Cogswell's Caper!,1993年4月23日,,,太东,,
FC,Family Computer,唐老鸭梦冒险2,Duck Tales 2,ダックテイルズ2,1993年4月23日,,,卡普空,https://zh.wikipedia.org/wiki/%E5%94%90%E8%80%81%E9%B8%AD%E6%A2%A6%E5%86%92%E9%99%A92,
FC,Family Computer,热血足球2,Kunio Kun no Nekketsu Soccer League,くにおくんの熱血サッカーリーグ,1993年4月23日,,,Technōs Japan,,https://zh.wikipedia.org/wiki/Techn%C5%8Ds_Japan
FC,Family Computer,猩猩男,Gorilla Man,ゴリラーマン,1993年4月28日,,,Party Room 21[ヨネザワ],,
FC,Family Computer,机器人战斗,Joy Mecha Fight,ジョイメカファイト,1993年5月21日,,,任天堂,,
FC,Family Computer,Mighty 快打旋风,Mighty Final Fight,マイティファイナルファイト,1993年6月11日,,,卡普空,https://zh.wikipedia.org/wiki/Mighty_%E5%BF%AB%E6%89%93%E6%97%8B%E9%A3%8E,
FC,Family Computer,帕青夫君5,Pachio Kun 5,パチ夫くん5,1993年6月18日,,,Coconuts Japan,,
FC,Family Computer,J联盟战斗足球,J League Fighting Soccer - The King of Ace Strikers,Jリーグファイティングサッカー,1993年6月19日,,,アイジーエス,,
FC,Family Computer,魔力大马：深渊的大妖,Ushio to Tora - Shinen no Daiyou,うしおととら 深淵の大妖,1993年7月9日,,,Yutaka,,
FC,Family Computer,魔法气泡,Puyo Puyo,ぷよぷよ,1993年7月23日,,,德间书店,,https://zh.wikipedia.org/wiki/%E5%BE%B7%E9%96%93%E6%9B%B8%E5%BA%97
FC,Family Computer,FC原人,FC Genjin - Freakthoropus Computerus,FC原人,1993年7月30日,,,Hudson Soft,https://zh.wikipedia.org/wiki/PC%E5%8E%9F%E4%BA%BA,https://zh.wikipedia.org/wiki/Hudson_Soft
FC,Family Computer,甲龙传说外传,Kouryuu Densetsu Villgust Gaiden,甲竜伝説ヴィルガスト外伝,1993年7月30日,,,Angel,,
FC,Family Computer,七龙珠Z外传 赛亚人灭绝计划,Dragon Ball Z Gaiden - Saiya Jin Zetsumetsu Keikaku,ドラゴンボールZ外伝 サイヤ人絶滅計画,1993年8月6日,,,万代,https://zh.wikipedia.org/wiki/%E4%B8%83%E9%BE%8D%E7%8F%A0Z%E5%A4%96%E5%82%B3_%E8%B3%BD%E4%BA%9E%E4%BA%BA%E6%BB%85%E7%B5%95%E8%A8%88%E7%95%AB,
FC,Family Computer,蜡笔小新,Crayon Shin Chan - Ora to Poi Poi,クレヨンしんちゃん オラとポイポイ,1993年8月27日,,,万代,,
FC,Family Computer,读卡机系列：蜡笔小新,Datach - Crayon Shin Chan - Ora to Poi Poi,クレヨンしんちゃん オラとポイポイ（データック版）,1993年8月27日,,,万代,,
FC,Family Computer,帕青哥冒险2,Pachi Slot Adventure 2 - Sorotta Kun no Pachi Slot Tanteidan,パチスロアドベンチャー2 そろっ太くんのパチスロ探偵団,1993年9月17日,,,Coconuts Japan,,
FC,Family Computer,俄罗斯方块Flash,Tetris Flash,テトリスフラッシュ,1993年9月21日,,,任天堂,https://zh.wikipedia.org/wiki/%E4%BF%84%E7%BD%97%E6%96%AF%E6%96%B9%E5%9D%97Flash,
FC,Family Computer,读卡机系列：幽游白书爆斗暗黑武术会,Datach - Yuu Yuu Hakusho - Bakutou Ankoku Bujutsu Kai,幽遊白書 爆闘暗黒武術会,1993年10月22日,,,万代,,
FC,Family Computer,大力工头2：红毛丹的反击,Daiku no Gen San 2 - Akage no Dan no Gyakushuu,大工の源さん2 赤毛のダンの逆襲,1993年10月22日,,,Irem,,
FC,Family Computer,铁拳对钢拳,Rokudenashi Blues,ろくでなしBLUES,1993年10月29日,,,万代,,
FC,Family Computer,洛克人6 史上最大战争！！,Rockman 6 - Shijou Saidai no Tatakai!!,ロックマン6 史上最大の戦い!!,1993年11月5日,,,卡普空,https://zh.wikipedia.org/wiki/%E6%B4%9B%E5%85%8B%E4%BA%BA6_%E5%8F%B2%E4%B8%8A%E6%9C%80%E5%A4%A7%E6%88%B0%E7%88%AD%EF%BC%81%EF%BC%81,
FC,Family Computer,读卡机系列：机器人大战,Datach - Battle Rush - Build Up Robot Tournament,バトルラッシュ Build Up Robot Tournament,1993年11月13日,,,ビーアイ,,
FC,Family Computer,人生游戏,RPG Jinsei Game,RPG人生ゲーム,1993年11月26日,,,特佳丽,,https://zh.wikipedia.org/wiki/%E7%89%B9%E4%BD%B3%E9%BA%97
FC,Family Computer,明星职棒94年度版,Famista '94,ファミスタ'94,1993年12月1日,,,南梦宫,,https://zh.wikipedia.org/wiki/%E5%8D%97%E6%A2%A6%E5%AE%AB
FC,Family Computer,青蛙方块,Keroppi to Keroriinu no Splash Bomb!,けろっぴとけろりーぬのスプラッシュボム!,1993年12月1日,,,Character Soft,,
FC,Family Computer,松鼠大作战2,Chip to Dale no Dai Sakusen 2,チップとデールの大作戦2,1993年12月10日,,,卡普空,https://zh.wikipedia.org/wiki/%E6%9D%BE%E9%BC%A0%E5%A4%A7%E4%BD%9C%E6%88%982,
FC,Family Computer,和月野兔在一起,Nakayoshi to Issho,なかよしといっしょ,1993年12月10日,,,Yutaka,,
FC,Family Computer,桃太郎传说外传,Momotarou Densetsu Gaiden,桃太郎伝説外伝,1993年12月17日,,,Hudson Soft,https://zh.wikipedia.org/wiki/%E6%A1%83%E5%A4%AA%E9%83%8E%E4%BC%A0%E8%AF%B4%E5%A4%96%E4%BC%A0,
FC,Family Computer,围棋指南94,Igo Shinan '94,囲碁指南'94,1993年12月17日,,,Hect,,
FC,Family Computer,热血篮球,Nekketsu! Street Basket - Ganbare Dunk Heroes,熱血!すとりーとバスケット,1993年12月22日,,,Technōs Japan,https://zh.wikipedia.org/wiki/%E7%83%AD%E8%A1%80%E7%AF%AE%E7%90%83,
FC,Family Computer,塞尔达传说ROM复刻版,Zelda no Densetsu 1 - The Hyrule Fantasy,ゼルダの伝説1,1994年2月19日,,,任天堂,https://zh.wikipedia.org/wiki/%E5%A1%9E%E5%B0%94%E8%BE%BE%E4%BC%A0%E8%AF%B4_(%E6%B8%B8%E6%88%8F),https://zh.wikipedia.org/wiki/%E4%BB%BB%E5%A4%A9%E5%A0%82
FC,Family Computer,瓦力欧之森,Wario no Mori,ワリオの森,1994年2月19日,,,任天堂,https://zh.wikipedia.org/wiki/%E7%93%A6%E9%87%8C%E5%A5%A5%E4%B9%8B%E6%A3%AE,
FC,Family Computer,最终幻想I·II合辑,Final Fantasy 1 & 2,ファイナルファンタジーI・II,1994年2月27日,,,史克威尔,,https://zh.wikipedia.org/wiki/%E5%8F%B2%E5%85%8B%E5%A8%81%E5%B0%94
FC,Family Computer,读卡机系列：J联盟足球,Datach - J League Super Top Players,Jリーグ スーパートッププレイヤーズ,1994年4月22日,,,万代,,https://zh.wikipedia.org/wiki/%E4%B8%87%E4%BB%A3
FC,Family Computer,帕青哥冒险3,Pachi Slot Adventure 3 - Bitaoshii 7 Kenzan!,パチスロアドベンチャー3 ビタオシー7見参,1994年5月13日,,,Coconuts Japan,,
FC,Family Computer,J联盟足球,J League Winning Goal,Jリーグウイニングゴール,1994年5月27日,,,Electronic Arts Victor,https://zh.wikipedia.org/wiki/J%E8%81%94%E7%9B%9F%E8%B6%B3%E7%90%83,https://zh.wikipedia.org/wiki/%E7%BE%8E%E5%9B%BD%E8%89%BA%E7%94%B5
FC,Family Computer,高桥名人之冒险岛IV,Takahashi Meijin no Boukenjima 4,高橋名人の冒険島IV,1994年6月24日,,,Hudson Soft,https://zh.wikipedia.org/wiki/%E9%AB%98%E6%A1%A5%E5%90%8D%E4%BA%BA%E4%B9%8B%E5%86%92%E9%99%A9%E5%B2%9BIV,https://zh.wikipedia.org/wiki/Hudson_Soft
